学校名称,属性,性质,类型,学校地址,联系电话,省级位置,地级位置,县级位置,官网
中国人民大学附属中学,全国重点,公办,中学,北京市海淀区中关村大街37号,010-62512094  62515003,北京市,北京市,海淀区,http://www.rdfz.cn
河北衡水中学,全国重点,公办,中学,河北省衡水市英才路228号/南门口街128号  （东校区）程富路6号  　,0318-2126903,河北省,衡水市,桃城区,http://www.hbhz.net
长沙市长郡中学,省重点,公办,中学,长沙市黄兴南路309号,0731-5815387  邮编：410002　地址：长沙市黄兴南路309号,湖南省,长沙市,,http://www.changjun.com.cn/
华中师范大学第一附属中学,全国重点,公办,中学,湖北省武汉市东湖高新技术开发区汤逊湖北路特1号,027—87920883,湖北省,武汉市,东西湖区,http://www.hzsdyfz.com.cn/
华中师范大学第二附属中学,,,,卓刀泉路２８１号,(027)87803709,湖北省武汉市,武汉市,,
北京师范大学附属实验中学,市重点,公办,中学,北京市西城区二龙路甲14号,010-66036431,北京市,北京市,西城区,https://www.sdsz.com.cn/
东北师范大学附属中学,省重点,公办,中学,吉林省长春市自由大路506号,0431-85608927 85677272,吉林省,长春市,朝阳区,http://www.msannu.cn/
北京市十一学校,市重点,公办,中学,北京市海淀区玉泉路66号,010-68272381,北京市,北京市,海淀区,http://www.bjshiyi.org.cn
长沙市雅礼中学,省重点,公办,中学,湖南省长沙市雨花区劳动西路428号,0731-5532038,湖南省,长沙市,雨花区,http://www.yali.hn.cn/yalinew
清华大学附属中学,全国重点,公办,中学,北京市海淀区圆明园东路,010-62789541,北京市,北京市,海淀区,https://www.qhfz.edu.cn/
北京师范大学附属第二中学,市重点,公办,中学,北京市西城区新街口外大街12号,010-62354504,北京市,北京市,西城区,http://www.shsbnu.net/cms/832/sdmh/index.shtml
中央民族大学附属中学,市重点,公办,中学,北京市海淀区法华寺甲5号,010-68938228,北京市,北京市,海淀区,http://www.mdfz.com.cn
西北工业大学附属中学,省重点,公办,中学,陕西省西安市碑林区友谊西路127号,029 - 88492401 029 - 88494872,陕西省,西安市,碑林区,http://www.xgdfz.com/
成都市第七中学,省重点,公办,中学,四川省高新区剑南大道中段盛安街（高新校区）/林荫中街1号（林荫校区）,028-85483869  028-69152577,四川省,成都市,高新区,http://www.cdqz.net/
湖南师范大学附属中学,省重点,公办,中学,湖南长沙岳麓区桃子湖路48号,0731-88885855、88886669、88882315,湖南省,长沙市,岳麓区,https://www.hnsdfz.org/
西安高新第一中学,省重点,民办,中学,陕西省西安市高新区唐延路23号（西安海关南侧）,029-88323755,陕西省,西安市,高新区,http://www.gxyzh.com/
浙江省镇海中学,省重点,公办,中学,浙江省宁波市镇海区鼓楼东路32号,0574-86272378,浙江省,宁波市,镇海区,http://www.zhzx.net.cn
浙江省杭州市第二中学,省重点,公办,中学,杭州市建国中路36号,0571-87072869,浙江省,杭州市,上城区,http://www.hz2hs.cn/
四川绵阳中学,省重点,公办,中学,四川省绵阳市剑门路西段26号,0816-2366440,四川省,绵阳市,涪城区,http://www.scmyzx.com.cn
武汉市第二中学,省重点,公办,中学,武汉市中山大道1469号,027-83801823,湖北省,武汉市,江岸区,http://www.whez.com.cn/
大连市第二十四中学,省重点,公办,中学,辽宁省大连市中山区解放路217号,0411-39912434 0411-82307507,辽宁省,大连市,中山区,https://www.dlhs24.com.cn/
北京市第五中学,市重点,公办,中学,北京市东城区细管胡同13号,010-64042971/64040729,北京市,北京市,东城区,
西安市铁一中学,省重点,公办,中学,陕西省西安市友谊东路120号,029-82327079  029-82328008,陕西省,西安市,碑林区,http://www.xatyz.com/
复旦大学附属中学,市重点,公办,中学,上海市杨浦区国权路383号,021-65640560,上海市,上海市,杨浦区,www.fdfz.cn/index.aspx
北京市第八中学,市重点,公办,中学,北京市西城区学院小街2号,010-66034661,北京市,北京市,西城区,https://www.no8ms.bj.cn/
北京市第二中学,市重点,公办,中学,北京市东城区内务部街15号,010-65274375,北京市,北京市,东城区,http://www.bjn2ms.net
首都师范大学附属中学,市重点,公办,中学,北京市海淀区北洼路33号,（010）68454176,北京市,北京市,海淀区,https://www.cnuhs.cn/
东北育才中学,省重点,公办,中学,辽宁省沈阳市和平区南一马路100号,024-23783945,辽宁省,沈阳市,和平区,https://www.neyc.cn/
天津市第一中学,市重点,公办,中学,天津市和平区西安道117号,022-23391126,天津市,天津市,和平区,http://tjyz.tj.edu.cn/
天津市耀华中学,全国重点,公办,中学,天津市和平区南京路106号,022-23394521,天津市,天津市,和平区,http://www.yaohua.org
本溪市高级中学,省重点,公办,中学,辽宁省本溪市平山区东明路91号,0414-3286000,辽宁省,本溪市,平山区,https://jyj.benxi.gov.cn/bxsgjzx/
襄阳市第五中学,省重点,公办,中学,湖北省襄阳市高新区邓城大道66号,0710-3530727,湖北省,襄阳市,襄州区,http://www.xf5z.com
天津市南开中学,全国重点,公办,中学,天津市南开区南开四马路22号,022—27483391,天津市,天津市,南开区,
华南师范大学附属中学,全国重点,民办,中学,广东省广州市天河区中山大道西1号,020-38630561 38630511,广东省,广州市,天河区,http://www.hsfz.net.cn/homepage/index.jsp
湖南长沙市第一中学,省重点,公办,中学,湖南省长沙市开福区清水塘路53号,（0731）82774885,湖南省,长沙市,开福区,http://www.hnfms.com.cn/
天津市杨村第一中学,市重点,公办,中学,天津市武清新城南东路282号,022－59689168  82171242,天津市,天津市,武清区,
衡水市第二中学,省重点,公办,中学,河北省衡水市问津北街98号/衡水市新华西路256号,0318-2135271 2817707,河北省,衡水市,,http://www.hsez.net/
北京市第一七一中学,普通,公办,中学,北京市东城区和平里北街8号,010-64279121,北京市,北京市,东城区,http://www.171sch.com/
浙江省温州中学,省重点,公办,中学,浙江省温州市瓯海区梧田大道2号,0577-86760802　,浙江省,温州市,瓯海区,http://www.wzms.com/
北京市第八十中学,区重点,公办,中学,北京市朝阳区望京北路甲16号,010-58047000-7009（校长）010-58047000-7023（教学处）,北京市,北京市,朝阳区,http://www.bj80.com/
北京市第十二中学,普通,公办,中学,北京市丰台区益泽路15号,（010）63807904,北京市,北京市,丰台区,http://www.bj12hs.com.cn/
西北师范大学附属中学,省重点,公办,中学,甘肃省兰州市安宁区十里店南街21号,（0931）7752517,甘肃省,兰州市,安宁区,http://www.nwnusch.cn/
北京市第十三中学,市重点,公办,中学,北京市第十三中学坐落在西城区柳荫街27号,010 - 6185970,北京市,北京市,西城区,http://www.bj13zhx.com/
景山学校,市重点,公办,中学,北京市东城区灯市口大街53号,010-65252555,北京市,北京市,东城区,http://jscy.bjchyedu.cn/
襄阳市第四中学,省重点,公办,中学,湖北省襄阳市襄城东街26号,0710-3511057（校办） 0710-3553666（招办）,湖北省,襄阳市,襄州区,www.xf4hs.com
北京市八一中学,市重点,公办,中学,北京市海淀区苏州街29号,010-62566896,北京市,北京市,海淀区,https://byxx.bjhdedu.cn/
汇文中学,市重点,公办,中学,北京市东城区培新街6号,010-67117375,北京市,北京市,东城区,http://www.huiwen.edu.cn/
北京师范大学附属中学,省重点,公办,中学,北京市西城区南新华街18号,010-63014680-207,北京市,北京市,西城区,https://www.bjsdfz.com/
吉林大学附属中学,省重点,公办,中学,吉林省长春市南关区解放大路3059号,0431-88499352,吉林省,长春市,,http://fszx.jlu.edu.cn/
交通大学附属中学,普通,公办,中学,上海市宝山区殷高路42号,021-65911010,上海市,上海市,宝山区,https://fz.sjtu.edu.cn/
哈尔滨市第三中学,省重点,公办,中学,黑龙江省哈尔滨市南岗区果戈里大街415号,0451-53636578,黑龙江,哈尔滨市,南岗区,
福州第一中学,省重点,公办,中学,福建省福州市东街附近,0591-87551426,福建省,福州市,鼓楼区,http://www.fzyz.net/#/
北京市一六一中学,市重点,公办,中学,北京市西城区西长安街1号,010-66054717,北京市,北京市,西城区,http://www.bj161zhx.cn/
乐成公立寄宿学校,市重点,公办,中学,浙江省温州市乐清市城南街道朋岙村,0577-27882222 27886111 27886101,浙江省,温州市,乐清市,
云南师范大学附属中学,省重点,公办,中学,云南省昆明市高新开发区洪源路36号,0871-68312226  0871-68313609,云南省,昆明市,,https://www.ynsdfz.net/
合肥市第一中学,省重点,公办,中学,安徽省合肥市滨湖新区西藏路2356号,0551-2911006 180-9663-1182,安徽省,合肥市,包河区,http://www.hfyz.net/
辽宁省实验中学,省重点,公办,中学,辽宁省沈阳市皇姑区黄河南大街 89 号/于洪区西江北街117号（北校）,024-86233600  024-89293107,辽宁省,沈阳市,皇姑区,http://www.lnsyzx.com/Index.html
牛栏山一中,市重点,公办,中学,北京市顺义区顺安路99号,010 - 81480932,北京市,北京市,顺义区,http://www.nlsyz.com.cn/
武汉外国语学校,全国重点,公办,中学,武汉市经济技术开发区龙阳大道太子湖1号,027 - 84897315 85764750,湖北省,武汉市,江汉区,http://www.wfls.com.cn/
宁夏银川一中,省重点,公办,中学,宁夏银川市兴庆区民族南街656号,0951－4102908  0951-4104858,宁夏,银川市,兴庆区,http://www.ycyz.com.cn/index.jsp
福建省厦门双十中学,省重点,公办,中学,福建省厦门市镇海路33号/厦门市湖里区枋湖路789,0592-2117888,福建省,厦门市,思明区,http://www.sszx.cn/
乌鲁木齐市第一中学,省重点,公办,中学,新疆乌鲁木齐市健康路一巷9号,9912826965,新疆,乌鲁木齐市,天山区,
成都外国语学校,省重点,民办,中学,成都市高新西区百草路东段35号,028-87820768、87822188,四川省,成都市,高新区,http://www.cfls.net.cn/
福建省厦门第一中学,省重点,公办,中学,福建省厦门市思明区文园路93号,0592-2021908,福建省,厦门市,思明区,https://xmyz.xmedu.cn/index.html
北京市第十五中学,市重点,公办,中学,北京市西城区育新街2号,010-63520235,北京市,北京市,西城区,
广渠门中学,区重点,公办,中学,北京市白桥大街甲1号,010-67183773,北京市,北京市,东城区,
延安中学,市重点,公办,中学,上海市长宁区茅台路1111号,021-62901188,上海市,上海市,长宁区,http://shyahs.chneic.sh.cn/WebSite.Net/
大庆实验中学,省重点,公办,中学,大庆市高新技术产业开发园区秀水路6号,0459—8156179,黑龙江,大庆市,,
宝坻区第一中学,市重点,公办,中学,天津市宝坻区海滨街北城路东段1号,022-29228996,天津市,天津市,宝坻区,
贵阳市第一中学,省重点,公办,中学,贵州省贵阳市金阳新区兴筑东路1号,0851-7986565,贵州省,贵阳市,乌当区,https://www.gyyz.com.cn/
天津市静海县第一中学,市重点,公办,中学,天津市静海县地纬路中段,022-68600800,天津市,天津市,静海区,
新疆生产建设兵团第二中学,省重点,公办,中学,新疆乌鲁木齐市五星南路376号,0991-2633933  0991-2630704,新疆,乌鲁木齐市,,
海南中学,普通,公办,中学,上海市虹口区百官街1号,63242016,上海市,上海市,虹口区,https://www.haizhong.edu.cn/web/pages/page/index.jsp
曲靖第一中学,省重点,公办,中学,云南省曲靖市麒麟区内环东路86号,0874-3122416,云南省,曲靖市,麒麟区,
呼和浩特市第二中学,省重点,公办,中学,内蒙古呼和浩特市呼伦南路1号,0471-6920044,内蒙古,呼和浩特市,,
汕头市金山中学,省重点,公办,中学,广东省汕头市石海关顶,0754-87374368,广东省,汕头市,濠江区,https://www.stjszx.net/
广东广雅中学,省重点,公办,中学,广东省广州市荔湾区西湾路1号,020-81261232,广东省,广州市,荔湾区,http://www.gyzx.edu.cn/
广州市执信中学,省重点,公办,中学,广州市越秀区执信南路152号,020-87778382,广东省,广州市,越秀区,http://www.zhxhs.net/
汕头市潮阳实验学校,省重点,民办,中学,广东省汕头市潮阳区棉北街道城北四路东段,0754-88726528 88722222,广东省,汕头市,潮阳区,https://www.cysy.com.cn/
郑州市第一中学,省重点,公办,中学,郑州市中原西路182号,0371-67882208,河南省,郑州市,中原区,http://www.zzyz.com.cn/
河南省实验中学,省重点,公办,中学,河南省郑州市金水区农业路10号（河南博物院西200米）,0371-63943667,河南省,郑州市,金水区,http://syzx.haedu.gov.cn/
邯郸县第一高级中学,市重点,公办,中学,河北省邯郸市邯郸县雪驰路96号,0310-8015396,河北省,邯郸市,邯郸县,
南阳市第一中学,省重点,公办,中学,河南省南阳市建设东路1366号,0377-63035139,河南省,南阳市,,http://www.nyyz.ha.cn/
河南省开封高级中学,省重点,公办,中学,河南省开封铁路北沿街223号,0378-5951776,河南省,开封市,,http://www.kaigao.com/?S=uu6kpbsvnaq
安阳市第一中学,省重点,公办,中学,河南省安阳市文明大道327号,0372-2988976,河南省,安阳市,,http://www.ayyz.cn/
林州市第一中学,省重点,公办,中学,河南省安阳市林州市龙山路中路35号,0372-6811510,河南省,安阳市,林州市,http://www.lzsdyzx.cn/
河南师范大学附属中学,省重点,公办,中学,河南省新乡市建设路164号,0373-3383049,河南省,新乡市,,http://www.hnsdfz.cn/main.htm
河南省信阳高级中学,省重点,公办,中学,河南省信阳市浉河区文化街6号,0376-6682186,河南省,信阳市,狮河区,http://www.xygz.com.cn/
天津市杨村一中,市重点,公办,中学,天津市武清新城南东路282号,022－59689168  82171242,天津市,天津市,武清区,
天津市新华中学,全国重点,公办,中学,天津市河西区马场道99号,022-23288278,天津市,天津市,河西区,http://xhzx.tj.edu.cn/
天津市第四中学,市重点,公办,中学,天津市河西区隆昌路11号,022-28323157,天津市,天津市,河西区,
天津市第十二中学,,,,常德道58号,,天津市,天津市,,
天津市宝坻区第一中学,市重点,公办,中学,天津市宝坻区海滨街北城路东段1号,022-29228996,天津市,天津市,宝坻区,
天津市静海区第一中学,市重点,公办,中学,天津市静海县地纬路中段,022-68600800,天津市,天津市,静海区,
曲靖市第一中学,省重点,公办,中学,云南省曲靖市麒麟区内环东路86号,0874-3122416,云南省,曲靖市,麒麟区,
昆明市第一中学,省重点,公办,中学,云南省昆明市五华区西昌路233号,0871-5325970 15887078301,云南省,昆明市,五华区,
玉溪市第一中学,省重点,公办,中学,云南省玉溪市太极路21号,0877-2024003  0877-8882095,云南省,玉溪市,,
昆明市第三中学,省重点,公办,中学,云南昆明市书林街131号,（0871）3103131,云南省,昆明市,,https://www.kmsz.net/#/
大理市下关第一中学,省重点,公办,中学,云南省大理市下关龙溪路69号,0872—2121847,云南省,大理,大理市,
昭通市第一中学,省重点,公办,中学,云南省昭通市昭阳区学生路181号,0870-2168019,云南省,昭通市,昭阳区,
腾冲市第一中学,省重点,公办,中学,云南省腾冲县腾越镇山源社区沙家巷小区1号,0875-5131137,云南省,保山市,腾冲县,
云天化中学,省重点,民办,中学,云南省昭通市水富县,0870-8667010,云南省,昭通市,水富县,
临沧市第一中学,省重点,公办,中学,云南省临沧市灵山路1号,0883-2123988,云南省,临沧市,,http://www.lcyzh.com/
重庆市第八中学,市重点,公办,中学,重庆市沙坪坝区小龙坎正街96号,023-61703000,重庆市,重庆市,沙坪坝区,https://cqbz.cn/
西南大学附属中学,市重点,公办,中学,重庆市北碚区杜家街43号,023-68356002,重庆市,重庆市,北碚区,https://cqbz.cn/
重庆市育才中学校,市重点,公办,中学,重庆市九龙坡区谢家湾正街92号,023-68822468 023-86051188,重庆市,重庆市,九龙坡区,http://www.cqyc.com
重庆市第十一中学校,市重点,公办,中学,重庆市南岸区弹子石,023-62511889,重庆市,重庆市,南岸区,http://www.cqsyz.com/
江苏省天一中学,省重点,公办,中学,江苏省无锡锡山区东亭二泉中路18号,0510-88223001,江苏省,无锡市,锡山区,http://www.tyzx.com.cn/
江苏省常州高级中学,省重点,公办,中学,江苏省常州市罗汉路8号,0519-88111202,江苏省,常州市,,http://www.scz.czedu.cn/
江苏省海门中学,省重点,公办,中学,江苏省海门市海门镇育才路1号,0513-82212218,江苏省,南通市,海门市,http://www.jsshmzx.com/
无锡市大桥实验学校,市重点,民办,中学,江苏省无锡市学前街38号/江苏无锡菱湖大道和具区路交界口,0510-82758311,江苏省,无锡市,滨湖区,https://www.daqiao.org.cn/
南京市金陵中学,省重点,公办,中学,江苏省南京市鼓楼区中山路169号,025-84786227  025-84786296,江苏省,南京市,鼓楼区,http://www.jlhs.net/index2.jsp
江苏省淮阴中学,省重点,公办,中学,江苏省淮安市解放东路99号,0517-83518888,江苏省,淮安市,淮阴区,http://www.huaizhong.com.cn/
江苏省海安高级中学,省重点,公办,中学,江苏海安市新华东路1号,0513-88826048,江苏省,南通市,海安县,http://www.hazx.org.cn/
江西师范大学附属中学,省重点,公办,中学,江西省南昌市青山湖区北京西路194号,0791-8507088,江西省,南昌市,青山湖区,http://www.jxsdfz.com/
临川市第一中学,省重点,公办,中学,江西省抚州市临川区上顿渡镇建设路205号,0794-8441447   0794-8430071,江西省,抚州市,临川区,http://www.lcyz.net/
南昌市第二中学,普通,公办,中学,南昌市苏圃路1号,,江西省,南昌市,南昌县,http://2z.nceduc.cn/
临川第二中学,省重点,公办,中学,江西省抚州临川区上顿渡镇龙津路67号,0794-8441448,江西省,抚州市,临川区,http://www.lcez.com.cn/
九江市第一中学,省重点,公办,中学,江西省九江市滨湖路1号,0792-8238623,江西省,九江市,九江县,http://www.jjyz.cn/
南昌县莲塘一中,省重点,公办,中学,江西省南昌县莲塘镇澄湖西路1566号,0791-5715981,江西省,南昌市,南昌县,http://www.ncxltyz.cn/
吉安市第一中学,省重点,公办,中学,江西省吉安市吉州区沿江路97-1号,0796---8263254,江西省,吉安市,吉州区,
江西省鹰潭市第一中学,省重点,公办,中学,江西省鹰潭市胜利西路8号,0701-6221343  0701—6289277,江西省,鹰潭市,,https://www.ytsyz.com.cn/
余江区第一中学,省重点,私立,中学,江西省鹰潭市余江县白塔路,0701-5885968,江西省,鹰潭市,余江县,http://www.jxyjyz.com/
新余市第一中学,普通,公办,中学,江西省新余市沿江路358号,0790-6660011/0790-6660039,江西省,新余市,,
成都市石室中学,省重点,公办,中学,四川省成都市青羊区文庙前街93号,028-86119108 028-86139976,四川省,成都市,青羊区,https://www.cdshishi.net/
四川省绵阳中学,省重点,公办,中学,四川省绵阳市剑门路西段26号,0816-2366440,四川省,绵阳市,涪城区,http://www.scmyzx.com.cn/pcweb/index.htm
成都市树德中学,省重点,公办,中学,成都市宁夏街树德里４号,028-86697520,四川省,成都市,青羊区,http://www.sdzx.net/
成都市外国语学校,省重点,民办,中学,成都市高新西区百草路东段35号,028-87820768、87822188,四川省,成都市,高新区,http://www.cfls.net.cn/
四川省绵阳南山中学,省重点,公办,中学,四川省绵阳市南塔路3号,0816-2862314,四川省,绵阳市,,http://www.scmyns.com/
绵阳东辰国际学校,市重点,民办,中学,四川省绵阳市科创园区,0816-2324410,四川省,绵阳市,,http://www.mydcis.net/
成都实验外国语学校,市重点,民办,中学,成都市羊犀线高新西区百草路,028-87855781  028-87857591,四川省,成都市,温江区,http://www.cefls.cn/
四川省南充高级中学,省重点,公办,中学,四川省南充市涪江路27号,0817-2224270,四川省,南充市,,http://www.scncgz.net/
绵阳中学实验学校,市重点,公办,中学,四川省绵阳市园艺山教育园区,0816-8119666 / 8119777,四川省,绵阳市,涪城区,http://www.myzxsx.com/
银川市第一中学,省重点,公办,中学,宁夏银川市兴庆区民族南街656号,0951－4102908  0951-4104858,宁夏,银川市,兴庆区,http://www.ycyz.com.cn/index.jsp
银川市第二中学,省重点,公办,中学,宁夏回族自治区银川市兴庆区中山北街英才巷151号,18209510188,宁夏,银川市,兴庆区,http://www.nxyc2z.com/site/yinchuanindex/index.html
六盘山高级中学,省重点,公办,中学,宁夏银川市金凤区长城中路423号,0951-751861051,宁夏,银川市,金凤区,http://www.nxlpsgz.com/
固原市第一中学,市重点,公办,中学,宁夏固原市文化街8号,0954-7285516,宁夏,固原市,,
石嘴山市第三中学,市重点,公办,中学,宁夏石嘴山市大武口区台湾北路199号,0952-5815333,宁夏,石嘴山市,大武口区,https://sz.nxeduyun.com/
吴忠高级中学,省重点,公办,中学,"宁夏吴忠市市区文卫街中段与朝阳街交 	      宁夏吴忠市利通区明珠西路439号 汇处","0953—2121561 	      0953-2039855",宁夏,吴忠市,,
银川唐徕回民中学,省重点,公办,中学,宁夏回族自治区银川市兴庆区,"0951-6085027,0951-5045303",宁夏,银川市,兴庆区,http://www.tanglai.com/
宁夏平罗中学,省重点,公办,中学,宁夏回族自治区石嘴山市平罗县团结西路185,0952-6093109,宁夏,石嘴山市,平罗县,
中卫市第一中学,市重点,公办,中学,宁夏中卫市沙坡头区中央大道,0955-7012582,宁夏,中卫市,,http://www.nxzw.gov.cn/zwgk/bmxxgkml/sjyj/fdzdgknr_49236/gkxx_49237/zsdw_49240/202107/t20210726_2941403.html
石嘴山市第一中学,,,,,,宁夏,石嘴山市,,
华东师范大学第二附属中学,市重点,公办,中学,上海市浦东新区张江镇晨晖路555号（近地铁二号线张江高科站）,021-50801890,上海市,上海市,浦东新区,http://www.hsefz.cn/
武汉市汉铁高级中学,省重点,公办,中学,湖北省武汉市江岸区后湖大道341号,（027）82354585,湖北省,武汉市,江岸区,
武汉市育才高级中学,市重点,公办,中学,武汉市蔡家田小区阳电里44号,027-82624996,湖北省,武汉市,江岸区,
武汉市第一中学,省重点,公办,中学,武汉市江汉区红旗渠路特1号,027-85626682 65691217,湖北省,武汉市,江汉区,http://www.whyz.cn/
武汉市第十二中学,市重点,公办,中学,武汉市江汉区航空小路15号,（027）83613972、83633082、83633180,湖北省,武汉市,江汉区,
宜昌市一中,省重点,公办,中学,宜昌市西陵二路4号,0717-6774074,湖北省,宜昌市,西陵区,https://www.ycyz.com/
湖北省荆州中学,省重点,公办,中学,湖北省荆州市荆州区人民路,（0716）8495766,湖北省,荆州市,荆州区,http://www.hbjzzx.com/
湖北省黄冈中学,全国重点,公办,中学,湖北黄冈开发区明珠大道,0713-8838888,湖北省,黄冈市,黄州区,http://www.hbshgzx.com/
襄阳市致远中学,市重点,公办,中学,襄阳市襄城区,0710-3230592 3230258,湖北省,襄阳市,襄州区,
湖北省天门中学,省重点,公办,中学,湖北省天门市竟陵元春街52号,0728-5338111,湖北省,湖北直辖,天门市,
大连市育明高级中学,省重点,公办,中学,辽宁省大连市沙河口区杨树街70号,0411-84759193  0411-84759866 0411-8475,辽宁省,大连市,沙河口区,http://www.dlymgz.cn/index.do;jsessionid=499CB689DD56442E319C4D8BC05ADB0F
鞍山市第一中学,省重点,公办,中学,辽宁省鞍山市高新区鞍千路300号,0412-5227777,辽宁省,鞍山市,,http://www.asyzonline.com/
盘锦市高级中学,省重点,公办,中学,辽宁省盘锦市兴隆台区科技大街,0427-2216222,辽宁省,盘锦市,,
辽河油田第一高级中学,省重点,公办,中学,辽宁省盘锦市兴隆台区,0427-2884403   0427-2885424,辽宁省,盘锦市,,
阜新市实验中学,省重点,公办,中学,辽宁省阜新市中华路95号,0418-6519437  0418-6519467,辽宁省,阜新市,,
丹东市第二中学,,,,丹东市振兴区兴三路141号,0415-5123672,辽宁省,丹东,,
抚顺市第二中学,,,,抚顺市新抚区公园五路14号,0413-2422008,辽宁省,抚顺,,http://fs2z.com/
锦州市锦州中学,,,,辽宁省锦州市凌海市南海路,,辽宁省,锦州,,
乌鲁木齐八一中学,省重点,公办,中学,乌鲁木齐市青年路15号,0991-8844839 8835514 8873444,新疆,乌鲁木齐市,天山区,
新疆哈密地区第二中学,省重点,公办,中学,新疆哈密地区哈密市爱国南路5号,0902-2258614,新疆,哈密地区,哈密市,
新疆兵团农二师华山中学,,,,,,新疆,,,
乌鲁木齐市第八中学,省重点,公办,中学,乌鲁木齐市东风路125号,0991-2616907,新疆,乌鲁木齐市,,
乌鲁木齐市第七十中学,省重点,公办,中学,新疆乌鲁木齐新市区南纬一路54号,（0991）3696357,新疆,乌鲁木齐市,新市区,
新疆师范大学附属中学,市重点,公办,中学,乌鲁木齐市银川路107号,0991-4332282,新疆,乌鲁木齐市,,https://fz.xjnu.edu.cn/
新疆实验中学,省重点,公办,中学,新疆乌鲁木齐延安路65号,0991-2879212,新疆,乌鲁木齐市,,
石河子市第一中学,市重点,公办,中学,新疆维吾尔族自治区石河子市12小区北四路159号,0993-2037304,新疆,,,
东营市胜利第一中学,市重点,公办,中学,山东东营市济南路55、66号,0546-8232013,山东省,东营市,,http://www.sldyzx.cn/
济南市历城第二中学,省重点,公办,中学,山东省济南市历城区董家843号,0531－88722886,山东省,济南市,历城区,https://www.lcez.cn/
山东省青岛第五十八中学,省重点,公办,中学,青岛市李沧区九水路20号,0532-87895410,山东省,青岛市,李沧区,http://www.qd58.qdedu.net/Portal
东营市第一中学,省重点,公办,中学,山东省东营市东营区新区新泰路17号,0546-8261775,山东省,东营市,东营区,http://www.dyyz.net/f/index.html
日照第一中学,省重点,公办,中学,山东省日照市东港区日照北路30号,0633-8222086,山东省,日照市,东港区,
宁波市镇海中学,省重点,公办,中学,浙江省宁波市镇海区鼓楼东路32号,0574-86272378,浙江省,宁波市,镇海区,
慈溪中学,省重点,公办,中学,浙江省慈溪市浒山镇环城北路110号,0574-63023049,浙江省,宁波市,慈溪市,https://www.cxms.net/
乐青市知临中学,省重点,民办,中学,浙江省乐清市城南街道朋岙村,0577-27882222,浙江省,温州市,乐清市,
杭州高级中学,省重点,公办,中学,浙江省杭州市下城区凤起路238号,0571-85155827 / 85155951 / 85179872,浙江省,杭州市,下城区,http://www.hanggao.net/
浙江省诸暨中学,普通,公办,中学,诸暨市暨阳路47号,0575—87011543   邮编：311800地址：诸暨市暨阳路47号,浙江省,绍兴市,诸暨市,
绍兴市第一中学,省重点,公办,中学,浙江省绍兴市胜利西路1199号,0575-85173853,浙江省,绍兴市,,http://www.sxyz.net/
吉林省实验中学,省重点,公办,中学,吉林省长春市人民大街6465号,0431-85376541,吉林省,长春市,朝阳区,http://www.jlssyzx.cn/
长春外国语学校,省重点,公办,中学,吉林省长春市红旗街1946号,0431-85936780,吉林省,长春市,,http://www.ccfls.cn/
吉林市第一中学,省重点,公办,中学,吉林省吉林市船营区松江西路155号,0432-64826007,吉林省,吉林市,船营区,http://www.jlyz.com.cn/XJ_PRO/index.aspx
辽源市第五中学,,,,,,吉林省,辽源市,,
通化市第一中学,,,,,,吉林省,通化市,,
长白市第二中学,,,,,,吉林省,长白市,,
吉林油田高级中学,省重点,公办,中学,吉林省松原市锦江大街1608号,0438—622446,吉林省,松原市,宁江区,
松原市实验高中,省重点,公办,中学,吉林省松原市宁江区长宁南街358号,0438—5082988,吉林省,松原市,宁江区,
京北师范大学长白山实验中学,,,,,,吉林省,,,
唐山市第一中学,省重点,公办,中学,河北省唐山市路南区友谊路2号,0315-2595128,河北省,唐山市,路北区,http://www.ts-edu.net.cn/
河北正定中学,省重点,公办,中学,河北省正定县正定镇府西街80号,0311--8022837,河北省,石家庄市,正定县,http://www.zhengzhong.cn/
河北武邑中学,省重点,公办,中学,河北省衡水市武邑县城新区宏达路1号,0318--5738058,河北省,衡水市,武邑县,http://www.hbwyzx.cn/
河北翼州中学,,,,,,河北省,,,
邯郸市第一中学,省重点,公办,中学,河北省邯郸市丛台路21号,0310--3122208,河北省,邯郸市,丛台区,
石家庄外国语学校,普通,民办,中学,河北省石家庄市鹿泉区山前大道66号,,河北省,石家庄市,鹿泉市,http://www.sjzfls.com/
南宁市第二中学,省重点,公办,中学,广西南宁市新民路29号,0771--2804263,广西,南宁市,西乡塘区,http://www.nnez.cn/s/loading/
南宁市第三中学,省重点,公办,中学,广西南宁市青秀区青山路5号,0771--5311268,广西,南宁市,青秀区,http://www.nnsz.com/
南宁市武鸣区武鸣高级中学,市重点,公办,中学,广西南宁市武鸣县灵水路6号,0771-6226071,广西,南宁市,武鸣县,
柳州高级中学,市重点,公办,中学,东台路44号,0772-2822557,广西,柳州市,,http://www.lzgz.net.cn/
柳州市第一中学,省重点,公办,中学,广西柳州市城站路391号,0772--3953677,广西,柳州市,柳南区,http://www.lzsyz.cn/
桂林市桂林中学,省重点,公办,中学,解放西路58号,0773--2825101,广西,桂林市,,https://glzx.gxeduyun.edu.cn/
桂林市第十八中学,省重点,公办,中学,广西桂林市横塘路17号,0773-5865365,广西,柳州市,,
福州高级中学,省重点,公办,中学,福建省福州市乐群路18号,0591-3441216,福建省,福州市,仓山区,http://www.fzgjzx.cn/
北海市北海中学,普通,公办,中学,上海市普陀区管弄路51号,021-62147566,上海市,上海市,普陀区,
河池高级中学,普通,公办,中学,河池市教育路105号,,广西,河池市,,http://www.gxhcgz.cn/
甘肃省兰州第一中学,省重点,公办,中学,甘肃省兰州市城关小沟头150号,0931—8824122,甘肃省,兰州市,城关区,http://www.gslzyz.cn/
兰州大学附属中学,省重点,公办,中学,甘肃省兰州市城关区一只船南街2号,0931-8846809,甘肃省,兰州市,城关区,
天水市第一中学,省重点,公办,中学,甘肃省天水市秦州区泰山东路8号,0938-8271002,甘肃省,天水市,秦城区,https://www.ts1z.cn/mettart_list/49
兰炼一中,,,,,,甘肃省,,,http://www.unwtt.com/b/llyzbrofmv
定西市第一中学,,,,,,甘肃省,定西市,,http://www.dxyz.gs.cn/
甘肃省庆阳第一中学,省重点,公办,中学,甘肃省庆阳市西峰区南大街32号,0934-8213127地址：甘肃省庆阳市西峰区西大街178号,甘肃省,庆阳市,西峰区,
金川公司总校第一高级中学,省重点,公办,中学,甘肃省金昌市金川区,0931-3685702,甘肃省,金昌市,金川区,
兰化公司第一中学,,,,,,甘肃省,,,
静宁县第一中学,省重点,公办,中学,甘肃省平凉市静宁县城关镇中街170号,0933-2521643,甘肃省,平凉市,静宁县,http://www.jingningsms.com/
兴义市第八中学,普通,公办,中学,贵州省黔西南布依族苗族自治州兴义市富民路188号,,贵州省,黔西南,兴义市,http://www.xybz.com.cn/
遵义市第四中学,省重点,公办,中学,贵州省遵义市红花岗区石龙路14号,0852-8223172,贵州省,遵义市,,http://www.zysz.com.cn/?btwaf=25502760
遵义市南白中学,普通,公办,中学,贵州省遵义市播州区遵南大道401号,0851-27250159,贵州省,遵义市,,
贵阳市第三实验中学,普通,公办,中学,贵阳市富水南路中山大厦B座,0851-8645477,贵州省,贵阳市,,https://www.gysysz.cn/
贵阳市清华中学,省重点,公办,中学,贵阳市花溪区清华路30号,0851-3851955,贵州省,贵阳市,花溪区,http://www.gyqhzx.com.cn/
贵州师范大学附属中学,省重点,公办,中学,贵州省贵阳市宝山北路199号,0851-—5934305,贵州省,贵阳市,云岩区,
遵义航天高级中学,省重点,公办,中学,遵义市汇川区宁波路176号,0852-8611619 8611987,贵州省,遵义市,汇川区,
铜仁第一中学,省重点,公办,中学,贵州省铜仁市向阳路7号,0856-5223234,贵州省,铜仁地区,铜仁市,http://i.tryz.net/
贵州省思南中学,省重点,公办,中学,贵州省思南县思唐镇文化街197号,0856-7225114,贵州省,铜仁地区,思南县,http://www.gzssnzx.com/
太原市第五中学,省重点,公办,中学,山西省太原市迎泽区青年路49号,0351-4094288,山西省,太原市,迎泽区,
晋城市第一中学,省重点,公办,中学,山西省晋城市东大街963号,0356-3096875,山西省,晋城市,,
忻州市第一中学,省重点,公办,中学,山西省忻州市忻府区和平街8号,0350-3025377,山西省,忻州市,忻府区,http://www.xzyz.net/
康杰中学,省重点,公办,中学,山西省运城市空港新区康杰北路10号,0359-2576010,山西省,运城市,,https://mh.yceduyun.com/portal?domainName=kjzx
长治市第二中学,省重点,公办,中学,山西省长治市府上街25号,0355-2024118,山西省,长治市,,
临汾市第一中学,省重点,公办,中学,山西省临汾市尧都区鼓楼西街31号,0357-3377555,山西省,临汾市,尧都区,
大同市第一中学,省重点,公办,中学,山西省大同市向阳东街1号,0352-5196128,山西省,大同市,,http://www.dtyznx.com/
怀仁县第一中学,普通,公办,中学,山西省怀仁市怀安大街77号,0349-3044031,山西省,朔州市,怀仁县,http://www.hryz.com/
大庆市实验中学,省重点,公办,中学,大庆市高新技术产业开发园区秀水路6号,0459—8156179,黑龙江,大庆市,,
牡丹江市第一高级中学,省重点,公办,中学,牡丹江市江南新城区,0453-6471809,黑龙江,牡丹江市,东安区,
哈尔滨师范大学附属中学,省重点,公办,中学,黑龙江省哈尔滨市南岗区学府路30号,0451-86620973,黑龙江,哈尔滨市,南岗区,
大庆铁人中学,省重点,公办,中学,黑龙江省大庆市让胡路区乘风西路6号,0459－5683040,黑龙江,大庆市,让胡路区,
哈尔滨市第九中学,省重点,公办,中学,黑龙江省哈尔滨市香坊区和平路165号,0451-82801485,黑龙江,哈尔滨市,香坊区,
哈尔滨市第六中学,省重点,公办,中学,黑龙江省哈尔滨市公滨路467号,0451-55641821,黑龙江,哈尔滨市,香坊区,http://www.6th-school.org.cn/
黑龙江省实验中学,省重点,公办,中学,黑龙江省哈尔滨市南岗区海城街1号,0451-86431159,黑龙江,哈尔滨市,,https://www.hljsyzx.cn/
佳木斯市第一中学,省重点,公办,中学,黑龙江省佳木斯市光复路1399号,0454-8605037,黑龙江,佳木斯市,,
大庆第一中学,市重点,公办,中学,黑龙江省大庆市让胡路区胜利路284号,0459-5168163  5168057,黑龙江,大庆市,让胡路区,
安徽省马鞍山市第二中学,省重点,公办,中学,安徽省马鞍山市花山区健康路2号,0555--8331030,安徽省,马鞍山市,花山区,https://www.ahmasez.cn/
安徽省六安第一中学,省重点,公办,中学,安徽省六安市解放北路55号,0564-3387519,安徽省,六安市,裕安区,http://www.layz.net/
安庆市第一中学,省重点,公办,中学,安徽省安庆市大观区龙门口街38号,0556－5513669,安徽省,安庆市,大观区,http://www.aqyz.net/
安徽省淮北市第一中学,省重点,公办,中学,安徽省淮北市相山区石城路30号,0561-3024962,安徽省,淮北市,相山区,http://hbyz.hbjy.net/
芜湖市第一中学,省重点,公办,中学,安徽省芜湖市黄山路146号,0553-3830606 3839820,安徽省,芜湖市,鸠江区,http://wh1z.whzhjy.cn/
安徽师范大学附属中学,省重点,公办,中学,安徽省芜湖市银湖南路135号,0553-3832205,安徽省,芜湖市,,https://fz.ahnu.edu.cn/
芜湖市第十二中学,,,,,,安徽省,芜湖市,,http://wh12z.whzhjy.cn/xyzx/21887.html
芜湖田家炳实验中学,,,,,,安徽省,芜湖市,,http://tjbzx.whzhjy.cn/
北京师范大学芜湖附属学校,,,,,,安徽省,,,https://jyj.wuhu.gov.cn/openness/public/6596321/21051181.html
湾沚区第一中学,,,,,,安徽省,,,
北京市第四中学,市重点,公办,中学,京市西城区西黄城根北街甲2号（近北大医院）,010-66175566,北京市,北京市,西城区,http://bhsf.lezhiyun.com/cms/
清华大学附属学校,区重点,民办,中学,北京市海淀区中关村北大街,010-62781662,北京市,北京市,海淀区,http://www.thues.cn/
北京市第一O一中学,普通,公办,中学,北京市海淀区颐和园路11号,62566753,北京市,北京市,海淀区,https://www.beijing101.com/
北京师范大学第二附属中学,市重点,公办,中学,北京市西城区新街口外大街12号,010-62354504,北京市,北京市,西城区,http://www.shsbnu.net/cms/832/sdmh/index.shtml
北京八十学校,区重点,公办,中学,北京市朝阳区望京北路甲16号,010-58047000-7009（校长）010-58047000-7023（教学处）,北京市,北京市,朝阳区,
福建省莆田第一中学,省重点,公办,中学,福建省莆田市城厢区东大路217号,0594－2631666,福建省,莆田市,城厢区,http://www.fjptyz.com/
泉州市第五中学,省重点,公办,中学,福建省泉州市桂坛巷,0595-22274446,福建省,泉州市,泉港区,http://www.qz5z.com/
福建师范大学附属中学,省重点,公办,中学,福建省福州市仓山区对湖路15号,0591-83472889,福建省,福州市,仓山区,https://sdfz.fjnu.edu.cn/main.htm
福建省漳州第一中学,省重点,公办,中学,福建省漳州市芗城区芝山南麓,0596-2022008,福建省,漳州市,芗城区,http://zzyz.net/
福建省龙岩第一中学,普通,公办,中学,福建省龙岩市新罗区和平路40号（364000）,0597-2290302,福建省,龙岩市,新罗区,http://www.lyyz.net/
湖南省长沙市第一中学,省重点,公办,中学,湖南省长沙市开福区清水塘路53号,（0731）82774885,湖南省,长沙市,开福区,http://www.hnfms.com.cn/
长沙市明德中学,省重点,公办,中学,湖南省长沙市天心区新韶西路豹子岭　,0731-88237799　,湖南省,长沙市,天心区,http://www.mdzx.net/
长沙市南雅中学,市重点,公办,中学,湖南省长沙市雨花区香樟东路178号,0731-85065645,湖南省,长沙市,雨花区,http://www.nanyaedu.com/
麓山国际实验学校,省重点,公办,中学,湖南省长沙市河西望月湖小区9片月华街59号,0731-8615610,湖南省,长沙市,岳麓区,http://www.cjedu.cn/
株洲市第二中学,省重点,公办,中学,湖南省株洲市天元区珠江南路518号,0733--28827802,湖南省,株洲市,,http://www.zz2z.com/
湖南省石门县第一中学,省重点,公办,中学,湖南省常德市石门县黄金路,0736-5323351,湖南省,常德市,石门县,http://www.smyz.cn/
岳阳市第一中学,市重点,公办,中学,湖南省岳阳市岳阳楼区洞庭北路124号,0730-8318395,湖南省,岳阳市,,http://www.yysyz.com.cn/
海南华侨中学,省重点,公办,中学,海南省海口市海秀路59号,0898-66712692,海南省,海口市,,http://www.hnqz.net/
海口市第一中学,省重点,公办,中学,海南省海口市龙华路14号,0898—66225979,海南省,海口市,,
海南省农垦实验中学,省重点,公办,中学,广东省湛江市麻章正南街一号,0759-3307293,广东省,湛江市,麻章区,http://www.nksz.com/
琼海市嘉积中学,省重点,公办,中学,海南省琼海市嘉积镇富侨路1号,0898-31692345,海南省,海口市,,http://hnjjzx.net/
文昌中学,省重点,公办,中学,海南省三亚市教育路46号 海南岛文昌市,0898-63222395,海南省,三亚市,,http://www.hnwczx.com/
湖南师大附中海口中学,省重点,民办,中学,海口市滨海大道路48号,0898-68583993,海南省,海口市,,
海南师范大学附属中学,省重点,公办,中学,海南省海口市美兰区灵山镇新大洲大道机场北路,0898-65728566,海南省,海口市,,http://hsfz.hainnu.edu.cn/
三亚市第一中学,省重点,公办,中学,海南省三亚市 三亚河东路82号,0898-88245478,海南省,三亚市,,
海南市琼山中学,省重点,公办,中学,:海口市琼山区文庄路10号,0898-65865927,海南省,海口市,,http://www.hkqszx.net.cn/index.html
西安交通大学附属中学,省重点,公办,中学,陕西省西安市兴庆南路135号/西安市雁翔路99号,029-82668353,陕西省,西安市,碑林区,http://www.xajdfz.com.cn/
陕西师范大学附属中学,省重点,公办,中学,陕西省西安市翠华南路115号,029-85265803,陕西省,西安市,雁塔区,https://www.sdfz.com.cn/
西安交通大学附属中学分校,省重点,公办,中学,陕西省西安市兴庆南路135号/西安市雁翔路99号,029-82668353,陕西省,西安市,碑林区,http://www.xajdfzfx.com/
西安市第一中学,省重点,公办,中学,陕西省西安市环城西路铁塔寺三号,029-88631130,陕西省,西安市,莲湖区,http://www.xayz.com/
宝鸡中学,省重点,公办,中学,陕西省宝鸡市东开发区高新大道29号,0917-8625066,陕西省,宝鸡市,,http://www.baozhong.com.cn/
西安市第二十六中学,省重点,公办,中学,陕西省西安市建国路118号,029-87457967,陕西省,西安市,碑林区,
西安高级中学,省重点,公办,中学,陕西省西安市碑林区东厅门85号/西安市未央区谭家街道渭滨路,029-83259399,陕西省,西安市,碑林区,http://www.xagjzx.com/
海拉尔第二中学,市重点,公办,中学,海拉尔区兴安西路,0472-8323054,内蒙古,呼伦贝尔市,海拉尔区,
包钢一中,区重点,公办,中学,内蒙古包头市阿尔丁大街12号,0472-5951398,内蒙古,包头市,昆都仑区,
平煤高级中学,市重点,公办,中学,内蒙古赤峰市煤城平庄,0476—3512143,内蒙古,赤峰市,,
通辽第五中学,,,,,,内蒙古,,,
包头市第九中学,省重点,公办,中学,内蒙古包头市昆区乌兰道17号,0472-2124402,内蒙古,包头市,,
包头一中,市重点,公办,中学,内蒙古包头市东河区环城路37号,0472-4143088,内蒙古,包头市,东河区,
北方重工第三中学,市重点,公办,中学,内蒙古包头市青山区青山路117号,0472-3135562 传真：0472-3158680 地址：内蒙古包头市青山区青山路117号,内蒙古,包头市,青山区,
鄂尔多斯市一中,市重点,公办,中学,内蒙古鄂尔多斯市康巴什新区鄂尔多斯大街,0477-8390606,内蒙古,鄂尔多斯市,,https://www.eedsyz.cn/
内蒙古师范大学附属中学,市重点,公办,中学,内蒙古自治区呼和浩特市赛罕区大学路10号,0471-6283721,内蒙古,呼和浩特市,赛罕区,http://fz.imnu.edu.cn/
青海湟川中学,省重点,公办,中学,青海省西宁市城西区海晏路苏家河湾2号,0971-6318636,青海省,西宁市,城西区,
西宁二中,,,,,,青海省,西宁市,,
青海师范大学附属中学,省重点,公办,中学,青海省西宁市城西区五四西路40号,,青海省,西宁市,城西区,https://fz.qhnu.edu.cn/
西宁市第十四中学,省重点,公办,中学,青海省西宁市城中区文化街,0971-8231379,青海省,西宁市,城中区,
青海师范大学附属第二中学,省重点,公办,中学,青海省西宁市城东区八一中路35号康乐新村水电四局家属院内,0971-7129087,青海省,西宁市,城东区,
湟中县第一中学,省重点,公办,中学,青海省西宁市湟中县近郊和平路290号,0971-2232153,青海省,西宁市,湟中县,
西宁市第四中学,省重点,公办,中学,青海省西宁市天津路69号,0971-4290370,青海省,西宁市,城北区,
西宁市第五中学,省重点,公办,中学,青海省西宁市城中区南大街43号,0971－8246140、8248001,青海省,西宁市,城中区,
乐都县第一中学,省重点,公办,中学,青海省海东地区乐都县仓门街,0972-8622484,青海省,海东地区,乐都县,
互助县第一中学,省重点,公办,中学,青海省互助县威远镇南街8号,0972-7311010,青海省,海东地区,互助土族自治县,
拉萨中学,省重点,公办,中学,西藏自治区拉萨林廓西路32号,0891-6823198,西藏,拉萨市,,
日喀则地区第二高级中学,区重点,公办,中学,西藏自治区日喀则地区日喀则市普彰路,0892-8822154,西藏,日喀则地区,日喀则市,
林芝地区第一高级中学,市重点,公办,中学,西藏自治区林芝地区八一镇学院路6号,0894-5824845,西藏,林芝地区,,
拉萨北京中学,省重点,公办,中学,西藏自治区拉萨城关区解放东路,,西藏,拉萨市,城关区,
拉萨市第二高级中学,市重点,公办,中学,西藏自治区拉萨市城关区东郊纳金路15号,0891-6353397,西藏,拉萨市,,
山南地区第二高级中学,区重点,公办,中学,西藏自治区山南地区乃东县安徽大道32号,0893-7832382,西藏,山南地区,乃东县,
日喀则地区上海实验中学,市重点,公办,中学,西藏自治区日喀则地区,,西藏,日喀则地区,,
拉萨市第三高级中学,普通,公办,中学,西藏自治区拉萨市布达拉宫西面德吉路北段,0891-6323317,西藏,拉萨市,,
日喀则地区江孜高级中学,,,,,,西藏,,,
日喀则地区第一高级中学,市重点,公办,中学,西藏自治区日喀则地区山东路23号,0892-8822415,西藏,日喀则地区,,
包玉刚实验学校,普通,民办,中学,上海市松江区三新北路,（021）61671999,上海市,上海市,松江区,https://www.ykpaoschool.cn/
深圳国际交流学院,,,中学,深圳市福田区安托山六路3号,,广东省,深圳市,福田区,https://www.alevel.com.cn/
北京顺义国际学校,普通,民办,中学,北京市顺义区安华街10号,010-80413032,北京市,北京市,顺义区,https://www.isb.cn/
北京市鼎石学校,,私立,中学,北京市顺义区后沙峪镇安富街11号,,北京市,北京市,顺义区,https://www.keystoneacademy.cn/
上海民办平和学校,市重点,民办,中学,上海市浦东新区黄杨路261号,021-50312340,上海市,上海市,浦东新区,https://www.shphschool.com/?security_verify_data=313434302c393030
华南师范大学附属中学国际部,,公立,中学,广东省广州市天河区中山大道西1号华师附中,,广东省,广州市,天河区,https://www.gdhfi.com/
人大附中中外合作办学项目（ICC）,,公立,中学,北京市海淀区中关村大街37号,010-62512094 62515003,北京市,北京市,海淀区,https://icc.rdfz.cn/xmwh/xmhd/
北京市海嘉双语学校,,,中学,顺义区后沙峪峪民大街5号,,北京市,北京市,顺义区,http://www.bibachina.org/index.html?deptId=103
北京京西国际学校,普通,民办,中学,北京市朝阳区阜通东大街10号,010-84564155,北京市,北京市,朝阳区,
上海市世界外国语中学（世外中学）,市重点,民办,中学,上海市徐汇区虹漕南路602号,021-54198567,上海市,上海市,徐汇区,
深圳外国语学校初中部,省重点,公办,中学,广东省深圳市福田区红荔路2005号,0755-83354153 0755-25282036,广东省,深圳市,福田区,
深圳外国语学校（高中部）,省重点,公办,中学,深圳市盐田区盐田路1东门,0755-25282089,广东省,深圳市,盐田区,
石家庄第四十三中学（石家庄外国语学校）,省重点,公办,中学,河北省石家庄市育才街318号,"0311-85802393,0311-86573520",河北省,石家庄市,裕华区,
济南外国语学校,市重点,公办,中学,济南市天桥区师范路23号,0531-68675926,山东省,济南市,天桥区,
太原市外国语学校,省重点,公办,中学,山西省太原市漪汾苑槐荫苑17号,0351-5631258,山西省,太原市,万柏林区,
南昌市外国语学校,省重点,公办,中学,江西省南昌市西湖区桃苑中路126号,0791 86583677 0791 86583677,江西省,南昌市,西湖区,
天津外国语大学附属滨海外国语学校,市重点,公办,中学,天津市河北区南口路11号,022-26353573,天津市,天津市,河北区,
广东外语外贸大学附属外国语学校（广外附校）,市重点,民办,中学,广州增城新塘永和新新公路15号（金地荔湖城楼盘内）,020-32983488 05810-32983498,广东省,广州市,增城区,
成都七中,全国重点,公办,中学,成都市林荫中街1号,028-85442231,四川省,成都市,武侯区,
长郡中学,省重点,公办,中学,长沙市黄兴南路309号,0731-85287990,湖南省,长沙市,天心区,
雅礼中学,省重点,公办,中学,湖南省长沙市雨花区劳动西路428号,0731-5532038,湖南省,长沙市,雨花区,
人大附中,全国重点,公办,中学,北京市海淀区中关村大街37号,010-62512094  62515003,北京市,北京市,海淀区,
重庆市巴蜀中学校,全国重点,公办,中学,重庆市渝中区北区路51号,023-63002371,重庆市,重庆市,渝中区,
石家庄二中,省重点,公办,中学,河北省石家庄市兴凯路187号,0311--7022964 7022492,河北省,石家庄市,新华区,
浙江省杭州学军中学,,,,,,,,,
浙江省杭州第二中学,省重点,公办,中学,浙江省杭州市滨江区东信大道72-76号,0571-86696789  86053053,浙江省,杭州市,滨江区,
长沙市第一中学,省重点,公办,中学,湖南省长沙市开福区清水塘路53号,（0731）82774885,湖南省,长沙市,开福区,
华中师大一附中,全国重点,公办,中学,湖北省武汉市东湖高新技术开发区汤逊湖北路特1号,027-87920655,湖北省,武汉市,武昌区,
乌鲁木齐第一中学,省重点,公办,中学,新疆乌鲁木齐市健康路一巷9号,9912826965,新疆,乌鲁木齐市,天山区,
郑州一中,省重点,公办,中学,郑州市中原西路182号,0371-67882208,河南省,郑州市,中原区,
乐清市知临中学,省重点,民办,中学,浙江省乐清市城南街道朋岙村,0577-27882222,浙江省,温州市,乐清市,
西北师大附中,,,,,,,,,
东北育才学校,省重点,公办,中学,辽宁省沈阳市和平区南一马路100号,024-23783945,辽宁省,沈阳市,和平区,
合肥一中,省重点,公办,中学,安徽省合肥市滨湖新区西藏路2356号,0551-2911006 180-9663-1182,安徽省,合肥市,包河区,
南宁三中,普通,公办,中学,广西南宁青山路5号,0771-5311268/5335401,广西,南宁市,,
成都石室中学,市重点,公办,中学,四川省成都市成华区龙潭立交西内侧,028-61399476,四川省,成都市,成华区,
重庆市第一中学校,市重点,公办,中学,重庆市沙坪坝区沙南街2号,023-65303495  65307121,重庆市,重庆市,沙坪坝区,
重庆市南开中学校,全国重点,公办,中学,重庆市沙坪坝区沙南街一号,023-65312786,重庆市,重庆市,沙坪坝区,
长春吉林大学附属中学,,,,,,,,,
柳州高中,,,,,,,,,
重庆市第八中学校,市重点,公办,中学,重庆市沙坪坝区小龙坎正街96号,023-61703000,重庆市,重庆市,沙坪坝区,
南开中学,全国重点,公办,中学,天津市南开区南开四马路22号,022—27483391,天津市,天津市,南开区,
成都树德中学,区重点,民办,中学,成都市高新西区泰山南街133号,028-87843803 87846451,四川省,成都市,郫都区,
山东省广饶县第一中学,省重点,公办,中学,山东省东营市广饶县城花苑路509号,0546-6450990  0546-6688767,山东省,东营市,广饶县,
银川一中,省重点,公办,中学,宁夏银川市兴庆区民族南街656号,0951－4102908  0951-4104858,宁夏,银川市,兴庆区,
山东省青岛第二中学,省重点,公办,中学,山东省青岛市崂山区松岭路70号,0532-88907255,山东省,青岛市,崂山区,
福建省福州第一中学,省重点,公办,中学,福建省福州市东街附近,0591-87551426,福建省,福州市,鼓楼区,
济南历城第二中学,省重点,公办,中学,山东省济南市历城区董家843号,0531－88722886,山东省,济南市,历城区,
武钢三中,省重点,公办,中学,武汉市青山区红钢二街1号,027-86341335,湖北省,武汉市,青山区,
绵阳南山中学,省重点,公办,中学,四川省绵阳市南塔路3号,0816-2862314,四川省,绵阳市,,
成都七中嘉祥外国语学校,市重点,民办,中学,成都市锦江区晨辉北路6号（金象花园背后）,028-85911236、85913229,四川省,成都市,锦江区,
邯郸一中,省重点,公办,中学,河北省邯郸市丛台路21号,0310--3122208,河北省,邯郸市,丛台区,
湖北省襄阳四中,省重点,公办,中学,湖北省襄阳市襄城东街26号,0710-3511057（校办） 0710-3553666（招办）,湖北省,襄阳市,襄州区,
鄂尔多斯市第一中学,市重点,公办,中学,内蒙古鄂尔多斯市康巴什新区鄂尔多斯大街,0477-8390606,内蒙古,鄂尔多斯市,,
福建省泉州市第七中学,普通,公办,中学,泉州市鲤城区天后路40号　邮编：362000　电话：0595－22204308,0595－22204308,福建省,泉州市,鲤城区,
南雅中学,市重点,公办,中学,湖南省长沙市雨花区香樟东路178号,0731-85065645,湖南省,长沙市,雨花区,
宁波市镇海蛟川书院,市重点,民办,中学,浙江省宁波市镇海区庄市逸夫路　,0574-86685208  86685218,浙江省,宁波市,镇海区,
马鞍山二中,省重点,公办,中学,安徽省马鞍山市花山区健康路2号,0555--8331030,安徽省,马鞍山市,花山区,
东莞市东华高级中学,省重点,民办,中学,广东省东莞市莞长路33号,0769-22696988,广东省,东莞市,,
佛山市南海区石门中学,普通,公办,中学,广东省佛山市南海区,0757-85930324,广东省,佛山市,南海区,
兰州第一中学,省重点,公办,中学,甘肃省兰州市城关小沟头150号,0931—8824122,甘肃省,兰州市,城关区,
江苏省苏州中学,省重点,公办,中学,江苏省苏州市人民路699号,0512-65194261  0512-65195262,江苏省,苏州市,沧浪区,
浙江省衢州第二中学,省重点,公办,中学,衢州市北门浮石路307号,0570-8018090,浙江省,衢州市,,
广东省中山市第一中学,省重点,公办,中学,广东省中山市孙文中路134号,0760－88332643,广东省,中山市,,
山东省临沂第一中学,省重点,公办,中学,山东省临沂市兰山区银雀山路55号,0539-8313412,山东省,临沂市,兰山区,
浙江省余姚中学,省重点,公办,中学,浙江省余姚市四明西路392号,0574-62720390,浙江省,宁波市,余姚市,
福建省泉州第五中学,普通,公办,中学,福建省泉州市桂坛巷49号,,福建省,泉州市,,
淮北市第一中学,省重点,公办,中学,安徽省淮北市相山区石城路30号,0561-3024962,安徽省,淮北市,相山区,
江西科技学院附属中学,,,,,,,,,
曲靖一中,省重点,公办,中学,云南省曲靖市麒麟区内环东路86号,0874-3122416,云南省,曲靖市,麒麟区,
浙江省义乌中学,省重点,公办,中学,浙江省金华市义乌市南门街888号,0579-85205008,浙江省,金华市,义乌市,
东莞市东莞中学,省重点,公办,中学,广东省东莞市城区学院路128号,0769-22687268,广东省,东莞市,东城区,
广西师范大学附属外国语学校,省重点,公办,中学,广西桂林市铁山工业园紫杉路10号,0773-8993005,广西,桂林市,七星区,
齐齐哈尔市实验中学,省重点,公办,中学,齐齐哈尔市建华区中华西路142号,0452-6162170,黑龙江,齐齐哈尔市,建华区,
银川二中,省重点,公办,中学,宁夏回族自治区银川市兴庆区中山北街英才巷151号,18209510188,宁夏,银川市,兴庆区,
合肥六中,省重点,公办,中学,安徽省合肥市长江路397号（南区）  安徽省合肥市寿春路252号（北区）,0551-2858277（办公室） 2858227（教务处）,安徽省,合肥市,瑶海区,
铜陵市第一中学,市重点,公办,中学,安徽省铜陵市学院路601号,0562-2808369,安徽省,铜陵市,,
山东省莱芜市第一中学,省重点,公办,中学,山东省莱芜市莱城区 凤城西大街,0634-6412099,山东省,莱芜市,莱城区,
兵团二中,,,,,,,,,
常州市第一中学,市重点,公办,中学,常州市椿桂坊,,江苏省,常州市,,
山东省潍坊第一中学,省重点,公办,中学,山东省潍坊市奎文区中学街1号,0536-8230183,山东省,潍坊市,,
泰安一中,省重点,公办,中学,山东省泰安市泰山区青年路117号/虎山路169号/长城路和灵山大街交界,0538-6365109 0538- 8491085  0538-2187037,山东省,泰安市,泰山区,
安徽省宣城中学,市重点,公办,中学,安徽省 宣城市 水阳江大道,0563-3033050,安徽省,宣城市,,
安庆一中,省重点,公办,中学,安徽省安庆市大观区龙门口街38号,0556－5513669,安徽省,安庆市,大观区,
哈尔滨市第三中学校,省重点,公办,中学,黑龙江省哈尔滨市南岗区果戈里大街415号,0451-53636578,黑龙江,哈尔滨市,南岗区,
江苏省扬州中学,省重点,公办,中学,江苏省扬州市淮海路13号,0514-87361280 0514-87310839 0514-87361276,江苏省,扬州市,,
九江第一中学,省重点,公办,中学,江西省九江市滨湖路1号,0792-8238623,江西省,九江市,九江县,
临汾一中,省重点,公办,中学,山西省临汾市尧都区鼓楼西街31号,0357-3377555,山西省,临汾市,尧都区,
北师大实验中学,,,,,,,,,
唐山一中,省重点,公办,中学,河北省唐山市路南区友谊路2号,0315-2595128,河北省,唐山市,路北区,
鹰潭市第一中学,省重点,公办,中学,江西省鹰潭市胜利西路8号,0701-6221343  0701—6289277,江西省,鹰潭市,,
呼市二中,省重点,公办,中学,内蒙古呼和浩特市呼伦南路1号/如意开发区二纬路（东校区）,0471-6966195  0471-6923186 0471-4611783,内蒙古,呼和浩特市,,
天津市实验中学,全国重点,公办,中学,天津市河西区平山道1号,022-23358689,天津市,天津市,河西区,
西南大学附厲中学校,,,,,,,,,
合肥八中,,,,,,,,,
福建省南安第一中学,县重点,公办,中学,福建省泉州市南安市,0595-86382402,福建省,泉州市,南安市,
山东烟台第二中学,省重点,公办,中学,山东省烟台市芝罘区焕新路1号,0535-6696228,山东省,烟台市,芝罘区,
太原五中,省重点,公办,中学,山西省太原市迎泽区青年路49号,0351-4094288,山西省,太原市,迎泽区,
忻州市第一中学校,省重点,公办,中学,山西省忻州市忻府区和平街8号,0350-3025377,山西省,忻州市,忻府区,
天津英华国际学校,市重点,民办,中学,天津市武清区雍阳西道天津英华国际学校,022-59611188 4000-022-370,天津市,天津市,武清区,
余姚市实验学校,市重点,民办,中学,浙江省宁波市余姚市潭家岭西路199号,0574-62779393   62779390,浙江省,宁波市,余姚市,
芜湖市第二十七中学,普通,公办,中学,芜湖市镜湖区长江中路44号,,安徽省,芜湖市,镜湖区,
北京市一零一中学,普通,公办,中学,北京市海淀区颐和园路11号,62566753,北京市,北京市,海淀区,
福建省长乐第一中学,省重点,公办,中学,福建省福州市长乐市吴航街道和平街56号,0591-28800711,福建省,福州市,长乐区,
贵港市高级中学,省重点,公办,中学,广西贵港市港北区金港大道674号,0775-4565422,广西,贵港市,港北区,
江苏省锡山高级中学,省重点,公办,中学,江苏无锡惠山新城政和大道1号,0510-83579111　0510-83579333,江苏省,无锡市,惠山区,
江苏省新海高级中学,普通,公办,中学,连云区中华西路168号,0518-2310560,江苏省,连云港市,连云区,
赣州中学,普通,公办,中学,江西省赣州市章贡区赣康路20号,,江西省,赣州市,章贡区,
晋城一中,省重点,公办,中学,山西省晋城市东大街963号,0356-3096875,山西省,晋城市,,
浙江省萧山中学,省重点,公办,中学,杭州市萧山区城厢街道拱秀路538号,82722091（办公室）82722092（教务处）82733448（学生处）,浙江省,杭州市,萧山区,
淮南二中,普通,公办,中学,田家庵区舜耕西路（二中）,0554-6414696 葛晓辉,安徽省,淮南市,,
广州市第六中学,省重点,公办,中学,广州市海珠区新港西路179号,020-84452167,广东省,广州市,海珠区,
哈尔滨德强学校,市重点,民办,中学,哈尔滨香坊区公滨路58-3号,0451-55160688,黑龙江,哈尔滨市,香坊区,
江西省宜春中学,普通,公办,中学,化成路34号,0795-3222546,江西省,宜春市,,
北重三中,市重点,公办,中学,内蒙古包头市青山区青山路117号,0472-3135562,内蒙古,包头市,青山区,
遂宁市安居育才中学校,普通,公办,中学,扬东路211号,0512-67451666,江苏省,苏州市,吴中区,
佛山市南海区南海中学,普通,公办,中学,广东省佛山市南海区西樵镇,0757-86898570,广东省,佛山市,南海区,
玉林高级中学,省重点,公办,中学,广西玉林市人民东路77号,0775-2684268,广西,玉林市,,
安阳市一中,,,,,,,,,
焦作一中,省重点,公办,中学,民主中路１号,0391-2932411,河南省,焦作市,,
江苏省启东中学,普通,公办,中学,江苏省启东市汇龙镇民乐中路580号,,江苏省,南通市,启东市,
江苏省徐州市第一中学,省重点,公办,中学,江苏省徐州市夹河前街26号,0516-85885002,江苏省,徐州市,云龙区,
高安中学,省重点,公办,中学,江西省宜春市高安市筠阳镇碧落路185号,0795-5212125,江西省,宜春市,高安市,
弋阳县第一中学,区重点,公办,中学,江西省上饶市弋阳县方志敏大道39号,0791-5883066,江西省,上饶市,弋阳县,
赤峰二中,市重点,公办,中学,内蒙古赤峰新城区玉龙大街西段,0476-8821920,内蒙古,赤峰市,,
通辽市第五中学,市重点,公办,中学,北京市东城区细管胡同13号,010-64042971/64040729,北京市,北京市,东城区,
银川六中,,,,,,,,,
克拉玛依市第一中学,省重点,公办,中学,克拉玛依市塔河路102号,0990-6246032,新疆,克拉玛依市,克拉玛依区,
海亮高级中学,普通,民办,中学,浙江省诸暨市西三环路197号,0575-87698666,浙江省,绍兴市,诸暨市,
浙江金华第一中学,省重点,公办,中学,浙江省金华市金东区光南路1588号,0579-82190728,浙江省,金华市,,
阜阳一中,省重点,公办,中学,人民中路74号,0558--2265350,安徽省,阜阳市,,
宿城第一高级中学,省重点,公办,中学,安徽省宿州市银河三路518号,0557-3917805,安徽省,宿州市,埇桥区,
黄石二中,省重点,公办,中学,下陆区桂林南路62号,0714-6355558,湖北省,黄石市,,
衡阳市第八中学,省重点,公办,中学,湖南省衡阳市黄白路81号,0734-8401598,湖南省,衡阳市,,
四平市第一高级中学,市重点,公办,中学,西藏自治区日喀则地区山东路23号,0892-8822415,西藏,日喀则地区,,
江苏省盐城中学,省重点,公办,中学,江苏省盐城市解放南路199号,0515-88887600,江苏省,盐城市,,
吉安市白鹭洲中学,普通,公办,中学,江西省吉安市沿江路２４８号,,江西省,吉安市,,
江西省上饶中学,省重点,公办,中学,江西省上饶市三清山中大道476号,0793-8259016,江西省,上饶市,,
包头九中,,,,,,,,,
一机一中,市重点,公办,中学,内蒙古包头市青山区文化路4号,0472-3632770,内蒙古,包头市,青山区,
林芝市一中,,,,,,,,,
下关一中,省重点,公办,中学,云南省大理市下关龙溪路69号,0872—2121847,云南省,大理,大理市,
苍南县嘉禾中学,普通,公办,中学,广州市白云区嘉禾街鹤龙路上胜东街,020-86093426,广东省,广州市,白云区,
蚌埠二中,普通,公办,中学,安徽省蚌埠市胜利中路88号,（0552）2045104地址：安徽省蚌埠市胜利中路88号,安徽省,蚌埠市,,
赣州市第三中学,普通,公办,中学,江西省赣州市,,江西省,赣州市,,
余江县第一中学,省重点,私立,中学,江西省鹰潭市余江县白塔路,0701-5885968,江西省,鹰潭市,余江县,
山东省北镇中学,省重点,公办,中学,山东省滨州市滨城区黄河十路,0543-3168025,山东省,滨州市,滨城区,
山东省章丘第四中学,省重点,公办,中学,山东省济南市章丘市明水白云路40号,0531-83213558 83861263,山东省,济南市,章丘市,
上海市松江二中,区重点,公办,中学,上海市松江区邱家湾20号,021-57833817,上海市,上海市,松江区,
浙江省富阳中学,省重点,公办,中学,杭州市富阳区馆驿里1号,,浙江省,杭州市,富阳区,
浙江省余姚市姚中书院,普通,民办,中学,余姚市四明西路392号,0574-62795207 62720384,浙江省,宁波市,余姚市,
福建省惠安第一中学,市重点,公办,中学,福建省泉州市惠安县,,福建省,泉州市,惠安县,
福建省三明市第二中学,市重点,公办,中学,北京市东城区内务部街15号,010-65274375,北京市,北京市,东城区,
福建省漳平第一中学,普通,公办,中学,福建省龙岩市漳平市,0597-7533914,福建省,龙岩市,漳平市,
佛山市第一中学,省重点,公办,中学,广东省佛山市禅城区文沙路25号,0757-8283 8610,广东省,佛山市,,
郑州市第十一中学,普通,公办,中学,河南省郑州市金水区人民路7号,0371-66224246,河南省,郑州市,,
十堰市郧阳中学,市重点,公办,中学,十堰市郧阳中学北京北路60号,0719-8102388  8102991 8102908,湖北省,十堰市,,
景德镇一中,省重点,公办,中学,江西省景德镇市天翼路66号,（0798）8441380,江西省,景德镇市,,
内蒙古师大附中,,,,,,,,,
莱州市第一中学,省重点,公办,中学,山东省烟台市莱州市文昌路一中巷1号,0535-2282001,山东省,烟台市,莱州市,
山东省日照第一中学,省重点,公办,中学,山东省日照市东港区日照北路30号,0633-8222086,山东省,日照市,东港区,
莘县实验高级中学,省重点,公办,中学,广东省中山市东区东江路12号,76088331091,广东省,中山市,,
大同一中,省重点,公办,中学,山西省大同市向阳东街1号,0352-5196128,山西省,大同市,,
浙江省江山中学,省重点,公办,中学,浙江省衢州市江山市凝秀中路2号,,浙江省,衢州市,江山市,
浙江省瑞安中学,省重点,私立,中学,浙江省温州市瑞安市瑞湖路398号,0577- 65679017   65675130,浙江省,温州市,瑞安市,
安徽省宿州市第二中学,省重点,公办,中学,宿州市埇桥区迎宾大道88号,,安徽省,宿州市,埇桥区,
北京市育英学校,市重点,公办,中学,北京市海淀区万寿路西街11号,010-68282370,北京市,北京市,海淀区,
福建省泉州第一中学,普通,公办,中学,泉州学府路31号,0595-22784689,福建省,泉州市,晋江市,
厦门大学附属实验中学,,,,,,,,,
静宁一中,省重点,公办,中学,甘肃省平凉市静宁县城关镇中街170号,0933-2521643,甘肃省,平凉市,静宁县,
平凉一中,,,,,,,,,
柳州铁一中学,,,,,,,,,
毕节梁才学校,普通,民办,中学,贵州省毕节市七星关区梁才学校,0857—8416666,贵州省,毕节地区,毕节市,
长春市十一高中,省重点,公办,中学,长春市景阳大路2666号,0431-87624714,吉林省,长春市,绿园区,
上饶县中学,,,,,,,,,
樟树中学,普通,公办,中学,樟树市东门42号,0795-7333540,江西省,宜春市,樟树市,
石嘴山三中,,,,,,,,,
吴忠中学,,,,,,,,,
山东省平邑第一中学,,,,,,,,,
山东省烟台第一中学,省重点,公办,中学,山东省烟台市芝罘区二马路17号,5354218848,山东省,烟台市,芝罘区,
西藏民族大学附属中学,,,,,,,,,
石河子第一中学,市重点,公办,中学,新疆维吾尔族自治区石河子市12小区北四路159号,0993-2037304,新疆,,,
温州育英国际实验学校,市重点,民办,中学,中国浙江温州瓯海区梧田镇,0577-86362803 86367629,浙江省,温州市,瓯海区,
安师大附中,,,,,,,,,
金川总校第一高级中学,,,,,,,,,
陇南市一中,,,,,,,,,
广西师范大学附属中学,省重点,公办,中学,中山北路15号,0773--2803103,广西,桂林市,,
宜昌市第一中学,省重点,公办,中学,宜昌市西陵二路4号,0717-6774074,湖北省,宜昌市,西陵区,
湖南省娄底市第一中学,省重点,公办,中学,湖南省娄底市娄星区贤童街10号娄底市第一中学,,湖南省,娄底市,,
延边第二中学,省重点,公办,中学,吉林省延边朝鲜族自治州延吉市,,吉林省,延边,延吉市,
江苏省镇江市第一中学,省重点,公办,中学,江苏省镇江市京口区谷阳路208号,0511-88722812,江苏省,镇江市,京口区,
南昌县莲塘第一中学,省重点,公办,中学,江西省南昌县莲塘镇澄湖西路1566号,0791-85761902,江西省,南昌市,南昌县,
莒县第一中学,,,,,,,,,
新泰市第一中学,省重点,公办,中学,山东省泰安市新泰市青云路789号,0538-7235936,山东省,泰安市,新泰市,
太原市知达常青藤中学校,,,,,,,,,
长治二中,省重点,公办,中学,山西省长治市府上街25号,0355-2024118,山西省,长治市,,
香港培正中學,,,,,,,,,
玉溪第一中学,省重点,公办,中学,云南省玉溪市太极路21号,0877-2024003  0877-8882095,云南省,玉溪市,,
慈溪市上林初级中学教育集团,,,,,,,,,
温州市实验中学,省重点,公办,中学,浙江省温州市府前街,0577-88291116,浙江省,温州市,,
浙江省杭州高级中学,市重点,公办,中学,浙江省杭州市上城区之江东路1958号,0571-86988717,浙江省,杭州市,上城区,
重庆市第二外国语学校,省重点,公办,中学,浙江省温州市瓯海区南白象街道南湖路,0577-85701188　0577-85701567,浙江省,温州市,瓯海区,
合肥市第四十五中学,省重点,公办,中学,安徽省合肥市六安路65号,0551-2647064,安徽省,合肥市,庐阳区,
鏡平學校中學部,,,,,,,,,
福建省安溪第一中学,省重点,公办,中学,泉州市安溪县安溪县中心部,3232331,福建省,泉州市,安溪县,
福建省长汀县第一中学,省重点,公办,中学,福建省福州市东街附近,0591-87551426,福建省,福州市,鼓楼区,
广雅中学,省重点,公办,中学,广东省广州市荔湾区西湾路1号,020-81261232,广东省,广州市,荔湾区,
六盘水市第三中学,省重点,公办,中学,黑龙江省哈尔滨市南岗区果戈里大街415号,0451-53636578,黑龙江,哈尔滨市,南岗区,
石家庄一中,省重点,公办,中学,河北省石家庄市平安北大街13号,0311--6034130,河北省,石家庄市,桥东区,
驻马店高级中学,,,,,,,,,
鹤岗市第一中学,省重点,公办,中学,黑龙江省鹤岗市工农区禾友路12号,,黑龙江,鹤岗市,工农区,
浏阳市第一中学,省重点,公办,中学,湖南省长沙市浏阳市车站中路34,0731-83612040,湖南省,长沙市,浏阳市,
常州外国语学校,,,,,,,,,
江苏省丹阳高级中学,省重点,公办,中学,江苏省丹阳市新民西路138号,0511-86522062　传真：0511-86522062,江苏省,镇江市,丹阳市,
江苏省如东高级中学,省重点,公办,中学,江苏省如东县掘港镇香格里大街9号,51384199670,江苏省,南通市,如东县,
赣县中学,省重点,公办,中学,梅林大街55号,0797-4441063,江西省,赣州市,赣　县,
江西省萍乡中学,普通,公办,中学,西城鳌头山,0799-6832817,江西省,萍乡市,,
聊城第一中学,省重点,公办,中学,山东省聊城市东昌府区双街144号,0635-8249743,山东省,聊城市,东昌府区,
山东省昌乐二中,省重点,公办,中学,山东省潍坊市昌乐县行政西街7号,0536-6295777,山东省,潍坊市,昌乐县,
寿光市第一中学,市重点,公办,中学,山东省寿光市文圣街2396号,0536-5222378   0536-5265770,山东省,潍坊市,寿光市,
长治学院附属太行中学校,,,,,,,,,
陕西省西安中学,省重点,公办,中学,陕西省西安经济技术开发区凤城五路,029-86537091,陕西省,西安市,经开区,
安宁中学,市重点,公办,中学,云南省昆明市安宁市,0871-8616868,云南省,昆明市,安宁市,
宣威市第一中学,省重点,公办,中学,福建省福州市东街附近,0591-87551426,福建省,福州市,鼓楼区,
金华市外国语学校,普通,公办,中学,金华市金东区笃学路1号,0579－81331158,浙江省,金华市,金东区,
宁波市效实中学,普通,公办,中学,浙江省宁波市白杨街178号,0574－87159610,浙江省,宁波市,,
浙江省温岭中学,普通,公办,中学,浙江省台州市温岭市万泉东路1号,0576-86026999,浙江省,台州市,温岭市,
濠江中學,,,,,,,,,
福建省晋江市第一中学,市重点,公办,中学,福建省泉州市晋江市区石鼓山,0595-568247653,福建省,泉州市,晋江市,
庆阳一中,省重点,公办,中学,甘肃省庆阳市西峰区南大街32号,0934-8213127地址：甘肃省庆阳市西峰区西大街178号,甘肃省,庆阳市,西峰区,
珠海市第一中学,省重点,公办,中学,珠海市香洲区梅华西路2180,（0756）2630100,广东省,珠海市,香洲区,
柳州市第十二中学,普通,公办,中学,,,广西,柳州市,,
河南大学附属中学,,,,,,,,,
洛阳市第一高级中学,市重点,公办,中学,河南省洛阳市瀍河区夹马营路1号,0379-62517901,河南省,洛阳市,,
鸡西市第一中学,省重点,公办,中学,福建省福州市东街附近,0591-87551426,福建省,福州市,鼓楼区,
双鸭山市第一中学,普通,公办,中学,黑龙江省双鸭山市尖山区,,黑龙江,双鸭山市,尖山区,
武汉实验外国语学校,区重点,公办,中学,湖北省武汉市经济技术开发区龙阳大道太子湖1号,027-84897315,湖北省,武汉市,,
江苏省泗洪中学,省重点,公办,中学,宿迁市泗洪县泗州东大街3号,0527-86292129,江苏省,宿迁市,泗洪县,
江苏省泰州中学,省重点,公办,中学,江苏省泰州市迎春东路9号,0523-86669005,江苏省,泰州市,,
南京市第一中学,省重点,公办,中学,南京市白下区中山南路301,025-68187266  025-68187299,江苏省,南京市,白下区,
江西省玉山县玉山一中,省重点,公办,中学,江西省玉山县三清大道176号,0793-2553649,江西省,上饶市,玉山县,
乐平中学,省重点,公办,中学,乐平市长寿路321号,0798-6227446,江西省,景德镇市,,
临川一中,省重点,公办,中学,江西省抚州市临川区上顿渡镇建设路205号,0794-8441447   0794-8430071,江西省,抚州市,临川区,
朝阳市第一高级中学,市重点,公办,中学,西藏自治区日喀则地区山东路23号,0892-8822415,西藏,日喀则地区,,
呼市一中,市重点,公办,中学,回民区环河街33号,0471-6362638,内蒙古,呼和浩特市,回民区,
乌兰浩特一中,,,,,,,,,
宁夏长庆高级中学,,,,,,,,,
唐徕回中,,,,,,,,,
中卫中学,,,,,,,,,
昌邑市第一中学,市重点,公办,中学,山东省潍坊市昌邑市潍河西路1号,0536-7212370,山东省,潍坊市,昌邑市,
德州市第一中学,省重点,公办,中学,山东省德州市德城区解放中大道651号,0534-2621594,山东省,德州市,德城区,
荷泽市第一中学,省重点,公办,中学,福建省福州市东街附近,0591-87551426,福建省,福州市,鼓楼区,
济宁市第一中学,省重点,公办,中学,山东省济宁市中区南北晁家街1号,0537-2214406,山东省,济宁市,市中区,
潍坊市寿光现代中学,市重点,民办,中学,山东省潍坊市寿光市东环路69号,0536-5115230,山东省,潍坊市,寿光市,
邹城市第一中学,市重点,公办,中学,邹城市太平东路,,山东省,济宁市,,
乐清市乐成寄宿中学,省重点,民办,中学,浙江省乐清市城南街道朋岙村,0577-27882222,浙江省,温州市,乐清市,
浙江省苍南中学,省重点,公办,中学,浙江省温州市苍南县灵溪镇仁英路,0577-64838682，64838640,浙江省,温州市,苍南县,
浙江省杭州第十四中学,市重点,公办,中学,杭州市拱墅区龙腾街500号,0571-88467690,浙江省,杭州市,拱墅区,
浙江省浦江中学,,,,,,,,,
重庆市巴川国际高级中学校,,,,,,,,,
重庆市树人中学校,,,,,,,,,
阜阳市第三中学,省重点,公办,中学,黑龙江省哈尔滨市南岗区果戈里大街415号,0451-53636578,黑龙江,哈尔滨市,南岗区,
利辛县第一中学,省重点,公办,中学,安徽省亳州市利辛县城关镇马桥世纪大道第一中学,,安徽省,亳州市,利辛县,
澳門勞工子弟舉校,,,,,,,,,
北京景山学校,市重点,公办,中学,北京市东城区灯市口大街53号,010-65252555,北京市,北京市,东城区,
北京市第十八中学,区重点,公办,中学,北京市丰台区方庄芳星园二区,010-67634326,北京市,北京市,丰台区,
北京市广渠门中学,区重点,公办,中学,北京市白桥大街甲1号,010-67183773,北京市,北京市,东城区,
福建省武平县第一中学,普通,公办,中学,福建省龙岩市武平县沿河西路44号,86-（0）597-4822433,福建省,龙岩市,武平县,
晋江市季延中学,普通,私立,中学,福建省泉州市晋江市罗山街道,,福建省,泉州市,晋江市,
会宁县第一中学,省重点,公办,中学,福建省福州市东街附近,0591-87551426,福建省,福州市,鼓楼区,
秦安县第一中学,省重点,公办,中学,福建省福州市东街附近,0591-87551426,福建省,福州市,鼓楼区,
毕节市北大附校,,,,,,,,,
毕节市第一中学,省重点,公办,中学,福建省福州市东街附近,0591-87551426,福建省,福州市,鼓楼区,
凯里市第一中学,省重点,公办,中学,贵州省凯里市文化北路30号,0855-8506108 传 真：0855-8503668邮 编：556000 校址：贵州省凯里市文,贵州省,黔东南,凯里市,
盘州市第二中学,市重点,公办,中学,北京市东城区内务部街15号,010-65274375,北京市,北京市,东城区,
嘉积中学,省重点,公办,中学,海南省琼海市嘉积镇富侨路1号,0898-31692345,海南省,海口市,,
临高中学,,,,,,,,,
石家庄市第五中学,省重点,公办,中学,河北省石家庄市水源街109号,0311-87832934,河北省,石家庄市,,
焦作市宇华实验学校,市重点,公办,中学,河南省焦作市解放中路148号-196号,0391-2922244,河南省,焦作市,,
湖北省武昌实验中学,省重点,公办,中学,武汉市武昌火炬路48号,027-88873891,湖北省,武汉市,武昌区,
随州市第二高级中学,普通,公办,中学,湖北省随州市曾都区舜井大道97号,0722-3246760,湖北省,随州市,曾都区,
随州市第一中学,省重点,公办,中学,随州市曾都区擂鼓墩大道,,湖北省,随州市,曾都区,
武汉市洪山高级中学,省重点,公办,中学,武汉市洪山区雄楚大街熊家咀特一号,027-87188089,湖北省,武汉市,洪山区,
夷陵中学,省重点,公办,中学,湖北省宜昌市城东大道51号,0717-6924505 6924507 6924106,湖北省,宜昌市,夷陵区,
湘潭县第一中学,省重点,公办,中学,湖南省湘潭市湘潭县,0731-57823158,湖南省,湘潭市,湘潭县,
吉林省四平市第十七中学,省重点,公办,中学,河北省石家庄市新华区华西路136号,0311-87883496,河北省,石家庄市,桥西区,
常州市第二十四中学,普通,私立,中学,常州市罗汉路9号,,江苏省,常州市,,
江苏省大丰高级中学,普通,公办,中学,中国江苏省大丰市幸福西路99号,,江苏省,盐城市,大丰市,
江苏省姜堰中学,省重点,公办,中学,江苏省姜堰市古田路181号,0523-88242303,江苏省,泰州市,姜堰区,
江苏省靖江高级中学,省重点,公办,中学,泰州市靖江市通江路与渡江路交汇处,,江苏省,泰州市,靖江市,
江苏省梁丰高级中学,市重点,公办,中学,江苏省张家港市国泰南路2号,0512-56918808,江苏省,苏州市,张家港市,
江苏省如皋中学,省重点,公办,中学,南通市如皋市育贤路601号,,江苏省,南通市,如皋市,
江苏省通州高级中学,,,,,,,,,
江苏省宜兴中学,市重点,公办,中学,江苏省无锡市宜兴市太湖大道280号&#8195;,0510-87983751，87996664,江苏省,无锡市,宜兴市,
西安交通大学苏州附属中学,普通,公办,中学,江苏省苏州工业园区方洲路598号,0512-65936297、65936296、65936221,江苏省,苏州市,平江区,
赣州市第一中学,省重点,公办,中学,江西省赣州市,0797-8112448,江西省,赣州市,,
高安二中,普通,公办,中学,高安市桥南路442号,0795-5212210,江西省,宜春市,高安市,
江西省上犹中学,普通,公办,中学,上犹县城上西村路66号,0797-8542216,江西省,赣州市,上犹县,
新余一中,普通,公办,中学,江西省新余市沿江路358号,0790-6660011/0790-6660039,江西省,新余市,,
大连市大开一中,,,,,,,,,
葫芦岛市第一高级中学,市重点,公办,中学,西藏自治区日喀则地区山东路23号,0892-8822415,西藏,日喀则地区,,
通辽实验中学,,,,,,,,,
格尔木市第二中学,市重点,公办,中学,北京市东城区内务部街15号,010-65274375,北京市,北京市,东城区,
莒县文心高级中学,,,,,,,,,
青岛第五十八中学,省重点,公办,中学,青岛市李沧区九水路20号,0532-87895410,山东省,青岛市,李沧区,
山东省高密市第一中学,省重点,公办,中学,山东省高密市文昌街569号,0536－2323289,山东省,潍坊市,高密市,
山东省泰安第二中学,省重点,公办,中学,山东省泰安市泰山区虎山东路6号,0538-6235328,山东省,泰安市,泰山区,
山东省招远第一中学,省重点,公办,中学,山东省烟台市招远市文化路12号,0535-8214002,山东省,烟台市,招远市,
山东省诸城第一中学,省重点,公办,中学,山东省潍坊市诸城市龙都街道驻地,0536-2168001,山东省,潍坊市,诸城市,
山东省邹平县第一中学,市重点,公办,中学,"山东省滨州市邹平县黄山三路205号	 山东省滨州市邹平县鹤伴二路166号",0543-4260001,山东省,滨州市,邹平县,
太原市五育中学校,普通,民办,中学,山西省太原市青年路58号,0351-4094825 13994310374,山西省,太原市,迎泽区,
四川省广元外国语学校,,,,,,,,,
宝坻一中,市重点,公办,中学,天津市宝坻区海滨街北城路东段1号,022-29228996,天津市,天津市,宝坻区,
静海第一中学,市重点,公办,中学,天津市静海县地纬路中段,022-68600800,天津市,天津市,静海区,
天津外国语大学附属中学,,,,,,,,,
杨村第一中学,市重点,公办,中学,天津市武清新城南东路282号,022－59689168  82171242,天津市,天津市,武清区,
林芝市二高,,,,,,,,,
喇沙書院,,,,,,,,,
聖言中舉,,,,,,,,,
华山中学,省重点,公办,中学,新疆库尔勒市建国路3号,0996-2163060,新疆,,,
云南省保山第一中学,,,,,,,,,
昭通一中,省重点,公办,中学,云南省昭通市昭阳区学生路181号,0870-2168019,云南省,昭通市,昭阳区,
杭州江南实验学校,市重点,民办,中学,浙江省杭州市滨江区滨和路958号,0571-86628112,浙江省,杭州市,滨江区,
衢州市兴华中学,区重点,公办,中学,郑州市二七区兴华北街10号,0371-67436712,河南省,郑州市,二七区,
绍兴市柯桥区柯桥中学,省重点,公办,中学,浙江省绍兴市绍兴县绍兴县柯桥街道山阴路785号,0575-84115365,浙江省,绍兴市,绍兴县,
嵊州中学,,,,,,,,,
浙江省诸暨市洸江教育集团洸江初中,,,,,,,,,
安徽省安庆市第四中学,省重点,公办,中学,安徽省安庆市龙山路67号,0556-5513818,安徽省,安庆市,,
合肥市第四十六中学,普通,公办,中学,合肥市滨湖新区西藏路与云谷路交口,0551-2814546,安徽省,合肥市,,
培正中舉,,,,,,,,,
北京市八一学校,市重点,公办,中学,北京市海淀区苏州街29号,010-62566896,北京市,北京市,海淀区,
福建省大田县第一中学,省重点,公办,中学,福建省福州市东街附近,0591-87551426,福建省,福州市,鼓楼区,
福建省泉州市培元中学,普通,私立,中学,泉州市鲤城区新华北路花棚下,0595-22383362,福建省,泉州市,,
福建省三明第一中学,省重点,公办,中学,福建省三明市三元区富兴路12号,0598-8337573,福建省,三明市,三元区,
福建省漳平市第三中学,省重点,公办,中学,黑龙江省哈尔滨市南岗区果戈里大街415号,0451-53636578,黑龙江,哈尔滨市,南岗区,
漳州立人学校,,,,,,,,,
白银市第十中学,省重点,公办,中学,山西省太原市晋阳街201号,0351-7897022,山西省,太原市,小店区,
嘉峪关市酒钢三中,省重点,公办,中学,甘肃省嘉峪关市长城路东路2号,0937-6717343,甘肃省,嘉峪关市,,
山丹县第一中学,省重点,公办,中学,福建省福州市东街附近,0591-87551426,福建省,福州市,鼓楼区,
佛山市南海区桂城街道桂江第一初级中学,,,,,,,,,
佛山市南海外国语学校,,,,,,,,,
广州市海诛区六中珠江中学,区重点,民办,中学,广东省广州大道南逸景路芳盛街60号,020-89022630,广东省,广州市,海珠区,
深圳大学师范学院附属中学,省重点,公办,中学,深圳市南山区前海路101号,0755-26453698,广东省,深圳市,南山区,
深圳实验学校高中部,省重点,公办,中学,深圳市南山区西丽街道同发路99号,0755-83361223,广东省,深圳市,南山区,
深圳市富源学校,普通,民办,中学,深圳市宝安区西乡街道洲石路九围富源教育城,0755-27474218  0755-27474318,广东省,深圳市,宝安区,
深圳市红岭中学,省重点,公办,中学,深圳市福田区红岭中路园岭九街2027号,0755-22208050,广东省,深圳市,福田区,
湛江第一中学,省重点,民办,中学,广东省湛江市赤坎区平阳路,0759-3168672,广东省,湛江市,赤坎区,
钦州二中,省重点,公办,中学,广西钦州市扬帆北大道,0777-2368008,广西,钦州市,,
梧州高中,,,,,,,,,
观山湖区第一高级中学,普通,公办,中学,贵州省贵阳市观山湖区石龙路24号,0851-84808802,贵州省,贵阳市,观山湖区,
贵州省铜仁第一中学,省重点,公办,中学,贵州省铜仁市向阳路7号,0856-5223234,贵州省,铜仁地区,铜仁市,
黔南布依族苗族自治州都匀第一中学,省重点,公办,中学,贵州省黔南布依族苗族自治州都匀市环东北路133号（558000）,0851-4838137,贵州省,黔南,都匀市,
北京师范大学万宁附属中学,,,,,,,,,
海口山高高级实验中学,,,,,,,,,
海口一中,省重点,公办,中学,海南省海口市龙华路14号,0898—66225979,海南省,海口市,,
保定市第一中学,市重点,公办,中学,河北保定河北省保定市三丰路1号,0312-2136544,河北省,保定市,北市区,
郸城一高,,,,,,,,,
商丘市第一高级中学,省重点,公办,中学,,,河南省,商丘市,,
荥阳市高级中学,省重点,公办,中学,浙江省杭州市下城区凤起路238号,0571-85155827 / 85155951 / 85179872,浙江省,杭州市,下城区,
郑州市第四中学,市重点,公办,中学,二七区京广北路86号,0371-6964516,河南省,郑州市,二七区,
绥化市第一中学,省重点,公办,中学,福建省福州市东街附近,0591-87551426,福建省,福州市,鼓楼区,
黄陂区第一中学,省重点,公办,中学,武汉市黄陂区前川街油岗村,027-85920001,湖北省,武汉市,黄陂区,
衡阳市一中,,,,,,,,,
湖南省醴陵第一中学,,,,,,,,,
宁乡市第一高级中学,省重点,公办,中学,湖南宁乡县玉潭镇二环西路100号,"0731-87806818,87806770",湖南省,长沙市,宁乡县,
长沙青竹湖湘一外国语学校,市重点,民办,中学,湖南省长沙市青竹湖外商城内青湖大道,0731-84871088,湖南省,长沙市,长沙县,
吉林毓文中学,市重点,公办,中学,吉林省吉林市松江中路101号,0432-64833505 64833516 13294468855,吉林省,吉林市,船营区,
长春市九台区第一中学,省重点,公办,中学,福建省福州市东街附近,0591-87551426,福建省,福州市,鼓楼区,
常州市正衡中学,普通,民办,中学,江苏省常州市天宁区清凉东路48号,88869675—8068,江苏省,常州市,天宁区,
江苏省江都中学,市重点,公办,中学,江苏省扬州市江都区浦江路155号,0514-86880123,江苏省,扬州市,江都市,
江苏省南菁高级中学,省重点,公办,中学,江阴国家高新技术产业开发区龙定路158号,0510-86990206  0510-86884429,江苏省,无锡市,江阴市,
江苏省宿迁中学,省重点,公办,中学,江苏省宿迁市宿城区微山湖路201号,0527-84507001,江苏省,宿迁市,,
无锡市第一中学,省重点,公办,中学,江苏省无锡市北塘区运河东路98号,0510-82805124,江苏省,无锡市,,
丰城中学,普通,公办,中学,东方红大街56号,0795-6428559,江西省,宜春市,丰城市,
江西省鄱阳县第一中学,省重点,公办,中学,湖南省衡阳市衡东县向阳路,0734—5222381,湖南省,衡阳市,衡阳县,
江西省万年中学,普通,公办,中学,江西省上饶市万年县陈营镇六〇南路43号,0793-3838169,江西省,上饶市,万年县,
景德镇二中,,,,,,,,,
新干中学,省重点,公办,中学,江西省吉安市新干县塘头街胜利路30号,0796-2682054,江西省,吉安市,新干县,
大连市第八中学,省重点,公办,中学,大连市沙河口区抚顺街永明巷12号,0411-84643343,辽宁省,大连市,沙河口区,
大连市第一中学,省重点,公办,中学,辽宁省大连市西岗区北京街71号,（0411）82640963,辽宁省,大连市,西岗区,
北师大集宁附中,,,,,,,,,
赤峰红旗中学,,,,,,,,,
赤峰林东一中,,,,,,,,,
赤峰平煤高中,,,,,,,,,
乌海一中,,,,,,,,,
固原一中,市重点,公办,中学,宁夏固原市文化街8号,0954-7285516,宁夏,固原市,,
西吉中学,,,,,,,,,
大通二中,,,,,,,,,
格尔木市第一中学,省重点,公办,中学,福建省福州市东街附近,0591-87551426,福建省,福州市,鼓楼区,
青海省西宁市第二中学,市重点,公办,中学,北京市东城区内务部街15号,010-65274375,北京市,北京市,东城区,
德州市陵城区第一中学,省重点,公办,中学,福建省福州市东街附近,0591-87551426,福建省,福州市,鼓楼区,
德州市齐河县第一中学,市重点,公办,中学,山东省德州市齐河县城齐心大街西段,0534-5652502,山东省,德州市,齐河县,
肥城市第一高级中学,市重点,公办,中学,西藏自治区日喀则地区山东路23号,0892-8822415,西藏,日喀则地区,,
胶州市实验中学,市重点,公办,中学,青岛市胶州市福州北路15号,0532-87214015,山东省,青岛市,胶州市,
临清市第一中学,省重点,公办,中学,福建省福州市东街附近,0591-87551426,福建省,福州市,鼓楼区,
青岛大学附属中学,市重点,民办,中学,山东省青岛市市南区逍遥三路4号,0532-68898155,山东省,青岛市,市南区,
山大华特卧龙学校,普通,公办,中学,山东省沂南县城澳柯玛大道中段,0539-3862188,山东省,临沂市,,
山东省昌乐第一中学,省重点,公办,中学,山东省潍坊市县城永康路1358号,0536-6297407,山东省,潍坊市,昌乐县,
山东省莱西市实验学校,市重点,公办,中学,上海市浦东新区东明路300号,021-50866819,上海市,上海市,浦东新区,
山东省平度第一中学,普通,公办,中学,山东省青岛市平度市天津路101号,0532-88392068,山东省,青岛市,平度市,
山东省五莲县第一中学,县重点,公办,中学,山东省五莲县县城育才路18号,0633—5213084,山东省,日照市,,
山东省诸城繁华中学,市重点,公办,中学,山东省潍坊市诸城市人民东路105号,0536-6051007,山东省,潍坊市,诸城市,
泰安市东平高级中学,,,,,,,,,
泰安英雄山中学,,,,,,,,,
滕州一中新校,,,,,,,,,
威海市第一中学,省重点,公办,中学,山东省威海市环翠区高技区文化中路75号,0631-5819545,山东省,威海市,环翠区,
榆次一中,省重点,公办,中学,山西省榆次（一中）,0354-2032714,山西省,晋中市,榆次区,
汉中市龙岗学校,普通,民办,中学,陕西省汉中市大河坎龙岗东路,0916-5370099,陕西省,汉中市,南郑县,
三台中学实验学校,,,,,,,,,
宝坻区第四中学,普通,公办,中学,天津市宝坻区进京路30号,022-29241206,天津市,天津市,宝坻区,
拉萨江苏实验中学,,,,,,,,,
拉萨市四高,,,,,,,,,
昆明市第十中学,省重点,民办,中学,云南省昆明市 白塔路247号,（0871）3067002,云南省,昆明市,盘龙区,
云南省楚雄第一中学,县重点,公办,中学,云南省楚雄市鹿城南路291号邮政编码：675000e-mail：cxyz,,云南省,楚雄,楚雄市,
宁波市鄞州中学,省重点,公办,中学,宁波市鄞州区邱隘盛垫桥,0547-88357420 28819027,浙江省,宁波市,鄞州区,
衢州市实验学校,市重点,公办,中学,上海市浦东新区东明路300号,021-50866819,上海市,上海市,浦东新区,
绍兴鲁迅中学,省重点,公办,中学,浙江省绍兴市柯桥区湖东路1号,0575-81169016,浙江省,绍兴市,,
绍兴市第一初级中学教育集团龙山校区,,,,,,,,,
余姚市子陵中学教育集团,普通,公办,中学,浙江余姚金昌路,0574-62660048,浙江省,宁波市,余姚市,
浙江省东阳中学,普通,公办,中学,浙江省金华市东阳市学士北路1号,0579-86660006,浙江省,金华市,东阳市,
安徽省滁州中学,省重点,公办,中学,南谯区同乐西路99号,0550-3305059,安徽省,滁州市,南谯区,
安徽省怀远第一中学,县重点,公办,中学,怀远县城关镇乳泉,0552－8050649,安徽省,淮南市,,
安徽省马鞍山市花园初级中学,,,,,,,,,
安徽省全椒中学,普通,公办,中学,滁州市全椒县内环南路与南三路交叉,,安徽省,滁州市,全椒县,
安徽省寿县第一中学,省重点,公办,中学,安徽省淮南市寿县楚都大道与状元路交叉路口,0554-2766208,安徽省,淮南市,寿县,
安徽省铜陵市第十中学,市重点,公办,中学,长江西路106号,0562-2832944 丁震,安徽省,铜陵市,,
安徽省无为第三中学,,,,,,,,,
安徽省无为中学,普通,公办,中学,安徽省芜湖市无为市无城西大街104号,,安徽省,芜湖市,,
安徽省歙县中学,普通,公办,中学,黄山市歙县城东路58号,0559-6534505,安徽省,合肥市,,
安庆市桐城中学,省重点,公办,中学,安徽省桐城市公园路10号,0556-6121503,安徽省,安庆市,桐城市,
蚌埠新城实验学校,普通,公办,中学,蚌埠市蚌山区航苑路200号,,安徽省,蚌埠市,蚌山区,
亳州市第一中学,省重点,公办,中学,亳州市谯城区新华北路22号,,安徽省,亳州市,,
巢湖市第二中学,市重点,公办,中学,北京市东城区内务部街15号,010-65274375,北京市,北京市,东城区,
滁州市新航高中,,,,,,,,,
东至县第二中学,市重点,公办,中学,北京市东城区内务部街15号,010-65274375,北京市,北京市,东城区,
阜阳市成效中学,,,,,,,,,
合肥市第五十中学东校,省重点,公办,中学,安徽省合肥市蜀山区肥西路65号,0551-5113487,安徽省,合肥市,蜀山区,
马鞍山市成功学校,省重点,民办,中学,安徽省马鞍山市车站路18号,0555-2400797,安徽省,马鞍山市,,
马鞍山市第七中学,省重点,公办,中学,杭州市上城区解放路50号,85451987（校长室）  85452036（教务处）,浙江省,杭州市,上城区,
马鞍山市含山中学,,,,,,,,,
宁国中学,,,,,,,,,
濠江中学,,,,,,,,,
劳工子弟学校,,,,,,,,,
培道中学,,,,,,,,,
聖保祿學校,,,,,,,,,
北京交通大学附属中学,,,,,,,,,
北京市朝阳外国语学校,区重点,民办,中学,北京市朝阳区亚运村慧忠北里203号 （高中部）北京市朝阳区亚运村慧忠里232号（初中部）慧忠里206（小学部）,010-64885151,北京市,北京市,朝阳区,
北京市第九中学,区重点,公办,中学,北京市石景山区模式口大街16号,010-88753160,北京市,北京市,石景山区,
北京市第十九中学,区重点,公办,中学,北京市海淀区万泉河路83号,010-82518546,北京市,北京市,海淀区,
北京市一五九中学,区重点,公办,中学,北京市西城区王府仓胡同23号,010-66039705,北京市,北京市,西城区,
福鼎一中,省重点,公办,中学,福建省福州市福鼎城关西园路101号,0769-7852102,福建省,宁德市,福鼎市,
福建省福安市第一中学,市重点,公办,中学,高中部福建省福安市溪北洋新区学园路1号,0593-6382128,福建省,宁德市,福安市,
福建省福州第二中学,,,,,,,,,
福建省福州第十九中学,省重点,公办,中学,福建省福州庆城路16号,（0591）87553685,福建省,福州市,鼓楼区,
福建省南安国光中学,,,,,,,,,
福建省南平第一中学,省重点,公办,中学,福建省南平市紫云岗24号,0599－8853660/8849859,福建省,南平市,延平区,
福建省厦门第二中学,省重点,公办,中学,福建省厦门市鼓浪屿安海路14号,0592-2063730,福建省,厦门市,思明区,
福建省厦门第六中学,省重点,公办,中学,厦禾路344号,0592-2022678,福建省,厦门市,思明区,
福建省长乐市航城中学,,,,,,,,,
福建霞浦县第一中学,普通,公办,中学,福建省霞浦县松城镇六一七路361号　邮编:355100,,福建省,宁德市,霞浦县,
福清第一中学,省重点,公办,中学,福州市福清市融城较场路55号,0591—85222581.,福建省,福州市,福清市,
福州第八中学,省重点,公办,中学,福建省福州市八一七中路707号,（0591）83277032,福建省,福州市,台江区,
古田一中,普通,公办,中学,福建省宁德市古田县新城镇614路456号邮编：352200,0593-3882580,福建省,宁德市,古田县,
莆田第四中学,普通,公办,中学,荔城区拱辰办南郊村,0594-2381592,福建省,莆田市,荔城区,
泉州市惠安广海中学,区重点,私立,中学,福建惠安螺城惠泉南路,0595-87322801,福建省,泉州市,惠安县,
厦门实验中学,普通,公办,中学,厦门滨海西大道6666号,0592-7208266,福建省,厦门市,同安区,
厦门英才学校中学部,普通,私立,中学,厦门市杏林北三路63号,,福建省,厦门市,集美区,
同安一中,省重点,公办,中学,福建省厦门市同安区轮山路1号,0592-7229135,福建省,厦门市,同安区,
永春一中,县重点,公办,中学,福建省泉州市永春县,,福建省,泉州市,永春县,
永定一中,市重点,公办,中学,福建省龙岩市凤凰山麓,,福建省,龙岩市,永定县,
甘谷一中,,,,,,,,,
酒泉中学,省重点,公办,中学,甘肃省酒泉市肃州区西大街9号&n,0937-2614856 管理员邮箱：chengchr@sina.com 址：甘肃省酒泉市肃州区西大,甘肃省,酒泉市,肃州区,
兰州三十五中,,,,,,,,,
兰州市第六十一中学,,公办,中学,和平区湖南路16号,022-23396243,天津市,天津市,和平区,
兰州市第三十三中学,省重点,公办,中学,甘肃省兰州市城关区一只船南街2号,0931-8846809,甘肃省,兰州市,城关区,
兰州市第五十八中,省重点,公办,中学,甘肃省兰州市福利东路212号,0931-7557011,甘肃省,兰州市,西固区,
民勤县第一中学,省重点,公办,中学,福建省福州市东街附近,0591-87551426,福建省,福州市,鼓楼区,
宁县二中,普通,公办,中学,江西省九江市武宁县竹岭六区,0792-2781234,江西省,九江市,武宁县,
张掖市第二中学,市重点,公办,中学,北京市东城区内务部街15号,010-65274375,北京市,北京市,东城区,
镇原中学,,,,,,,,,
东莞市东莞外国语学校,普通,公办,中学,东莞市寮步横坑横塘路2号,0769-83301472,广东省,东莞市,寮步镇,
广州市广外附设外语学校,普通,民办,中学,广州市白云区广花一路599号,020-36246518,广东省,广州市,白云区,
汕头市金园实验中学,普通,民办,中学,广东省汕头市龙眼路16号,0754-88527832,广东省,汕头市,金平区,
汕头市龙湖实验中学,普通,民办,中学,广东省汕头市龙湖区23街区锦龙路,0754-88787020/88787022,广东省,汕头市,龙湖区,
珠海市第二中学,省重点,公办,中学,广东珠海市香洲人民东路65号,（0756）2227792,广东省,珠海市,香洲区,
桂林中学,省重点,公办,中学,解放西路58号,0773--2825101,广西,桂林市,,
柳州市第十五中学,省重点,公办,中学,山东省青岛市登州路22号乙,0532-82722107,山东省,青岛市,市北区,
北京师范大学贵阳附属中学,,,,,,,,,
毕节清华国中,,,,,,,,,
岑巩一中,,,,,,,,,
贵阳乐湾国际实验学校,,,,,,,,,
贵州省贵定县贵定中学,,,,,,,,,
贵州省黎平县第一民族中学,,,,,,,,,
贵州省瓮安中学,,,,,,,,,
剑河民族中学,,,,,,,,,
金沙县第一中学,普通,公办,中学,福建省三明市沙县城关文庙路５５号,0958-5699552,福建省,三明市,,
黔南布依族苗族自治州都匀第二中学,,,,,,,,,
清镇市第一中学,县重点,公办,中学,清镇市前进路303号,0851-2521228,贵州省,贵阳市,清镇市,
仁怀一中,,,,,,,,,
思南中学,省重点,公办,中学,贵州省思南县思唐镇文化街197号,0856-7225114,贵州省,铜仁地区,思南县,
习水县第五中学,市重点,公办,中学,北京市东城区细管胡同13号,010-64042971/64040729,北京市,北京市,东城区,
正安县第一中学,普通,公办,中学,贵州省遵义市正安县文化北路东100米,,贵州省,遵义市,正安县,
海南农垦中学,,,,,,,,,
海南省国兴中学,省重点,公办,中学,海南省府城镇海口城南路,0898－65904730,海南省,海口市,,
华中师大一附中屯昌思源实验中学,,,,,,,,,
沧州市第一中学,省重点,公办,中学,沧州市维明路16号,0317-3024846,河北省,沧州市,,
精英中学,普通,私立,中学,河北省石家庄市高新区学苑路25号,0311-85318577/87318108,河北省,石家庄市,高新区,
武安一中,省重点,公办,中学,河北省武安市公园东街89号,0310--5652756 5653134,河北省,邯郸市,,
张家口宣化一中,,,,,,,,,
河南省淮滨高圾中学,,,,,,,,,
濮阳市第一高级中学,省重点,公办,中学,河南省濮阳市益民路西段,0393-8996706,河南省,濮阳市,华龙区,
三门峡外国语高级中学,,,,,,,,,
睢县高级中学,,,,,,,,,
淅川县一高,,,,,,,,,
夏邑县高级中学,省重点,公办,中学,商丘市夏邑县县府路东段127号,0370-6222811,河南省,商丘市,夏邑县,
许昌市建安区第三高级中学,省重点,公办,中学,南京市白下区白下路117号,025-84506950  025-86642872,江苏省,南京市,白下区,
柘城第二高级中学,,,,,,,,,
郑州市第一0一中学,,,,,,,,,
郑州市京广实验学校,普通,民办,中学,河南省郑州市京广北路86号,0371--66980959   86601563,河南省,郑州市,二七区,
郑州市明新中学,,,,,,,,,
周口扶沟县高中,,,,,,,,,
阿城区第一中学,省重点,公办,中学,黑龙江省哈尔滨市阿城区延川大街1号,0451-53960666,黑龙江,哈尔滨市,阿城市,
大庆外国语学校,,,,,,,,,
富锦市第一中学,省重点,公办,中学,福建省福州市东街附近,0591-87551426,福建省,福州市,鼓楼区,
哈尔滨市第九中学校,省重点,公办,中学,黑龙江省哈尔滨市香坊区和平路165号,0451-82801485,黑龙江,哈尔滨市,香坊区,
哈尔滨市第一二二中学校,市重点,公办,中学,黑龙江省哈尔滨市香坊区旭升街308号,0451-87951002,黑龙江,哈尔滨市,香坊区,
哈尔滨顺迈学校,,,,,,,,,
黑河市第一中学,省重点,公办,中学,福建省福州市东街附近,0591-87551426,福建省,福州市,鼓楼区,
牡丹江市第二高级中学,省重点,公办,中学,浙江省温州市黄龙住宅区盛锦路2号,0577-88751622 88773576,浙江省,温州市,,
七台河市实验高级中学,省重点,公办,中学,广东省中山市东区东江路12号,76088331091,广东省,中山市,,
肇源县第一中学,省重点,公办,中学,福建省福州市东街附近,0591-87551426,福建省,福州市,鼓楼区,
湖北11中,,,,,,,,,
湖北省荆门市龙泉中学,省重点,公办,中学,荆门市海慧路38号,0724-2304308,湖北省,荆门市,,
湖北省实验中学,省重点,公办,中学,山西省太原市晋阳街201号,0351-7897022,山西省,太原市,小店区,
武汉市第六中学,省重点,公办,中学,武汉市江岸区球场路64号,027-82426932,湖北省,武汉市,江岸区,
武汉市第三中学,省重点,公办,中学,武汉市汉阳区拦江路150号,027-84842546,湖北省,武汉市,汉阳区,
郴州市第一中学,省重点,公办,中学,福建省福州市东街附近,0591-87551426,福建省,福州市,鼓楼区,
衡阳市成章实验中学,省重点,民办,中学,衡阳市雁峰区罗金桥6号即幼师隔壁,0734-8472778,湖南省,衡阳市,,
湖南省常德芷兰实验学校,,,,,,,,,
湖南省澧县第一中学,普通,公办,中学,湖南澧县梨园,0736－3242489 3242485,湖南省,常德市,澧　县,
湖南师大第二附属中学,,,,,,,,,
耒阳市二中,,,,,,,,,
澧县澧阳中学,,,,,,,,,
桃源县第一中学,省重点,公办,中学,湖南省桃源县漳江镇环城路天子岗,0736-6623233,湖南省,常德市,桃源县,
湘西州民族中学,,,,,,,,,
湘一芙蓉中学,区重点,公办,中学,湖南省长沙市芙蓉区五一大道502号,0731--89717118,湖南省,长沙市,芙蓉区,
永州四中,省重点,公办,中学,永州市冷水滩区西区路166号,,湖南省,永州市,冷水滩区,
长沙市周南中学,省重点,公办,中学,湖南省长沙市芙蓉北路开福区北正街291号,0731-4310894　4314336,湖南省,长沙市,开福区,
白城一中,,,,,,,,,
吉化第一高级中学校,省重点,公办,中学,吉林省吉林市龙潭区武汉路25号,0432－63968098,吉林省,吉林市,龙潭区,
吉林省第二实验学校,省重点,公办,中学,吉林省长春市人民大街6465号,0431-85382946 0431-85384408,吉林省,长春市,,
集安市第一中学,省重点,公办,中学,福建省福州市东街附近,0591-87551426,福建省,福州市,鼓楼区,
蛟河市第一中学校,省重点,公办,中学,四川省成都市新都区如意大道50号,（028）83975830 　83015181 15908146139,四川省,成都市,新都区,
梅河口市第五中学,市重点,公办,中学,北京市东城区细管胡同13号,010-64042971/64040729,北京市,北京市,东城区,
松原市实验高级中学,省重点,公办,中学,吉林省松原市宁江区长宁南街358号,0438—5082988,吉林省,松原市,宁江区,
通化市第一中学校,省重点,公办,中学,四川省成都市新都区如意大道50号,（028）83975830 　83015181 15908146139,四川省,成都市,新都区,
长春市第二中学,省重点,公办,中学,吉林省长春市朝阳区清和街38号,0431-88524768,吉林省,长春市,朝阳区,
常州市第二中学,省重点,公办,中学,江苏省常州市西横街28号,,江苏省,常州市,,
常州市戚墅堰高级中学,,,,,,,,,
常州市武进区湖塘实验中学,市重点,私立,中学,武进区定安东路18号,,江苏省,常州市,,
常州市武进区前黄实验学校,普通,民办,中学,江苏省常州市武进区前黄镇新园路14号,（0519）68881503,江苏省,常州市,武进区,
江苏省宝应中学,省重点,公办,中学,江苏省扬州市宝应县白田南路1号,0514-88266789,江苏省,扬州市,宝应县,
江苏省滨海中学,普通,公办,中学,广东省汕头市濠江区滨海街道钱塘居委北侧（河浦大道和安海路交界处）,0754-7871146,广东省,汕头市,濠江区,
江苏省大港中学,普通,公办,中学,大港镇浦港路西首,021-57853591,上海市,上海市,松江区,
江苏省东台中学,省重点,公办,中学,盐城市东台市东城大道1号,0515-85318300,江苏省,盐城市,东台市,
江苏省赣榆高级中学,省重点,公办,中学,连云港市赣榆区金海路23号,0518-86227006,江苏省,连云港市,赣榆县,
江苏省高邮中学,,,,,,,,,
江苏省海州高级中学,,,,,,,,,
江苏省邗江中学,省重点,公办,中学,江苏省扬州市百祥路148号,0514-87983630,江苏省,扬州市,邗江区,
江苏省昆山中学,省重点,公办,中学,江苏省昆山市玉山镇西塘街26号,0512-57591578  0512-57591550,江苏省,苏州市,昆山市,
江苏省南通中学,省重点,公办,中学,江苏省南通市中学堂街9号,0513-85510927   0513-85129225,江苏省,南通市,,
江苏省前黄高级中学,省重点,公办,中学,江苏省常州市湖塘镇广电东路2号,,江苏省,常州市,,
江苏省射阳中学,省重点,公办,中学,盐城市射阳县合德镇幸福大道28号,0515-82353279,江苏省,盐城市,射阳县,
江苏省沐阳高级中学,市重点,公办,中学,江苏省沭阳县学府中路1号,0527-83582838,江苏省,宿迁市,沭阳县,
江苏省泗阳致远中学,普通,民办,中学,泗阳县繁荣北路1号（老校区），泗阳县上海路60号（新校区）,0527-88331092,江苏省,宿迁市,泗阳县,
江苏省苏州第十中学,省重点,公办,中学,江苏省苏州市带城桥下塘18号,0512-65222275,江苏省,苏州市,沧浪区,
江苏省太仓高级中学,省重点,公办,中学,江苏省太仓市城厢镇健雄路11号,0512-53543162,江苏省,苏州市,太仓市,
江苏省泰兴中学,省重点,公办,中学,江苏省泰兴市龙河路168号,0523-87622031,江苏省,泰州市,泰兴市,
江苏省兴化中学,省重点,公办,中学,泰州市兴化市九顷北路6号,0523-83217000,江苏省,泰州市,兴化市,
江苏省镇江中学,普通,公办,中学,镇江市润州区坡岗路镇江国投商务广场西北侧,,江苏省,镇江市,润州区,
南京市第二十九中学,省重点,公办,中学,南京市鼓楼区蓝天园23号,025-86267866,江苏省,南京市,鼓楼区,
徐州市第三中学,省重点,公办,中学,徐州市民主北路47号,0516-83759226,江苏省,徐州市,鼓楼区,
徐州市第一中学,省重点,公办,中学,江苏省徐州市夹河前街26号,0516-85885002,江苏省,徐州市,云龙区,
盐城市大丰区买验初级中学,,,,,,,,,
张家港市外国语学校,普通,民办,中学,苏州市张家港市暨阳东路256号,0512-58285703,江苏省,苏州市,张家港市,
赣州市文清外国语学校,,,,,,,,,
广丰中学,市重点,公办,中学,无锡市广瑞路1181号,0510-82442930,江苏省,无锡市,梁溪区,
贵溪市第一中学,普通,公办,中学,贵溪市南街85号,0701-3771040,江西省,鹰潭市,贵溪市,
吉安市吉水中学,普通,公办,中学,吉水县城南开发区文山大道东侧,,江西省,吉安市,吉水县,
江西省广昌县第一中学,省重点,公办,中学,江西省抚州市广昌县,0794—3622483,江西省,抚州市,广昌县,
江西省广丰贞白中学,普通,公办,中学,上饶市广丰区迎宾大道66号,,江西省,上饶市,广丰县,
江西省南康中学,省重点,公办,中学,泰康西路53号,0797-6612492,江西省,赣州市,南康市,
江西省修水县第一中学,普通,公办,中学,江西省九江市修水县凤凰山路67号,,江西省,九江市,修水县,
江西省于都中学,普通,公办,中学,江西省赣州市于都县贡江镇文教路38号,0797-6218992,江西省,赣州市,于都县,
临川二中,普通,公办,中学,临川区上顿渡龙津路67号,0794-8441448,江西省,抚州市,临川区,
南昌市第三中学,省重点,公办,中学,初中部-南昌市民德路 高中部-南昌市二七北路  南昌市青山湖大道342号,"0791-666666　	 0791-88553266",江西省,南昌市,东湖区,
鄱阳中学,普通,公办,中学,江西省上饶市鄱阳县高门　电话：0793-6282319,0793-6282319,江西省,上饶市,鄱阳县,
石城中学,,,,,,,,,
新余市第四中学,市重点,公办,中学,江西省新余市北湖西路328号,0790-6361179,江西省,新余市,,
信丰中学,市重点,公办,中学,信丰县嘉定镇城西路19号,0797-3319553,江西省,赣州市,信丰县,
兴国平川中学,,,,,,,,,
宜丰中学,普通,公办,中学,江西省宜春市宜丰县城西路1号　联系电话：0795—2782527　,0795—2782527　,江西省,宜春市,宜丰县,
永丰县永丰中学,省重点,公办,中学,江西省吉安市永丰县,,江西省,吉安市,永丰县,
鞍山市新元高级中学,,,,,,,,,
本溪市第十二中学,省重点,公办,中学,南京市下关区中山北路408号,025-58805530  025-58802688,江苏省,南京市,下关区,
大连海湾高中,,,,,,,,,
大连市第八十中学,市重点,公办,中学,辽宁省大连市甘井子区东纬路9号,0411-86667676,辽宁省,大连市,甘井子区,
大连市第四十八中学,省重点,公办,中学,辽宁省大连市沙河口区解放广场2号,0411-84644753,辽宁省,大连市,沙河口区,
大连育文中学,市重点,民办,中学,辽宁省大连市甘井子区虹雨路171号,0411-39973126转8100,辽宁省,大连市,甘井子区,
大石桥市高级中学,省重点,公办,中学,浙江省杭州市下城区凤起路238号,0571-85155827 / 85155951 / 85179872,浙江省,杭州市,下城区,
抚顺二中,,,,,,,,,
锦州中学,,,,,,,,,
沈阳市第二中学,省重点,公办,中学,辽宁省沈阳市五爱街6号/沈北新区沈北路198号（高中部）,024-23900198  024-88086561,辽宁省,沈阳市,沈河区,
沈阳市第一中学,省重点,公办,中学,辽宁省沈阳市大东区航空路11号,024-24830695,辽宁省,沈阳市,大东区,
营口开发区第一高级中学,市重点,公办,中学,湛江市海滨大道中26号,0759-3271036,广东省,湛江市,廉江市,
巴彦淖尔市一中学,,,,,,,,,
包头第一中学,市重点,公办,中学,内蒙古包头市东河区环城路37号,0472-4143088,内蒙古,包头市,东河区,
达拉特旗第一中学,,,,,,,,,
高新二中,,,,,,,,,
临河一中,,,,,,,,,
通辽市开鲁县第一中学,省重点,公办,中学,福建省福州市东街附近,0591-87551426,福建省,福州市,鼓楼区,
乌兰浩特四中,,,,,,,,,
锡盟二中,普通,公办,中学,锡林浩特市阿巴哈纳尔街查干淖尔社区22组88号,,内蒙古,锡林郭勒盟,锡林浩特市,
固原二中,,,,,,,,,
贺兰一中,市重点,公办,中学,宁夏回族自治区银川市贺兰县,,宁夏,银川市,贺兰县,
青铜峡市第一中学,省重点,公办,中学,福建省福州市东街附近,0591-87551426,福建省,福州市,鼓楼区,
银川二十四中,,,,,,,,,
银川九中,,,,,,,,,
中宁中学,,,,,,,,,
中卫一中,市重点,公办,中学,宁夏中卫市沙坡头区中央大道,0955-7012582,宁夏,中卫市,,
青海省格尔木市第七中学,省重点,公办,中学,杭州市上城区解放路50号,85451987（校长室）  85452036（教务处）,浙江省,杭州市,上城区,
青海省海东市第二中学,省重点,公办,中学,青海省平安县平安大道,0972-8610906,青海省,海东地区,平安县,
青海省海东市民和区第一中学,省重点,公办,中学,福建省福州市东街附近,0591-87551426,福建省,福州市,鼓楼区,
青海省西宁市第五中学,普通,公办,中学,青海省西宁市城中区南大街43号,0971－8246140、8248001,青海省,西宁市,城中区,
青海油田第一中学,省重点,公办,中学,河南省濮阳市华龙区辽原路1号,0393-4822372,河南省,濮阳市,华龙区,
茌平二中,,,,,,,,,
东营市胜利第二中学,,,,,,,,,
高唐县第一中学,县重点,公办,中学,河北省保定市唐县,,河北省,保定市,唐　县,
即墨一中,普通,公办,中学,即墨市文化路87号,0532-86658200,山东省,青岛市,即墨区,
济南市历城第一中学,普通,公办,中学,山东省济南市历城区仲宫镇,0531-82991029  82808800   82808811,山东省,济南市,历城区,
济南一中,市重点,公办,中学,山东省济南市历城区二环东路999号,0531-88635858,山东省,济南市,历城区,
莱阳市第一中学,省重点,公办,中学,山东省烟台市莱阳市旌阳路25号,0535-7212748,山东省,烟台市,莱阳市,
临沂国际学校,,,,,,,,,
临邑第一中学,,,,,,,,,
青岛市城阳第一高级中学,省重点,公办,中学,青岛市城阳区流亭立交桥西侧,0532-84717850,山东省,青岛市,城阳区,
曲阜师范大学附属中学,省重点,公办,中学,山东省济宁市曲阜市静轩西路57号,0537-4454900,山东省,济宁市,曲阜市,
日照实验高中,,,,,,,,,
山东大学附属中学,省重点,公办,中学,山东省济南市历城区洪家楼北路177号,0531-88377096,山东省,济南市,历城区,
山东省胶州市第一中学,普通,公办,中学,山东省青岛市胶州市常州路668号,,山东省,青岛市,胶州市,
山东省鄄城县第一中学,市重点,公办,中学,山东省菏泽市鄄城县人民街51号,15964651689,山东省,荷泽市,鄄城县,
山东省青岛第二十六中学,省重点,公办,中学,山东省青岛市市南区京山路18号,0532-83832324,山东省,青岛市,市南区,
山东省青岛第三十九中学,普通,公办,中学,山东省青岛市市南区登州路5号,0532-82719485,山东省,青岛市,市南区,
山东省青岛第五十九中学,,,,,,,,,
山东省青岛第五十三中学,,,,,,,,,
山东省青岛第一中学,省重点,公办,中学,山东省青岛市市南区单县路46号,0532-82682284,山东省,青岛市,市南区,
山东省青岛实验初级中学,,,,,,,,,
山东省五莲县第二中学,市重点,公办,中学,北京市东城区内务部街15号,010-65274375,北京市,北京市,东城区,
山东省沂南县第二中学,市重点,公办,中学,北京市东城区内务部街15号,010-65274375,北京市,北京市,东城区,
山东省枣庄市第三中学,省重点,公办,中学,山东省枣庄市解放中路26号,0632-3310101,山东省,枣庄市,市中区,
山东省淄博第一中学,省重点,公办,中学,山东省淄博市博山区青年路5号,0533-4260420,山东省,淄博市,博山区,
寿光渤海实验学校,,,,,,,,,
潍坊（上海）新纪元学校,,,,,,,,,
潍坊高新技术产业开发区东明学校,普通,公办,中学,潍坊高新区北宫东街,,山东省,潍坊市,,
烟台青华中学,,,,,,,,,
兖州东方中学,普通,私立,中学,山东省青岛市市北区同兴路22号,0532-85617388,山东省,青岛市,市北区,
禹城市第一中学,市重点,公办,中学,德州市禹城市文化街855号,,山东省,德州市,禹城市,
大同煤矿第一中学校,,,,,,,,,
高平市第一中学校,省重点,公办,中学,四川省成都市新都区如意大道50号,（028）83975830 　83015181 15908146139,四川省,成都市,新都区,
晋城市第二中学校,普通,公办,中学,山西省晋城市西大街611号,,山西省,晋城市,,
朔州市城区一中,,,,,,,,,
太原市第二外国语学校,省重点,公办,中学,浙江省温州市瓯海区南白象街道南湖路,0577-85701188　0577-85701567,浙江省,温州市,瓯海区,
太原市第五十六中学校,普通,公办,中学,上海市杨浦区延吉六村16号,021-65482388,上海市,上海市,杨浦区,
太原市外国语中学,省重点,公办,中学,山西省太原市漪汾苑槐荫苑17号,0351-5631258,山西省,太原市,万柏林区,
孝义中学,,,,,,,,,
阳泉十一中,,,,,,,,,
运城中学,,,,,,,,,
渭南市瑞泉中学,,,,,,,,,
西安市第八十三中学,省重点,公办,中学,西安市咸宁中路151号,029-82160823,陕西省,西安市,,
西安市第六中学,市重点,公办,中学,陕西省西安市碑林区五味什字31号,029-87612673,陕西省,西安市,碑林区,
西安市曲江第一中学,市重点,公办,中学,广东省韶关市曲江区马坝镇环山北路33号,0751-6667982,广东省,韶关市,曲江区,
西安市长安区第一中学,省重点,公办,中学,西安市长安区韦曲街办西四府村甲字2号,029—85991591 029—85999105,陕西省,西安市,长安区,
西安思源中学,普通,民办,中学,陕西省西安市灞桥区东郊水安路26号,029-82616688,陕西省,西安市,灞桥区,
建平中学,市重点,公办,中学,上海市浦东区东方路420号,021-58310316,上海市,上海市,浦东新区,
上海民办华二初级中学,,,,,,,,,
上海市卢湾中学,市重点,公办,中学,上海市卢湾区斜土路855号,021-63019559,上海市,上海市,黄浦区,
上海市市北初级中学,区重点,公办,中学,上海市闸北区西藏北路803号,021-56987118,上海市,上海市,静安区,
上海市昊淞中学,,,,,,,,,
上海市洋泾-菊园实验学校,,,,,,,,,
成都棠湖外国语学校,省重点,私立,中学,成都双流航空港经济开发区临港路三段9号,028-85805900  85805900,四川省,成都市,双流区,
电子科技大学实验中学,省重点,公办,中学,成都市高新西区西源大道天骄路333号,028 - 61830603 61830604 61830605,四川省,成都市,高新区,
绵阳外国语学校,省重点,公办,中学,四川省绵阳市普北路东段568号,0816-2538195,四川省,绵阳市,,
射洪外国语学校,,,,,,,,,
四川省成都市中和中学,市重点,公办,中学,四川省双流县中和镇新中街100号,028-85651147,四川省,成都市,双流区,
四川省德阳市第五中学,市重点,公办,中学,北京市东城区细管胡同13号,010-64042971/64040729,北京市,北京市,东城区,
四川省内江市第六中学,省重点,公办,中学,四川省内江市东兴区西林街道太白路79号,（0832）2272181,四川省,内江市,,
四川师范大学附属中学,省重点,公办,中学,,028-84760193,四川省,成都市,锦江区,
第一百中学,市重点,公办,中学,天津市东丽区先锋路跃进路73号,022-84933657,天津市,天津市,东丽区,
华北油田第三中学,,,,,,,,,
蓟州一中,,,,,,,,,
南开大学附属中学,市重点,公办,中学,天津市南开区三潭路165号,022-60264355,天津市,天津市,南开区,
天津市滨海新区大港第一中学,市重点,公办,中学,天津市大港区世纪大道东288号,022- 25993012,天津市,天津市,大港区,
天津市第四十七中学,市重点,公办,中学,天津市北辰区京津公路富锦道南,022-26918835  022-26918802,天津市,天津市,北辰区,
天津市咸水沽第一中学,,,,,,,,,
天津益中学校,,,,,,,,,
王庆坨中学,,,,,,,,,
拉萨阿里高中,,,,,,,,,
日喀则市第一高级中学,市重点,公办,中学,西藏自治区日喀则地区山东路23号,0892-8822415,西藏,日喀则地区,,
日喀则市三高,,,,,,,,,
山南市一高,,,,,,,,,
西格办中学,,,,,,,,,
拔萃男書院,,,,,,,,,
聖公會莫壽増會督中舉,,,,,,,,,
英垂女舉校,,,,,,,,,
巴州二中,,,,,,,,,
昌吉州一中,,,,,,,,,
哈密石油高级中学,,,,,,,,,
哈密市第二中学,省重点,公办,中学,新疆哈密地区哈密市爱国南路5号,0902-2258614,新疆,哈密地区,哈密市,
石河子衡水实验中学,,,,,,,,,
新疆维吾尔自治区乌鲁木齐市第126中学,,,,,,,,,
新疆维吾尔自治区乌鲁木齐市第七十中学,省重点,公办,中学,新疆乌鲁木齐新市区南纬一路54号,（0991）3696357,新疆,乌鲁木齐市,新市区,
伊犁州昭苏县秦州高级中学,,,,,,,,,
临沧一中,,,,,,,,,
云南民族大学附属中学,,,,,,,,,
海盐县博才实验学校,普通,私立,中学,海盐县武原镇泰山路104号,,浙江省,嘉兴市,海宁市,
杭州市十三中教育集团（总校）,,,,,,,,,
金华市第五中学,普通,公办,中学,浙江省金华市婺城区八一南街301号,,浙江省,金华市,婺城区,
蓝青学校,普通,民办,中学,宁波市鄞州区邱隘盛垫桥蓝青路58号,0574-28819166  28819173,浙江省,宁波市,鄞州区,
乐清市康德寄宿学校,,,,,,,,,
宁波市惠贞书院,省重点,公办,中学,育才校区：宁波市江北区育才路197号/天水校区：宁波市江北区丽江东路121号,0574- 87211127 83090202,浙江省,宁波市,江北区,
宁波市孔浦中学,,,,,,,,,
宁波外国语学校,省重点,公办,中学,宁波市东钱湖旅游开发区环湖南路258号,0574-83015111 82817508  82817895,浙江省,宁波市,鄞州区,
平阳县浙鳌高级中学,市重点,民办,中学,浙江省平阳县鳌江镇徐家站路,0577-63628275,浙江省,温州市,平阳县,
绍兴市建功中学,普通,公办,中学,绍兴市罗门东区,,浙江省,绍兴市,越城区,
绍兴市柯桥区实验中学,省重点,公办,中学,山西省太原市晋阳街201号,0351-7897022,山西省,太原市,小店区,
绍兴市元培中学,市重点,公办,中学,绍兴市胜利西路877号,0575-85155026,浙江省,绍兴市,,
温州市绣山中学,市重点,民办,中学,浙江省温州市惠民路横渎东路3号（温州市绣山中学）,0577-88923713,浙江省,温州市,鹿城区,
义乌市绣湖中学,,,,,,,,,
余姚市高风中学,市重点,民办,中学,余姚市子陵路422号,0574- 62662602 62662035 62662605,浙江省,宁波市,余姚市,
浙江省湖州中学,省重点,公办,中学,浙江省湖州市德鸿路1902号,0572-2014697,浙江省,湖州市,,
浙江省丽水中学,省重点,公办,中学,丽水市莲都区寿尔福北路1号,0578-2131020,浙江省,丽水市,莲都区,
浙江省新昌中学,普通,公办,中学,绍兴市新昌县,,浙江省,绍兴市,新昌县,
浙江省严州中学新安江校区,,,,,,,,,
浙江省玉环中学,,,,,,,,,
浙江省舟山中学,省重点,公办,中学,浙江省舟山市新区临城街道定沈路285号（舟山中学新校区）,0580-2061582　0580-2609134,浙江省,舟山市,,
诸暨市开放双语实验学校,,,,,,,,,
重庆市第十八中学校,市重点,公办,中学,重庆市江北区鲤鱼池120号,023-67728942、67724703,重庆市,重庆市,江北区,
重庆市梁平中学,市重点,公办,中学,重庆市梁平县梁山镇东明村,（023）53221248,重庆市,重庆市,梁平县,
重庆市万州第二高级中学,市重点,公办,中学,重庆市万州区白岩路135号,（023）58201009,重庆市,重庆市,万州区,
西安市高新第一中学,省重点,民办,中学,陕西省西安市高新区唐延路23号（西安海关南侧）,029-88323755,陕西省,西安市,高新区,
兰州炼油化工总厂第一中学,省重点,公办,中学,甘肃省兰州市福利东路212号,0931-7557011,甘肃省,兰州市,西固区,
金川公司第一高级中学,省重点,公办,中学,甘肃省金昌市金川区,0931-3685702,甘肃省,金昌市,金川区,
库尔勒华山中学,省重点,公办,中学,新疆库尔勒市建国路3号,0996-2163060,新疆,,,
哈密地区第二中学,省重点,公办,中学,新疆哈密地区哈密市爱国南路5号,0902-2258614,新疆,哈密地区,哈密市,
宁夏六盘山高级中学,省重点,公办,中学,宁夏银川市金凤区长城中路423号,0951-751861051,宁夏,银川市,金凤区,
大连育明中学,省重点,公办,中学,辽宁省大连市沙河口区杨树街70号,0411-84759193  0411-84759866 0411-8475,辽宁省,大连市,沙河口区,
长春市第十一中学,普通,公办,中学,长春市绿园区景阳大路2666号,0431—87615586 学区范围：绿园区 地址：长春市绿园区景阳大路2666号,吉林省,长春市,绿园区,
重庆市第一中学,市重点,公办,中学,重庆市沙坪坝区沙南街2号,023-65303495  65307121,重庆市,重庆市,沙坪坝区,
成都嘉祥外国语学校,市重点,民办,中学,成都市锦江区晨辉北路6号（金象花园背后）,028-85911236、85913229,四川省,成都市,锦江区,
拉萨市第一高级中学,,,中学,西藏自治区拉萨市城关区林廓东路21号,(0891)6332917,西藏,拉萨市,城关区,
西藏民族学院附属中学,市重点,公办,中学,陕西省咸阳市渭城区文汇东路中段,029—33751920,陕西省,咸阳市,渭城区,
海南省文昌中学,省重点,公办,中学,海南省三亚市教育路46号 海南岛文昌市,0898-63222395,海南省,三亚市,,
广西柳州高级中学,市重点,公办,中学,东台路44号,0772-2822557,广西,柳州市,,
柳州铁路第一中学,省重点,公办,中学,广西柳州市城站路391号,0772--3953677,广西,柳州市,柳南区,
汕头潮阳实验学校,省重点,民办,中学,广东省汕头市潮阳区棉北街道城北四路东段,0754-88726528 88722222,广东省,汕头市,潮阳区,
六安第一中学,省重点,公办,中学,安徽省六安市解放北路55号,0564-3387519,安徽省,六安市,裕安区,
马鞍山市第二中学,省重点,公办,中学,安徽省马鞍山市花山区健康路2号,0555--8331030,安徽省,马鞍山市,花山区,
南京金陵学校,省重点,公办,中学,江苏省南京市鼓楼区中山路169号,025-84786227  025-84786296,江苏省,南京市,鼓楼区,
青岛第二中学,省重点,公办,中学,山东省青岛市崂山区松岭路70号,0532-88907255,山东省,青岛市,崂山区,
滕州市第一中学,省重点,公办,中学,山东省枣庄市滕州市新兴路156号 学院中路669号,0632-5513445,山东省,枣庄市,滕州市,
临川第一中学,省重点,公办,中学,江西省抚州市临川区上顿渡镇建设路205号,0794-8441447   0794-8430071,江西省,抚州市,临川区,
景德镇第一中学,省重点,公办,中学,江西省景德镇市天翼路66号,（0798）8441380,江西省,景德镇市,,
华东师范大学第二附中,市重点,公办,中学,上海市浦东新区张江镇晨晖路555号（近地铁二号线张江高科站）,021-50801890,上海市,上海市,浦东新区,
温州乐成寄宿中学,市重点,公办,中学,浙江省温州市乐清市城南街道朋岙村,0577-27882222 27886111 27886101,浙江省,温州市,乐清市,
华中师范大学第一附中,全国重点,公办,中学,湖北省武汉市东湖高新技术开发区汤逊湖北路特1号,027-87920655,湖北省,武汉市,武昌区,
忻州第一中学,省重点,公办,中学,山西省忻州市忻府区和平街8号,0350-3025377,山西省,忻州市,忻府区,
赤峰市第二中学,市重点,公办,中学,内蒙古赤峰新城区玉龙大街西段,0476-8821920,内蒙古,赤峰市,,
人民大学附属中学,全国重点,公办,中学,北京市海淀区中关村大街37号,010-62512094  62515003,北京市,北京市,海淀区,
北京师范大学第二附中,市重点,公办,中学,北京市西城区新街口外大街12号,010-62042244,北京市,北京市,西城区,
石家庄市第二中学,省重点,公办,中学,河北省石家庄市兴凯路187号,0311--7022964 7022492,河北省,石家庄市,新华区,
马鞍山第二中学,省重点,公办,中学,安徽省马鞍山市花山区健康路2号,0555--8331030,安徽省,马鞍山市,花山区,
安徽省安庆第一中学,省重点,公办,中学,安徽省安庆市大观区龙门口街38号,0556－5513669,安徽省,安庆市,大观区,
合肥市第八中学,省重点,公办,中学,（老校区）合肥市中心桐城北路173号/（新校区）合肥政务区习友路1688号,0551-2672148,安徽省,合肥市,蜀山区,
北京市十一中学,区重点,公办,中学,北京市崇文区东晓市街101号,010-67016089,北京市,北京市,东城区,
中山纪念学校,省重点,公办,中学,中山市南朗镇翠亨村正街,0760-85501869,广东省,中山市,,
广西南宁市第三中学,省重点,公办,中学,广西南宁市青秀区青山路5号,0771--5311268,广西,南宁市,青秀区,
广西玉林高级中学,省重点,公办,中学,广西玉林市人民东路77号,0775-2684268,广西,玉林市,,
玉林一中,市重点,公办,中学,广西玉林市大北路（玉灵一中）,0775-2082207,广西,玉林市,,
遵义县第一中学,省重点,公办,中学,贵州省遵义市银河大道中段,0851-28432568,贵州省,遵义市,,
贵州市铜仁第一中学,省重点,公办,中学,贵州省铜仁市向阳路7号,0856-5223234,贵州省,铜仁地区,铜仁市,
河北冀州中学,省重点,公办,中学,河北省冀州市振商街4号,0318--8613714 8612660,河北省,衡水市,冀州市,
河北辛集中学,省重点,公办,中学,河北省石家庄辛集市辛中路1号,0311--83387109,河北省,石家庄市,,
开封高级中学,省重点,公办,中学,河南省开封铁路北沿街223号,0378-5951776,河南省,开封市,,
郸城县第一高级中学,市重点,公办,中学,河南省郸城县新华路23号,0394--3222324,河南省,周口市,郸城县,
信阳高级中学,省重点,公办,中学,河南省信阳市浉河区文化街6号,0376-6682186,河南省,信阳市,狮河区,
湖北省宜昌市夷陵中学,省重点,公办,中学,湖北省宜昌市城东大道51号,0717-6924505 6924507 6924106,湖北省,宜昌市,夷陵区,
武汉钢铁集团公司第三子弟中学,,,,,,,,,
湖北省宜昌市第一中学,省重点,公办,中学,宜昌市西陵二路4号,0717-6774074,湖北省,宜昌市,西陵区,
吉林省延边第二中学,省重点,公办,中学,吉林省延边朝鲜族自治州延吉市,,吉林省,延边,延吉市,
梅河口第五中学,,,,,,,,,
吉化第一高级中学,省重点,公办,中学,吉林省吉林市龙潭区武汉路25号,0432－63968098,吉林省,吉林市,龙潭区,
天一中学,省重点,公办,中学,江苏省无锡锡山区东亭二泉中路18号,0510-88223001,江苏省,无锡市,锡山区,
启东中学,省重点,公办,中学,江苏省启东市人民西路2188号（高中部）/启东市民乐中路580号（初中部）,0513-83116432,江苏省,南通市,启东市,
海门中学,省重点,公办,中学,江苏省海门市海门镇育才路1号,0513-82212218,江苏省,南通市,海门市,
扬州高级中学,,,,,,,,,
淮阴中学,省重点,公办,中学,江苏省淮安市解放东路99号,0517-83518888,江苏省,淮安市,淮阴区,
海安高级中学,,,,,,,,,
抚州市临川第一中学,省重点,公办,中学,江西省抚州市临川区上顿渡镇建设路205号,0794-8441447   0794-8430071,江西省,抚州市,临川区,
江西省吉安市第一中学,省重点,公办,中学,江西省吉安市吉州区沿江路97-1号,0796---8263254,江西省,吉安市,吉州区,
抚州市临川第二中学,省重点,公办,中学,江西省抚州临川区上顿渡镇龙津路67号,0794-8441448,江西省,抚州市,临川区,
青岛五十八中,省重点,公办,中学,青岛市李沧区九水路20号,0532-87895410,山东省,青岛市,李沧区,
山西省运城市康杰中学,省重点,公办,中学,山西省运城市空港新区康杰北路10号,0359-2576010,山西省,运城市,,
山西现代双语学校,区重点,民办,中学,山西省太原市龙堡街2号,0351-7835327,山西省,太原市,杏花岭区,
南平市第一中学,,,,,,,,,
西南交通大学附属中学,省重点,公办,中学,四川成都市交大路174号,028-87601806,四川省,成都市,金牛区,
蓟县一中,市重点,公办,中学,天津市蓟县迎宾路1号,022-29146214,天津市,,,
天津市第二十中学,市重点,公办,中学,天津市和平区湖北路59号,022-23391920,天津市,天津市,和平区,
天津市第一百中学,市重点,公办,中学,天津市东丽区先锋路跃进路73号,022-84933657,天津市,天津市,东丽区,
下关第一中学,省重点,公办,中学,云南省大理市下关龙溪路69号,0872—2121847,云南省,大理,大理市,
云南腾冲县第一中学,省重点,公办,中学,云南省腾冲县腾越镇山源社区沙家巷小区1号,0875-5131137,云南省,保山市,腾冲县,
杭州市第二中学,省重点,公办,中学,浙江省杭州市滨江区东信大道72-76号,0571-86696789  86053053,浙江省,杭州市,滨江区,
诸暨中学,省重点,公办,中学,浙江省绍兴市诸暨市暨阳路47号,0575-87011543,浙江省,绍兴市,诸暨市,
余姚中学,省重点,公办,中学,浙江省余姚市四明西路392号,0574-62720390,浙江省,宁波市,余姚市,
金华市第一中学,省重点,公办,中学,浙江省金华市金东区光南路1588号,0579-82190728,浙江省,金华市,,
重庆市育才中学,市重点,公办,中学,重庆市九龙坡区谢家湾正街92号,023-68822468 023-86051188,重庆市,重庆市,九龙坡区,http://www.cqyc.com
重庆市第十八中学,市重点,公办,中学,重庆市江北区鲤鱼池120号,023-67728942、67724703,重庆市,重庆市,江北区,
重庆市第十一中学,市重点,公办,中学,重庆市南岸区弹子石,023-62511889,重庆市,重庆市,南岸区,
重庆市实验中学,市重点,公办,中学,重庆市巴南区鱼洞镇黄溪口18号,（023）66222304 （023）66239113,重庆市,重庆市,巴南区,
