成员名称,成员级别,成员大类
淄博职业学院,理事长单位,
淄博市机械行业协会,副理事长单位,行业协会
淄博市轻纺行业协会,副理事长单位,行业协会
淄博市医药行业协会,副理事长单位,行业协会
淄博市保险行业协会,副理事长单位,行业协会
淄博市药师行业协会,副理事长单位,行业协会
淄博市周村区家具产业联合会,副理事长单位,行业协会
山东省家用电器行业协会电热锅专业委员会,副理事长单位,行业协会
淄博市软件行业协会,副理事长单位,行业协会
齐鲁医药学院,副理事长单位,院校
淄博师范高等专科学校,副理事长单位,院校
淄博市技师学院,副理事长单位,院校
山东轻工职业学院,副理事长单位,院校
山东工业职业学院,副理事长单位,院校
淄博工业学校,副理事长单位,院校
淄博理工学校,副理事长单位,院校
淄博建筑工程学校,副理事长单位,院校
淄博信息工程学校,副理事长单位,院校
淄博市中心医院,副理事长单位,医院
淄博市第一医院,副理事长单位,医院
淄博市中医医院,副理事长单位,医院
淄博市第六人民医院,副理事长单位,医院
淄博市第七人民医院,副理事长单位,医院
淄博市中西医结合医院,副理事长单位,医院
淄博市口腔医院,副理事长单位,医院
山东新华制药股份有限公司,副理事长单位,企业
山东新华医疗器械股份有限公司,副理事长单位,企业
山东淄博傅山企业集团有限公司,副理事长单位,企业
鲁南制药集团股份有限公司,副理事长单位,企业
山东科汇电力自动化股份有限公司,副理事长单位,企业
山东计保电气有限公司,副理事长单位,企业
山东汇丰石化集团有限公司,副理事长单位,企业
山东博汇集团有限公司,副理事长单位,企业
山东宏信化工股份有限公司,副理事长单位,企业
山东唐骏欧铃汽车制造有限公司,副理事长单位,企业
山东休普动力科技股份有限公司,副理事长单位,企业
山东华普电机科技有限公司,副理事长单位,企业
山东莱茵科技设备有限公司,副理事长单位,企业
山东淄博饭店集团股份有限公司,副理事长单位,企业
山东新星集团有限公司,副理事长单位,企业
山东鲁信财税咨询服务有限公司,副理事长单位,企业
山东玉兔食品有限责任公司,副理事长单位,企业
山东乐物信息科技有限公司,副理事长单位,企业
青岛海信电器股份有限公司,副理事长单位,企业
圆通速递有限公司淄博分公司,副理事长单位,企业
中外运久凌储运有限公司天津分公司,副理事长单位,企业
中国联合网络通信公司淄博分公司,副理事长单位,企业
远方汽车贸易集团有限公司,副理事长单位,企业
淄博宏仁堂医药连锁有限公司,副理事长单位,企业
淄博市实验幼儿园,副理事长单位,企业
淄博齐鲁幼教集团,副理事长单位,企业
淄博顺和客运经营服务有限公司（淄博汽车总站）,副理事长单位,企业
淄博七彩陶坊,副理事长单位,企业
山东创尔沃热泵技术股份有限公司,理事单位,
山东锦华电力设备有限公司,理事单位,
山东盛唐新能源电力有限公司,理事单位,
山东三金玻璃机械有限公司,理事单位,
山东万鑫建设有限公司,理事单位,
山东金城建设有限公司,理事单位,
山东新城建工股份有限公司,理事单位,
山东天齐置业集团股份有限公司,理事单位,
山东金城生物药业有限公司,理事单位,
山东齐都药业有限公司,理事单位,
淄博众生医药有限公司,理事单位,
山东省信息产业服务有限公司,理事单位,
西铁城（中国）精密机械有限公司,理事单位,
淄博颂工机械有限公司,理事单位,
淄博美林电子有限公司,理事单位,
青岛积成电子有限公司,理事单位,
淄博正诺工程检测有限公司,理事单位,
新道科技股份有限公司,理事单位,
淄博蓝海国际大饭店有限公司,理事单位,
淄博银座华美达大酒店,理事单位,
山东兆物网络技术有限公司,理事单位,
山东省邮电工程有限公司淄博分公司,理事单位,
山东白宝网络科技有限公司,理事单位,
淄博网掌柜网络科技有限公司,理事单位,
青岛网商产业教育科技园股份有限公司,理事单位,
淄博道同网络科技有限公司,理事单位,
淄博悦顺网络科技有限公司,理事单位,
淄博爱信诺航天信息有限公司,理事单位,
淄博市久期汽车销售有限公司,理事单位,
淄博顺骋汽车贸易有限公司,理事单位,
淄博世纪车行有限公司,理事单位,
天地华宇物流有限公司,理事单位,
淄博亨得利钟表眼镜有限公司,理事单位,
山东省中国旅行社淄博分社,理事单位,
山东华杰城市人家装饰工程有限公司,理事单位,
淄博业之峰家园装饰有限公司,理事单位,
淄博万泰伟盛装饰设计有限公司,理事单位,
山东苏氏园林集团有限公司,理事单位,
中国陶瓷艺术大师王一君工作室,理事单位,
上海香雪海国际贸易有限公司,理事单位,
海通证券淄博石化营业部,理事单位,
北京中航天使教育集团,理事单位,
山东长征教育科技有限公司,理事单位,
山东新影教育咨询服务有限公司,理事单位,
淄博蓝海国际教育培训学校,理事单位,
山东独秀文化传媒有限公司,理事单位,
淄博隆馨堂文化传播有限公司,理事单位,
淄博博腾文化传播有限公司,理事单位,
山东特种工业集团有限公司,理事单位,
山东德佑电气股份有限公司,理事单位,
淄博欧恒机械有限公司,理事单位,
山东国金汽车有限公司,理事单位,
山东好麦食品有限公司,理事单位,
山东巧媳妇食品有限公司,理事单位,
瑞阳制药有限公司,理事单位,
太平洋保险在线服务科技有限公司,理事单位,
淄博华钧信息科技有限公司,理事单位,
歌尔股份有限公司,理事单位,
