序号,学校名称,省市,数据源名称,地区,属性,性质,类型,学校地址,联系电话,省级位置,地级位置,县级位置
1,河北衡水中学,河北,河北衡水中学,河北省 衡水市 桃城区,全国重点,公办,中学,河北省衡水市英才路228号/南门口街128号  （东校区）程富路6号  　,0318-2126903,河北省,衡水市,桃城区
2,成都七中,四川,成都七中（林荫校区）,四川省 成都市 武侯区,全国重点,公办,中学,成都市林荫中街1号,028-85442231,四川省,成都市,武侯区
3,郑州外国语学校,河南,郑州外国语学校,河南省 郑州市 高新区,省重点,公办,中学,河南省郑州市高新技术开发区枫杨街与银屏路交叉口,0371-7987877 0371-67998111,河南省,郑州市,高新区
4,长郡中学,湖南,长沙长郡中学,湖南省 长沙市 天心区,省重点,公办,中学,长沙市黄兴南路309号,0731-85287990,湖南省,长沙市,天心区
5,雅礼中学,湖南,长沙市雅礼中学,湖南省 长沙市 雨花区,省重点,公办,中学,湖南省长沙市雨花区劳动西路428号,0731-5532038,湖南省,长沙市,雨花区
6,人大附中,北京,中国人民大学附属中学（人大附中）,北京市 海淀区,全国重点,公办,中学,北京市海淀区中关村大街37号,010-62512094  62515003,北京市,北京市,海淀区
7,重庆市巴蜀中学校,重庆,重庆市巴蜀中学,重庆市 渝中区,全国重点,公办,中学,重庆市渝中区北区路51号,023-63002371,重庆市,重庆市,渝中区
8,东北师范大学附属中学,吉林,东北师范大学附属中学（东北师大附中）,吉林省 长春市 朝阳区,省重点,公办,中学,吉林省长春市自由大路506号,0431-85608927 85677272,吉林省,长春市,朝阳区
9,绵阳中学,四川,绵阳中学实验学校,四川省 绵阳市 涪城区,市重点,公办,中学,四川省绵阳市园艺山教育园区,0816-8119666 / 8119777,四川省,绵阳市,涪城区
10,石家庄二中,河北,石家庄二中初中部（省实验初中部）,河北省 石家庄市 新华区,省重点,公办,中学,河北省石家庄市兴凯路187号,0311--7022964 7022492,河北省,石家庄市,新华区
11,中山纪念中学,广东,广东中山纪念中学,广东省 中山市,省重点,公办,中学,中山市南朗镇翠亨村正街,0760-85501869,广东省,中山市,
12,浙江省杭州学军中学,浙江,,,,,,,,,,
13,华东师范大学第二附属中学,上海,华东师范大学第二附属中学（华师大二附中）,上海市 浦东新区,市重点,公办,中学,上海市浦东新区张江镇晨晖路555号（近地铁二号线张江高科站）,021-50801890,上海市,上海市,浦东新区
14,浙江省杭州第二中学,浙江,杭州二中滨江校区,浙江省 杭州市 滨江区,省重点,公办,中学,浙江省杭州市滨江区东信大道72-76号,0571-86696789  86053053,浙江省,杭州市,滨江区
15,华南师范大学附属中学,广东,华南师范大学附属中学（华师附中）,广东省 广州市 天河区,全国重点,民办,中学,广东省广州市天河区中山大道西1号,020-38630561 38630511,广东省,广州市,天河区
16,山西大学附属中学,山西,山西大学附属中学（山大附中）,山西省 太原市 小店区,省重点,公办,中学,山西省太原市小店区坞城西街9号,0351-7073436,山西省,太原市,小店区
17,西北工业大学附属中学,陕西,西北工业大学附属中学（西工大附中）,陕西省 西安市 碑林区,省重点,公办,中学,陕西省西安市碑林区友谊西路127号,029 - 88492401 029 - 88494872,陕西省,西安市,碑林区
18,长沙市第一中学,湖南,长沙市第一中学（长沙一中）,湖南省 长沙市 开福区,省重点,公办,中学,湖南省长沙市开福区清水塘路53号,（0731）82774885,湖南省,长沙市,开福区
19,华中师大一附中,湖北,湖北华中师范大学第一附属中学（华中师大一附中）,湖北省 武汉市 武昌区,全国重点,公办,中学,湖北省武汉市东湖高新技术开发区汤逊湖北路特1号,027-87920655,湖北省,武汉市,武昌区
20,乌鲁木齐第一中学,新疆,乌鲁木齐市第一中学（乌鲁木齐一中）,新疆 乌鲁木齐市 天山区,省重点,公办,中学,新疆乌鲁木齐市健康路一巷9号,9912826965,新疆,乌鲁木齐市,天山区
21,郑州一中,河南,郑州市第一中学（郑州一中）,河南省 郑州市 中原区,省重点,公办,中学,郑州市中原西路182号,0371-67882208,河南省,郑州市,中原区
22,上海市上海中学,上海,上海中学,上海市 闵行区,全国重点,公办,中学,上海市百色路989号（南大门：上中路400号）,021-64100430 64554819,上海市,上海市,闵行区
23,湖南师范大学附属中学,湖南,湖南师范大学附属中学（湖南师大附中）,湖南省 长沙市 岳麓区,省重点,公办,中学,湖南长沙岳麓区桃子湖路48号,0731-88885855、88886669、88882315,湖南省,长沙市,岳麓区
24,乐清市知临中学,浙江,知临中学（乐成寄宿中学）,浙江省 温州市 乐清市,省重点,民办,中学,浙江省乐清市城南街道朋岙村,0577-27882222,浙江省,温州市,乐清市
25,深圳中学,广东,深圳中学,广东省 深圳市 罗湖区,省重点,公办,中学,广东省深圳市罗湖区人民北路深中街18号,0755-82222572,广东省,深圳市,罗湖区
26,西安高新第一中学,陕西,西安高新第一中学（高新一中）,陕西省 西安市 高新区,省重点,民办,中学,陕西省西安市高新区唐延路23号（西安海关南侧）,029-88323755,陕西省,西安市,高新区
27,南京外国语学校,江苏,南京外国语学校（高中）,江苏省 南京市 玄武区,省重点,民办,中学,江苏省南京市玄武区北京东路30号,025-84555412,江苏省,南京市,玄武区
28,大连市第二十四中学,辽宁,大连市第二十四中学,辽宁省 大连市 中山区,省重点,公办,中学,辽宁省大连市中山区解放路217号,0411-39912434 0411-82307507,辽宁省,大连市,中山区
29,南京师范大学附属中学,江苏,南京师范大学附属中学（南师附中）,江苏省 南京市 鼓楼区,省重点,公办,中学,南京市鼓楼区察哈尔路37号（校本部）,0527-82898588,江苏省,南京市,鼓楼区
30,西北师大附中,甘肃,,,,,,,,,,
31,北京市十一学校,北京,北京市十一学校,北京市 海淀区,市重点,公办,中学,北京市海淀区玉泉路66号,010-68272381,北京市,北京市,海淀区
32,西安市铁一中学,陕西,西安市铁一中学（西安铁一中）,陕西省 西安市 碑林区,省重点,公办,中学,陕西省西安市友谊东路120号,029-82327079  029-82328008,陕西省,西安市,碑林区
33,宁波市镇海中学,浙江,宁波市镇海中学,浙江省 宁波市 镇海区,省重点,公办,中学,浙江省宁波市镇海区鼓楼东路32号,0574-86272378,浙江省,宁波市,镇海区
34,东北育才学校,辽宁,东北育才学校,辽宁省 沈阳市 和平区,省重点,公办,中学,辽宁省沈阳市和平区南一马路100号,024-23783945,辽宁省,沈阳市,和平区
35,合肥一中,安徽,合肥市第一中学（合肥一中）,安徽省 合肥市 包河区,省重点,公办,中学,安徽省合肥市滨湖新区西藏路2356号,0551-2911006 180-9663-1182,安徽省,合肥市,包河区
36,山东省实验中学,山东,山东省实验中学,山东省 济南市 市中区,省重点,公办,中学,山东省济南市市中区经七路73号,0531-86926496 18243000924,山东省,济南市,市中区
37,南宁三中,广西,广西南宁三中,广西 南宁市 ,普通,公办,中学,广西南宁青山路5号,0771-5311268/5335401,广西,南宁市,
38,大连育明高级中学,辽宁,大连育明高级中学,辽宁省 大连市 沙河口区,省重点,公办,中学,辽宁省大连市沙河口区杨树街70号,0411-84759193  0411-84759866 0411-8475,辽宁省,大连市,沙河口区
39,成都石室中学,四川,成都石室中学北湖校区,四川省 成都市 成华区,市重点,公办,中学,四川省成都市成华区龙潭立交西内侧,028-61399476,四川省,成都市,成华区
40,重庆市第一中学校,重庆,重庆市第一中学（重庆一中）,重庆市 沙坪坝区,市重点,公办,中学,重庆市沙坪坝区沙南街2号,023-65303495  65307121,重庆市,重庆市,沙坪坝区
41,重庆市南开中学校,重庆,重庆市南开中学,重庆市 沙坪坝区,全国重点,公办,中学,重庆市沙坪坝区沙南街一号,023-65312786,重庆市,重庆市,沙坪坝区
42,长春吉林大学附属中学,吉林,,,,,,,,,,
43,云南师范大学附属中学,云南,云南师范大学附属中学（云南师大附中）,云南省 昆明市 ,省重点,公办,中学,云南省昆明市高新开发区洪源路36号,0871-68312226  0871-68313609,云南省,昆明市,
44,柳州高中,广西,,,,,,,,,,
45,南宁市第二中学,广西,南宁市第二中学（南宁二中）,广西 南宁市 西乡塘区,省重点,公办,中学,广西南宁市新民路29号,0771--2804263,广西,南宁市,西乡塘区
46,吉林市第一中学,吉林,吉林市第一中学（吉林一中）,吉林省 吉林市 船营区,省重点,公办,中学,吉林省吉林市船营区松江西路155号,0432-64826007,吉林省,吉林市,船营区
47,哈尔滨市第三中学,黑龙江,哈尔滨市第三中学（哈三中）,黑龙江 哈尔滨市 南岗区,省重点,公办,中学,黑龙江省哈尔滨市南岗区果戈里大街415号,0451-53636578,黑龙江,哈尔滨市,南岗区
48,重庆市第八中学校,重庆,重庆市第八中学（重庆八中）,重庆市 沙坪坝区,市重点,公办,中学,重庆市沙坪坝区小龙坎正街96号,023-61703000,重庆市,重庆市,沙坪坝区
49,海南中学,海南,海南省海南中学,海南省 海口市 琼山区,省重点,公办,中学,海南省海口市琼山区府城镇大路街板桥路,0898-65885933,海南省,海口市,琼山区
50,河南省实验中学,河南,河南省实验中学,河南省 郑州市 金水区,省重点,公办,中学,河南省郑州市金水区农业路10号（河南博物院西200米）,0371-63943667,河南省,郑州市,金水区
51,成都外国语学校,四川,成都外国语学校（成外）,四川省 成都市 高新区,省重点,民办,中学,成都市高新西区百草路东段35号,028-87820768、87822188,四川省,成都市,高新区
52,南开中学,天津,天津市南开中学,天津市 南开区,全国重点,公办,中学,天津市南开区南开四马路22号,022—27483391,天津市,天津市,南开区
53,成都树德中学,四川,成都树德中学博瑞实验学校（成都树德联合学校）,四川省 成都市 郫都区,区重点,民办,中学,成都市高新西区泰山南街133号,028-87843803 87846451,四川省,成都市,郫都区
54,山东省广饶县第一中学,山东,山东省广饶县第一中学高中部（广饶一中高中部）,山东省 东营市 广饶县,省重点,公办,中学,山东省东营市广饶县城花苑路509号,0546-6450990  0546-6688767,山东省,东营市,广饶县
55,天津市第一中学,天津,天津市第一中学（天津一中）,天津市 和平区,市重点,公办,中学,天津市和平区西安道117号,022-23391126,天津市,天津市,和平区
56,银川一中,宁夏,宁夏银川一中,宁夏 银川市 兴庆区,省重点,公办,中学,宁夏银川市兴庆区民族南街656号,0951－4102908  0951-4104858,宁夏,银川市,兴庆区
57,山东省青岛第二中学,山东,青岛第二中学（青岛二中）,山东省 青岛市 崂山区,省重点,公办,中学,山东省青岛市崂山区松岭路70号,0532-88907255,山东省,青岛市,崂山区
58,安徽师范大学附属中学,安徽,安徽师范大学附属中学,安徽省 芜湖市,省重点,公办,中学,安徽省芜湖市银湖南路135号,0553-3832205,安徽省,芜湖市,
59,江苏省常州高级中学,江苏,江苏省常州高级中学,江苏省 常州市,省重点,公办,中学,江苏省常州市罗汉路8号,0519-88111202,江苏省,常州市,
60,哈尔滨师范大学附属中学,黑龙江,哈尔滨师范大学附属中学（哈师大附中）（高中部）,黑龙江 哈尔滨市 南岗区,省重点,公办,中学,黑龙江省哈尔滨市南岗区学府路30号,0451-86620973,黑龙江,哈尔滨市,南岗区
61,福建省福州第一中学,福建,福州市第一中学（福州一中）,福建省 福州市 鼓楼区,省重点,公办,中学,福建省福州市东街附近,0591-87551426,福建省,福州市,鼓楼区
62,东营市胜利第一中学,山东,山东东营市胜利第一中学（胜利一中）（原胜利油田一中）,山东省 东营市 ,市重点,公办,中学,山东东营市济南路55、66号,0546-8232013,山东省,东营市,
63,福建省厦门双十中学,福建,厦门双十中学海沧附属学校,福建省 厦门市 海沧区,普通,公办,中学,沧林东三路299,,福建省,厦门市,海沧区
64,西安交通大学附属中学,陕西,西安交通大学附属中学（西安交大附中）,陕西省 西安市 碑林区,省重点,公办,中学,陕西省西安市兴庆南路135号/西安市雁翔路99号,029-82668353,陕西省,西安市,碑林区
65,济南历城第二中学,山东,济南市历城第二中学（历城二中）,山东省 济南市 历城区,省重点,公办,中学,山东省济南市历城区董家843号,0531－88722886,山东省,济南市,历城区
66,福建省厦门第一中学,福建,厦门市第一中学高中（厦门一中高中）,福建省 厦门市 思明区,省重点,公办,中学,福建省厦门市思明区文园路93号,0592-2021908,福建省,厦门市,思明区
67,福建师范大学附属中学,福建,福建师范大学附属中学（福建师大附中）,福建省 福州市 仓山区,省重点,公办,中学,福建省福州市仓山区对湖路15号,0591-83472889,福建省,福州市,仓山区
68,贵阳市第一中学,贵州,贵阳市第一中学（贵阳一中）,贵州省 贵阳市 乌当区,省重点,公办,中学,贵州省贵阳市金阳新区兴筑东路1号,0851-7986565,贵州省,贵阳市,乌当区
69,辽宁省实验中学,辽宁,辽宁省实验中学（高中部）,辽宁省 沈阳市 皇姑区,省重点,公办,中学,辽宁省沈阳市皇姑区黄河南大街 89 号/于洪区西江北街117号（北校）,024-86233600  024-89293107,辽宁省,沈阳市,皇姑区
70,山西省实验中学,山西,山西省实验中学（太原市第十中学）,山西省 太原市 小店区,省重点,公办,中学,山西省太原市晋阳街201号,0351-7897022,山西省,太原市,小店区
71,绍兴市第一中学,浙江,绍兴市第一中学高中部（绍兴一中高中部）,浙江省 绍兴市,省重点,公办,中学,浙江省绍兴市胜利西路1199号,0575-85173853,浙江省,绍兴市,
72,广州大学附属中学,广东,广州大学附属中学（广大附中）,广东省 广州市 越秀区,省重点,公办,中学,广东省广州市越秀区黄华路6号,020-83827919,广东省,广州市,越秀区
73,衡水市第二中学,河北,衡水市第二中学（衡水二中）,河北省 衡水市,省重点,公办,中学,河北省衡水市问津北街98号/衡水市新华西路256号,0318-2135271 2817707,河北省,衡水市,
74,浙江省温州中学,浙江,浙江省温州中学,浙江省 温州市 瓯海区,省重点,公办,中学,浙江省温州市瓯海区梧田大道2号,0577-86760802　,浙江省,温州市,瓯海区
75,武汉市第二中学,湖北,武汉二中广雅中学,湖北省 武汉市 江岸区,省重点,民办,中学,湖北省武汉市汉口胜利街310号/汉口芦沟桥路49号,027-82711752,湖北省,武汉市,江岸区
76,江西师范大学附属中学,江西,江西师范大学附属中学（师大附中）（初中）,江西省 南昌市 青山湖区,省重点,公办,中学,江西省南昌市青山湖区北京西路194号,0791-8507088,江西省,南昌市,青山湖区
77,广州市第二中学,广东,广州市第二中学（广州二中）,广东省 广州市 越秀区,省重点,公办,中学,广州市越秀区应元路21号（初中）,020-83550006,广东省,广州市,越秀区
78,武钢三中,湖北,湖北省武钢三中,湖北省 武汉市 青山区,省重点,公办,中学,武汉市青山区红钢二街1号,027-86341335,湖北省,武汉市,青山区
79,绵阳南山中学,四川,绵阳南山中学,四川省 绵阳市,省重点,公办,中学,四川省绵阳市南塔路3号,0816-2862314,四川省,绵阳市,
80,麓山国际实验学校,湖南,长沙麓山国际实验学校,湖南省 长沙市 岳麓区,省重点,公办,中学,湖南省长沙市河西望月湖小区9片月华街59号,0731-8615610,湖南省,长沙市,岳麓区
81,成都七中嘉祥外国语学校,四川,成都七中嘉祥外国语学校（本部）,四川省 成都市 锦江区,市重点,民办,中学,成都市锦江区晨辉北路6号（金象花园背后）,028-85911236、85913229,四川省,成都市,锦江区
82,北京师范大学附属实验中学,北京,北京师范大学附属实验中学（实验中学）,北京市 西城区,市重点,公办,中学,北京市西城区二龙路甲14号,010-66036431,北京市,北京市,西城区
83,邯郸一中,河北,河北省邯郸市第一中学（邯郸一中）,河北省 邯郸市 丛台区,省重点,公办,中学,河北省邯郸市丛台路21号,0310--3122208,河北省,邯郸市,丛台区
84,襄阳市第五中学,湖北,襄阳五中,湖北省 襄阳市 襄州区,省重点,公办,中学,湖北省襄阳市高新区邓城大道66号,0710-3530727,湖北省,襄阳市,襄州区
85,江苏省淮阴中学,江苏,江苏淮阴中学,江苏省 淮安市 淮阴区,省重点,公办,中学,江苏省淮安市解放东路99号,0517-83518888,江苏省,淮安市,淮阴区
86,湖北省襄阳四中,湖北,襄阳市第四中学（襄阳四中）,湖北省 襄阳市 襄州区,省重点,公办,中学,湖北省襄阳市襄城东街26号,0710-3511057（校办） 0710-3553666（招办）,湖北省,襄阳市,襄州区
87,鄂尔多斯市第一中学,内蒙古,鄂尔多斯市第一中学（鄂尔多斯市一中）,内蒙古 鄂尔多斯市,市重点,公办,中学,内蒙古鄂尔多斯市康巴什新区鄂尔多斯大街,0477-8390606,内蒙古,鄂尔多斯市,
88,大庆实验中学,黑龙江,黑龙江省大庆实验中学,黑龙江 大庆市,省重点,公办,中学,大庆市高新技术产业开发园区秀水路6号,0459—8156179,黑龙江,大庆市,
89,江苏省天一中学,江苏,江苏省天一中学,江苏省 无锡市 锡山区,省重点,公办,中学,江苏省无锡锡山区东亭二泉中路18号,0510-88223001,江苏省,无锡市,锡山区
90,本溪市高级中学,辽宁,本溪市高级中学,辽宁省 本溪市 平山区,省重点,公办,中学,辽宁省本溪市平山区东明路91号,0414-3286000,辽宁省,本溪市,平山区
91,福建省泉州市第七中学,福建,泉州七中,福建省 泉州市 鲤城区,普通,公办,中学,泉州市鲤城区天后路40号　邮编：362000　电话：0595－22204308,0595－22204308,福建省,泉州市,鲤城区
92,福州第三中学,福建,福州三中,福建省 福州市 鼓楼区,省重点,公办,中学,福建省福州市湖东路43号,0591-83594454,福建省,福州市,鼓楼区
93,南雅中学,湖南,长沙市南雅中学,湖南省 长沙市 雨花区,市重点,公办,中学,湖南省长沙市雨花区香樟东路178号,0731-85065645,湖南省,长沙市,雨花区
94,宁波市镇海蛟川书院,浙江,宁波镇海蛟川书院,浙江省 宁波市 镇海区,市重点,民办,中学,浙江省宁波市镇海区庄市逸夫路　,0574-86685208  86685218,浙江省,宁波市,镇海区
95,马鞍山二中,安徽,马鞍山市第二中学（马鞍山二中）,安徽省 马鞍山市 花山区,省重点,公办,中学,安徽省马鞍山市花山区健康路2号,0555--8331030,安徽省,马鞍山市,花山区
96,首都师范大学附属中学,北京,首都师范大学附属中学（首师大附中）,北京市 海淀区,市重点,公办,中学,北京市海淀区北洼路33号,（010）68454176,北京市,北京市,海淀区
97,东莞市东华高级中学,广东,东莞市东华高级中学,广东省 东莞市,省重点,民办,中学,广东省东莞市莞长路33号,0769-22696988,广东省,东莞市,
98,佛山市南海区石门中学,广东,南海区石门中学,广东省 佛山市 南海区,普通,公办,中学,广东省佛山市南海区,0757-85930324,广东省,佛山市,南海区
99,青海湟川中学,青海,,,,,,,,,,
100,兰州第一中学,甘肃,甘肃省兰州第一中学（兰州一中）,甘肃省 兰州市 城关区,省重点,公办,中学,甘肃省兰州市城关小沟头150号,0931—8824122,甘肃省,兰州市,城关区
101,江苏省苏州中学,江苏,江苏省苏州中学,江苏省 苏州市 沧浪区,省重点,公办,中学,江苏省苏州市人民路699号,0512-65194261  0512-65195262,江苏省,苏州市,沧浪区
102,浙江省衢州第二中学,浙江,浙江省衢州第二中学（衢州二中）,浙江省 衢州市,省重点,公办,中学,衢州市北门浮石路307号,0570-8018090,浙江省,衢州市,
103,广东省中山市第一中学,广东,中山市第一中学（中山一中）,广东省 中山市,省重点,公办,中学,广东省中山市孙文中路134号,0760－88332643,广东省,中山市,
104,黄冈中学,湖北,湖北黄冈中学,湖北省 黄冈市 黄州区,全国重点,公办,中学,湖北黄冈开发区明珠大道,0713-8838888,湖北省,黄冈市,黄州区
105,山东省临沂第一中学,山东,临沂市第一中学（临沂一中）,山东省 临沂市 兰山区,省重点,公办,中学,山东省临沂市兰山区银雀山路55号,0539-8313412,山东省,临沂市,兰山区
106,天津市耀华中学,天津,天津市耀华中学,天津市 和平区,全国重点,公办,中学,天津市和平区南京路106号,022-23394521,天津市,天津市,和平区
107,芜湖市第一中学,安徽,安徽省芜湖市第一中学（芜湖一中）,安徽省 芜湖市 鸠江区,省重点,公办,中学,安徽省芜湖市黄山路146号,0553-3830606 3839820,安徽省,芜湖市,鸠江区
108,合肥一六八中学,安徽,,,,,,,,,,
109,浙江省余姚中学,浙江,宁波市余姚中学,浙江省 宁波市 余姚市,省重点,公办,中学,浙江省余姚市四明西路392号,0574-62720390,浙江省,宁波市,余姚市
110,北京市第四中学,北京,北京市第四中学（北京四中）,北京市 西城区,市重点,公办,中学,京市西城区西黄城根北街甲2号（近北大医院）,010-66175566,北京市,北京市,西城区
111,福建省泉州第五中学,福建,泉州五中,福建省 泉州市,普通,公办,中学,福建省泉州市桂坛巷49号,,福建省,泉州市,
112,淮北市第一中学,安徽,安徽省淮北市第一中学（淮北一中）,安徽省 淮北市 相山区,省重点,公办,中学,安徽省淮北市相山区石城路30号,0561-3024962,安徽省,淮北市,相山区
113,北京大学附属中学,北京,北京大学附属中学（北大附中）,北京市 海淀区,全国重点,公办,中学,北京市海淀区黄庄北大附中,010-62555594,北京市,北京市,海淀区
114,福建省莆田第一中学,福建,莆田第一中学（莆田一中）,福建省 莆田市 城厢区,省重点,公办,中学,福建省莆田市城厢区东大路217号,0594－2631666,福建省,莆田市,城厢区
115,遵义市第四中学,贵州,遵义市第四中学,贵州省 遵义市,省重点,公办,中学,贵州省遵义市红花岗区石龙路14号,0852-8223172,贵州省,遵义市,
116,南京市金陵中学,江苏,南京市金陵中学,江苏省 南京市 鼓楼区,省重点,公办,中学,江苏省南京市鼓楼区中山路169号,025-84786227  025-84786296,江苏省,南京市,鼓楼区
117,江西科技学院附属中学,江西,,,,,,,,,,
118,曲靖一中,云南,曲靖一中,云南省 曲靖市 麒麟区,省重点,公办,中学,云南省曲靖市麒麟区内环东路86号,0874-3122416,云南省,曲靖市,麒麟区
119,浙江省义乌中学,浙江,义乌中学,浙江省 金华市 义乌市,省重点,公办,中学,浙江省金华市义乌市南门街888号,0579-85205008,浙江省,金华市,义乌市
120,东莞市东莞中学,广东,广东东莞中学,广东省 东莞市 东城区,省重点,公办,中学,广东省东莞市城区学院路128号,0769-22687268,广东省,东莞市,东城区
121,广西师范大学附属外国语学校,广西,广西师范大学附属外国语学校,广西 桂林市 七星区,省重点,公办,中学,广西桂林市铁山工业园紫杉路10号,0773-8993005,广西,桂林市,七星区
122,齐齐哈尔市实验中学,黑龙江,齐齐哈尔实验中学,黑龙江 齐齐哈尔市 建华区,省重点,公办,中学,齐齐哈尔市建华区中华西路142号,0452-6162170,黑龙江,齐齐哈尔市,建华区
123,银川二中,宁夏,宁夏银川市第二中学（银川二中）,宁夏 银川市 兴庆区,省重点,公办,中学,宁夏回族自治区银川市兴庆区中山北街英才巷151号,18209510188,宁夏,银川市,兴庆区
124,四川省南充高级中学,四川,四川省南充高级中学,四川省 南充市,省重点,公办,中学,四川省南充市涪江路27号,0817-2224270,四川省,南充市,
125,合肥六中,安徽,合肥市第六中学（合肥六中）,安徽省 合肥市 瑶海区,省重点,公办,中学,安徽省合肥市长江路397号（南区）  安徽省合肥市寿春路252号（北区）,0551-2858277（办公室） 2858227（教务处）,安徽省,合肥市,瑶海区
126,铜陵市第一中学,安徽,安徽省铜陵市第一中学（铜陵一中）,安徽省 铜陵市,市重点,公办,中学,安徽省铜陵市学院路601号,0562-2808369,安徽省,铜陵市,
127,吉安市第一中学,江西,江西省吉安市第一中学（吉安市一中）,江西省 吉安市 吉州区,省重点,公办,中学,江西省吉安市吉州区沿江路97-1号,0796---8263254,江西省,吉安市,吉州区
128,山东省莱芜市第一中学,山东,莱芜市第一中学（莱芜一中）,山东省 莱芜市 莱城区,省重点,公办,中学,山东省莱芜市莱城区 凤城西大街,0634-6412099,山东省,莱芜市,莱城区
129,兵团二中,新疆,,,,,,,,,,
130,上海交通大学附属中学,上海,,,,,,,,,,
131,绵阳东辰国际学校,四川,四川绵阳东辰国际学校（中学部）,四川省 绵阳市 ,市重点,民办,中学,四川省绵阳市科创园区,0816-2324410,四川省,绵阳市,
132,广东实验中学,广东,广东实验中学（省实）,广东省 广州市 越秀区,省重点,公办,中学,广州市越秀区中山四路51号　,（020）83810947、83818022,广东省,广州市,越秀区
133,常州市第一中学,江苏,常州市第一中学（常州一中）,江苏省 常州市,市重点,公办,中学,常州市椿桂坊,,江苏省,常州市,
134,南昌市第二中学,江西,南昌二中（南昌市第二中学）,江西省 南昌市 青山湖区,省重点,公办,中学,江西省南昌市青山湖区绿茵路1282号,0791-83839278,江西省,南昌市,青山湖区
135,山东省潍坊第一中学,山东,山东省潍坊第一中学（潍坊一中）,山东省 潍坊市,省重点,公办,中学,山东省潍坊市奎文区中学街1号,0536-8230183,山东省,潍坊市,
136,泰安一中,山东,山东省泰安第一中学（泰安一中）,山东省 泰安市 泰山区,省重点,公办,中学,山东省泰安市泰山区青年路117号/虎山路169号/长城路和灵山大街交界,0538-6365109 0538- 8491085  0538-2187037,山东省,泰安市,泰山区
137,复旦大学附属中学,上海,复旦大学附属中学（复旦附中）,上海市 杨浦区,市重点,公办,中学,上海市杨浦区国权路383号,021-65640560,上海市,上海市,杨浦区
138,天津市新华中学,天津,天津市新华中学,天津市 河西区,市重点,公办,中学,天津市河西区马场道99号（九龙路口）,022-23289915,天津市,天津市,河西区
139,慈溪中学,浙江,浙江省慈溪中学,浙江省 宁波市 慈溪市,省重点,公办,中学,浙江省慈溪市浒山镇环城北路110号,0574-63023049,浙江省,宁波市,慈溪市
140,安徽省宣城中学,安徽,安徽宣城中学,安徽省 宣城市,市重点,公办,中学,安徽省 宣城市 水阳江大道,0563-3033050,安徽省,宣城市,
141,安庆一中,安徽,安徽省安庆市第一中学（安庆一中）,安徽省 安庆市 大观区,省重点,公办,中学,安徽省安庆市大观区龙门口街38号,0556－5513669,安徽省,安庆市,大观区
142,哈尔滨市第三中学校,黑龙江,哈尔滨市第三中学（哈三中）,黑龙江 哈尔滨市 南岗区,省重点,公办,中学,黑龙江省哈尔滨市南岗区果戈里大街415号,0451-53636578,黑龙江,哈尔滨市,南岗区
143,江苏省扬州中学,江苏,江苏省扬州中学,江苏省 扬州市,省重点,公办,中学,江苏省扬州市淮海路13号,0514-87361280 0514-87310839 0514-87361276,江苏省,扬州市,
144,九江第一中学,江西,江西九江第一中学,江西省 九江市 九江县,省重点,公办,中学,江西省九江市滨湖路1号,0792-8238623,江西省,九江市,九江县
145,临汾一中,山西,临汾市第一中学（临汾一中）,山西省 临汾市 尧都区,省重点,公办,中学,山西省临汾市尧都区鼓楼西街31号,0357-3377555,山西省,临汾市,尧都区
146,北师大实验中学,北京,,,,,,,,,,
147,唐山一中,河北,唐山市第一中学（唐山一中）,河北省 唐山市 路北区,省重点,公办,中学,河北省唐山市路南区友谊路2号,0315-2595128,河北省,唐山市,路北区
148,长沙市明德中学,湖南,长沙市明德中学,湖南省 长沙市 长沙县,省重点,公办,中学,长沙市湘春路289号,0731-4310365,湖南省,长沙市,长沙县
149,鹰潭市第一中学,江西,江西省鹰潭市第一中学,江西省 鹰潭市,省重点,公办,中学,江西省鹰潭市胜利西路8号,0701-6221343  0701—6289277,江西省,鹰潭市,
150,鞍山市第一中学,辽宁,鞍山市第一中学（鞍山一中）,辽宁省 鞍山市,省重点,公办,中学,辽宁省鞍山市高新区鞍千路300号,0412-5227777,辽宁省,鞍山市,
151,呼市二中,内蒙古,呼和浩特第二中学（呼市二中）,内蒙古 呼和浩特市 ,省重点,公办,中学,内蒙古呼和浩特市呼伦南路1号/如意开发区二纬路（东校区）,0471-6966195  0471-6923186 0471-4611783,内蒙古,呼和浩特市,
152,东营市第一中学,山东,东营区第一中学（东营一中）,山东省 东营市 东营区,省重点,公办,中学,山东省东营市东营区新区新泰路17号,0546-8261775,山东省,东营市,东营区
153,天津市实验中学,天津,天津市实验中学,天津市 河西区,全国重点,公办,中学,天津市河西区平山道1号,022-23358689,天津市,天津市,河西区
154,西南大学附厲中学校,重庆,,,,,,,,,,
155,重庆市第十一中学校,重庆,重庆市第十一中学,重庆市 南岸区,市重点,公办,中学,重庆市南岸区弹子石,023-62511889,重庆市,重庆市,南岸区
156,合肥八中,安徽,,,,,,,,,,
157,福建省龙岩第一中学,福建,龙岩一中,福建省 龙岩市 新罗区,普通,公办,中学,福建省龙岩市新罗区和平路40号（364000）,0597-2290302,福建省,龙岩市,新罗区
158,福建省南安第一中学,福建,南安第一中学（南安一中）,福建省 泉州市 南安市,县重点,公办,中学,福建省泉州市南安市,0595-86382402,福建省,泉州市,南安市
159,汕头市潮阳实验学校,广东,汕头市潮阳实验学校,广东省 汕头市 潮阳区,省重点,民办,中学,广东省汕头市潮阳区棉北街道城北四路东段,0754-88726528 88722222,广东省,汕头市,潮阳区
160,汕头市金山中学,广东,汕头市金山中学,广东省 汕头市 濠江区,省重点,公办,中学,广东省汕头市石海关顶,0754-87374368,广东省,汕头市,濠江区
161,沙市中学,湖北,湖北省沙市中学,湖北省 荆州市 沙市区,市重点,公办,中学,荆州市沙市区北京中路269号,0716-8222121,湖北省,荆州市,沙市区
162,山东烟台第二中学,山东,烟台第二中学高中部（烟台二中高中部）,山东省 烟台市 芝罘区,省重点,公办,中学,山东省烟台市芝罘区焕新路1号,0535-6696228,山东省,烟台市,芝罘区
163,太原五中,山西,太原市第五中学（太原五中）,山西省 太原市 迎泽区,省重点,公办,中学,山西省太原市迎泽区青年路49号,0351-4094288,山西省,太原市,迎泽区
164,忻州市第一中学校,山西,忻州市第一中学（忻州一中）,山西省 忻州市 忻府区,省重点,公办,中学,山西省忻州市忻府区和平街8号,0350-3025377,山西省,忻州市,忻府区
165,新疆生产建设兵团第二中学,新疆,新疆生产建设兵团第二中学,新疆 乌鲁木齐市,省重点,公办,中学,新疆乌鲁木齐市五星南路376号,0991-2633933  0991-2630704,新疆,乌鲁木齐市,
166,清华大学附属中学,北京,清华大学附属中学（清华附中）,北京市 海淀区,全国重点,公办,中学,北京市海淀区圆明园东路,010-62789541,北京市,北京市,海淀区
167,武汉外国语学校,湖北,武汉外国语学校（武汉外校）,湖北省 武汉市 江汉区,全国重点,公办,中学,武汉市经济技术开发区龙阳大道太子湖1号,027 - 84897315 85764750,湖北省,武汉市,江汉区
168,上海市七宝中学,上海,上海市七宝中学,上海市 闵行区,市重点,公办,中学,上海市徐汇区农南路22号,021-64592100,上海市,上海市,闵行区
169,天津英华国际学校,天津,天津英华国际学校,天津市 武清区,市重点,民办,中学,天津市武清区雍阳西道天津英华国际学校,022-59611188 4000-022-370,天津市,天津市,武清区
170,余姚市实验学校,浙江,浙江省余姚实验学校中学部,浙江省 宁波市 余姚市,市重点,民办,中学,浙江省宁波市余姚市潭家岭西路199号,0574-62779393   62779390,浙江省,宁波市,余姚市
171,芜湖市第二十七中学,安徽,芜湖二十七中,安徽省 芜湖市 镜湖区,普通,公办,中学,芜湖市镜湖区长江中路44号,,安徽省,芜湖市,镜湖区
172,北京市一零一中学,北京,北京市一零一中学,北京市 海淀区,普通,公办,中学,北京市海淀区颐和园路11号,62566753,北京市,北京市,海淀区
173,福建省长乐第一中学,福建,福建省长乐第一中学（长乐一中）,福建省 福州市 长乐区,省重点,公办,中学,福建省福州市长乐市吴航街道和平街56号,0591-28800711,福建省,福州市,长乐区
174,贵港市高级中学,广西,广西省贵港市高级中学,广西 贵港市 港北区,省重点,公办,中学,广西贵港市港北区金港大道674号,0775-4565422,广西,贵港市,港北区
175,佳木斯市第一中学,黑龙江,佳木斯市第一中学（佳木斯一中）,黑龙江 佳木斯市,省重点,公办,中学,黑龙江省佳木斯市光复路1399号,0454-8605037,黑龙江,佳木斯市,
176,荆州中学,湖北,湖北省荆州中学,湖北省 荆州市 荆州区,省重点,公办,中学,湖北省荆州市荆州区人民路,（0716）8495766,湖北省,荆州市,荆州区
177,株洲市第二中学,湖南,湖南省株洲市第二中学,湖南省 株洲市,省重点,公办,中学,湖南省株洲市天元区珠江南路518号,0733--28827802,湖南省,株洲市,
178,江苏省锡山高级中学,江苏,江苏省锡山高级中学,江苏省 无锡市 惠山区,省重点,公办,中学,江苏无锡惠山新城政和大道1号,0510-83579111　0510-83579333,江苏省,无锡市,惠山区
179,江苏省新海高级中学,江苏,江苏省新海高级中学,江苏省 连云港市 连云区,普通,公办,中学,连云区中华西路168号,0518-2310560,江苏省,连云港市,连云区
180,赣州中学,江西,赣州中学,江西省 赣州市 章贡区,普通,公办,中学,江西省赣州市章贡区赣康路20号,,江西省,赣州市,章贡区
181,晋城一中,山西,晋城市第一中学（晋城一中）,山西省 晋城市,省重点,公办,中学,山西省晋城市东大街963号,0356-3096875,山西省,晋城市,
182,浙江省萧山中学,浙江,萧山中学,浙江省 杭州市 萧山区,省重点,公办,中学,杭州市萧山区城厢街道拱秀路538号,82722091（办公室）82722092（教务处）82733448（学生处）,浙江省,杭州市,萧山区
183,重庆市育才中学校,重庆,重庆市育才中学,重庆市 九龙坡区,市重点,公办,中学,重庆市九龙坡区谢家湾正街92号,023-68822468 023-86051188,重庆市,重庆市,九龙坡区
184,淮南二中,安徽,安徽省淮南第二中学（淮南二中）,安徽省 淮南市,普通,公办,中学,田家庵区舜耕西路（二中）,0554-6414696 葛晓辉,安徽省,淮南市,
185,广州市第六中学,广东,广州市第六中学（广州六中）,广东省 广州市 海珠区,省重点,公办,中学,广州市海珠区新港西路179号,020-84452167,广东省,广州市,海珠区
186,兴义市第八中学,贵州,兴义八中,贵州省 黔西南 兴义市,普通,公办,中学,贵州省黔西南布依族苗族自治州兴义市富民路188号,,贵州省,黔西南,兴义市
187,河南师范大学附属中学,河南,河南师范大学附属中学,河南省 新乡市,省重点,公办,中学,河南省新乡市建设路164号,0373-3383049,河南省,新乡市,
188,哈尔滨德强学校,黑龙江,哈尔滨德强学校初中部,黑龙江 哈尔滨市 香坊区,市重点,民办,中学,哈尔滨香坊区公滨路58-3号,0451-55160688,黑龙江,哈尔滨市,香坊区
189,江西省宜春中学,江西,江西省宜春中学,江西省 宜春市,普通,公办,中学,化成路34号,0795-3222546,江西省,宜春市,
190,北重三中,内蒙古,北方重工集团第三中学（北重三中）,内蒙古 包头市 青山区,市重点,公办,中学,内蒙古包头市青山区青山路117号,0472-3135562,内蒙古,包头市,青山区
191,康杰中学,山西,山西省运城市康杰中学,山西省 运城市,省重点,公办,中学,山西省运城市空港新区康杰北路10号,0359-2576010,山西省,运城市,
192,上海外国语大学附属外国语学校,上海,上海外国语大学附属外国语学校（高中部）,上海市 虹口区,市重点,公办,中学,上海市虹口区中山北一路295号,021-65423105,上海市,上海市,虹口区
193,遂宁市安居育才中学校,四川,育才中学,江苏省 苏州市 吴中区,普通,公办,中学,扬东路211号,0512-67451666,江苏省,苏州市,吴中区
194,佛山市南海区南海中学,广东,佛山市南海区南海中学,广东省 佛山市 南海区,普通,公办,中学,广东省佛山市南海区西樵镇,0757-86898570,广东省,佛山市,南海区
195,玉林高级中学,广西,广西玉林高级中学,广西 玉林市,省重点,公办,中学,广西玉林市人民东路77号,0775-2684268,广西,玉林市,
196,安阳市一中,河南,,,,,,,,,,
197,焦作一中,河南,焦作市第一中学（焦作一中）,河南省 焦作市,省重点,公办,中学,民主中路１号,0391-2932411,河南省,焦作市,
198,江苏省启东中学,江苏,江苏省启东中学,江苏省 南通市 启东市,普通,公办,中学,江苏省启东市汇龙镇民乐中路580号,,江苏省,南通市,启东市
199,江苏省徐州市第一中学,江苏,江苏省徐州市第一中学（徐州一中）,江苏省 徐州市 云龙区,省重点,公办,中学,江苏省徐州市夹河前街26号,0516-85885002,江苏省,徐州市,云龙区
200,高安中学,江西,江西省高安中学,江西省 宜春市 高安市,省重点,公办,中学,江西省宜春市高安市筠阳镇碧落路185号,0795-5212125,江西省,宜春市,高安市
201,弋阳县第一中学,江西,弋阳县第一中学（弋阳一中）,江西省 上饶市 弋阳县,区重点,公办,中学,江西省上饶市弋阳县方志敏大道39号,0791-5883066,江西省,上饶市,弋阳县
202,包钢一中,内蒙古,包钢一中,内蒙古 包头市 昆都仑区,区重点,公办,中学,内蒙古包头市阿尔丁大街12号,0472-5951398,内蒙古,包头市,昆都仑区
203,赤峰二中,内蒙古,赤峰市第二中学（赤峰二中）,内蒙古 赤峰市,市重点,公办,中学,内蒙古赤峰新城区玉龙大街西段,0476-8821920,内蒙古,赤峰市,
204,通辽市第五中学,内蒙古,北京市第五中学（北京五中）,北京市 东城区,市重点,公办,中学,北京市东城区细管胡同13号,010-64042971/64040729,北京市,北京市,东城区
205,银川六中,宁夏,,,,,,,,,,
206,山东师范大学附属中学,山东,山东师范大学附属中学（山师附中）,山东省 济南市 历下区,省重点,公办,中学,山东省济南市历下区山师北街3号,0531-86187151,山东省,济南市,历下区
207,陕西师范大学附属中学,陕西,陕西师范大学附属中学（陕师大附中）,陕西省 西安市 雁塔区,省重点,公办,中学,陕西省西安市翠华南路115号,029-85265803,陕西省,西安市,雁塔区
208,克拉玛依市第一中学,新疆,克拉玛依市第一中学（克拉玛依一中）,新疆 克拉玛依市 克拉玛依区,省重点,公办,中学,克拉玛依市塔河路102号,0990-6246032,新疆,克拉玛依市,克拉玛依区
209,海亮高级中学,浙江,海亮高级中学,浙江省 绍兴市 诸暨市,普通,民办,中学,浙江省诸暨市西三环路197号,0575-87698666,浙江省,绍兴市,诸暨市
210,浙江金华第一中学,浙江,浙江金华第一中学（金华一中）,浙江省 金华市 ,省重点,公办,中学,浙江省金华市金东区光南路1588号,0579-82190728,浙江省,金华市,
211,阜阳一中,安徽,安徽省阜阳第一中学（阜阳一中）,安徽省 阜阳市,省重点,公办,中学,人民中路74号,0558--2265350,安徽省,阜阳市,
212,宿城第一高级中学,安徽,宿城一中,安徽省 宿州市 埇桥区,省重点,公办,中学,安徽省宿州市银河三路518号,0557-3917805,安徽省,宿州市,埇桥区
213,北京市第十二中学,北京,北京第十二中学（北京十二中）,北京市 丰台区,市重点,公办,中学,北京市丰台区益泽路15号,010-83666020,北京市,北京市,丰台区
214,贵阳市第三实验中学,贵州,贵阳市第三实验中学,贵州省 贵阳市 ,普通,公办,中学,贵阳市富水南路中山大厦B座,0851-8645477,贵州省,贵阳市,
215,海口中学,海南,海口中学,海南省 海口市,省重点,民办,中学,海口市滨海大道路48号,0898-68583993,海南省,海口市,
216,黄石二中,湖北,湖北省黄石第二中学（黄石二中）,湖北省 黄石市,省重点,公办,中学,下陆区桂林南路62号,0714-6355558,湖北省,黄石市,
217,衡阳市第八中学,湖南,衡阳八中（高中部）,湖南省 衡阳市,省重点,公办,中学,湖南省衡阳市黄白路81号,0734-8401598,湖南省,衡阳市,
218,四平市第一高级中学,吉林,日喀则地区第一高级中学（日喀则一高）,西藏 日喀则地区,市重点,公办,中学,西藏自治区日喀则地区山东路23号,0892-8822415,西藏,日喀则地区,
219,江苏省盐城中学,江苏,江苏省盐城中学,江苏省 盐城市,省重点,公办,中学,江苏省盐城市解放南路199号,0515-88887600,江苏省,盐城市,
220,吉安市白鹭洲中学,江西,吉安市白鹭洲中学,江西省 吉安市,普通,公办,中学,江西省吉安市沿江路２４８号,,江西省,吉安市,
221,江西省上饶中学,江西,江西上饶中学,江西省 上饶市,省重点,公办,中学,江西省上饶市三清山中大道476号,0793-8259016,江西省,上饶市,
222,包头九中,内蒙古,,,,,,,,,,
223,一机一中,内蒙古,内蒙古一机集团第一中学（内蒙古一机一中）,内蒙古 包头市 青山区,市重点,公办,中学,内蒙古包头市青山区文化路4号,0472-3632770,内蒙古,包头市,青山区
224,上海市曹杨第二中学,上海,上海市曹杨第二中学（曹杨二中）,上海市 普陀区,市重点,公办,中学,上海市普陀区梅川路160号,021-62548322  62853210 62548645,上海市,上海市,普陀区
225,上海市民办华育中学,上海,上海民办华育中学（华育中学）,上海市 徐汇区,区重点,民办,中学,上海市徐汇区龙吟路99号（老校区-罗秀路99号（,021-55350909,上海市,上海市,徐汇区
226,林芝市一中,西藏,,,,,,,,,,
227,下关一中,云南,下关镇第一中学（下关一中）,云南省 大理 大理市,省重点,公办,中学,云南省大理市下关龙溪路69号,0872—2121847,云南省,大理,大理市
228,苍南县嘉禾中学,浙江,广州市嘉禾中学,广东省 广州市 白云区,普通,公办,中学,广州市白云区嘉禾街鹤龙路上胜东街,020-86093426,广东省,广州市,白云区
229,蚌埠二中,安徽,安徽省蚌埠第二中学（蚌埠二中）,安徽省 蚌埠市,普通,公办,中学,安徽省蚌埠市胜利中路88号,（0552）2045104地址：安徽省蚌埠市胜利中路88号,安徽省,蚌埠市,
230,北京市第八十中学,北京,北京市第八十中学（北京八十中）,北京市 朝阳区,区重点,公办,中学,北京市朝阳区望京北路甲16号,010-58047000-7009（校长）010-58047000-7023（教学处）,北京市,北京市,朝阳区
231,深圳市高级中学,广东,深圳市高级中学（高中部）,广东省 深圳市 福田区,省重点,公办,中学,广东省深圳市福田区春田路2号,0755-83948694,广东省,深圳市,福田区
232,海南华侨中学,海南,,,,,,,,,,
233,牡丹江市第一高级中学,黑龙江,牡丹江市第一高级中学（牡丹江一中）,黑龙江 牡丹江市 东安区,省重点,公办,中学,牡丹江市江南新城区,0453-6471809,黑龙江,牡丹江市,东安区
234,江苏省海门中学,江苏,江苏省海门中学,江苏省 南通市 海门市,省重点,公办,中学,江苏省海门市海门镇育才路1号,0513-82212218,江苏省,南通市,海门市
235,赣州市第三中学,江西,赣州三中,江西省 赣州市,普通,公办,中学,江西省赣州市,,江西省,赣州市,
236,余江县第一中学,江西,余江县第一中学（余江一中）,江西省 鹰潭市 余江县,省重点,私立,中学,江西省鹰潭市余江县白塔路,0701-5885968,江西省,鹰潭市,余江县
237,海拉尔第二中学,内蒙古,海拉尔第二中学（海拉尔二中）,内蒙古 呼伦贝尔市 海拉尔区,市重点,公办,中学,海拉尔区兴安西路,0472-8323054,内蒙古,呼伦贝尔市,海拉尔区
238,山东省北镇中学,山东,滨州市北镇中学,山东省 滨州市 滨城区,省重点,公办,中学,山东省滨州市滨城区黄河十路,0543-3168025,山东省,滨州市,滨城区
239,山东省章丘第四中学,山东,济南市章丘第四中学,山东省 济南市 章丘市,省重点,公办,中学,山东省济南市章丘市明水白云路40号,0531-83213558 83861263,山东省,济南市,章丘市
240,上海市实验学校,上海,上海市实验学校高中（上实）,上海市 浦东新区,市重点,公办,中学,上海市浦东新区东明路300号,021-50866819 50866067,上海市,上海市,浦东新区
241,上海市松江二中,上海,上海市松江二中（集团）初级中学,上海市 松江区,区重点,公办,中学,上海市松江区邱家湾20号,021-57833817,上海市,上海市,松江区
242,浙江省富阳中学,浙江,富阳中学,浙江省 杭州市 富阳区,省重点,公办,中学,杭州市富阳区馆驿里1号,,浙江省,杭州市,富阳区
243,浙江省余姚市姚中书院,浙江,余姚市姚中书院,浙江省 宁波市 余姚市,普通,民办,中学,余姚市四明西路392号,0574-62795207 62720384,浙江省,宁波市,余姚市
244,浙江省诸暨中学,浙江,浙江省诸暨中学,浙江省 绍兴市 诸暨市,普通,公办,中学,诸暨市暨阳路47号,0575—87011543   邮编：311800地址：诸暨市暨阳路47号,浙江省,绍兴市,诸暨市
245,北京市第八中学,北京,北京市第八中学（北京八中）,北京市 西城区,市重点,公办,中学,北京市西城区学院小街2号,010-66034661,北京市,北京市,西城区
246,福建省惠安第一中学,福建,惠安一中,福建省 泉州市 惠安县,市重点,公办,中学,福建省泉州市惠安县,,福建省,泉州市,惠安县
247,福建省三明市第二中学,福建,北京市第二中学（北京二中）,北京市 东城区,市重点,公办,中学,北京市东城区内务部街15号,010-65274375,北京市,北京市,东城区
248,福建省漳平第一中学,福建,漳平一中,福建省 龙岩市 漳平市,普通,公办,中学,福建省龙岩市漳平市,0597-7533914,福建省,龙岩市,漳平市
249,佛山市第一中学,广东,佛山市第一中学（佛山一中）,广东省 佛山市,省重点,公办,中学,广东省佛山市禅城区文沙路25号,0757-8283 8610,广东省,佛山市,
250,郑州市第十一中学,河南,郑州市第十一中学,河南省 郑州市,普通,公办,中学,河南省郑州市金水区人民路7号,0371-66224246,河南省,郑州市,
251,十堰市郧阳中学,湖北,湖北省十堰市郧阳中学,湖北省 十堰市,市重点,公办,中学,十堰市郧阳中学北京北路60号,0719-8102388  8102991 8102908,湖北省,十堰市,
252,景德镇一中,江西,景德镇第一中学（景德镇一中）,江西省 景德镇市,省重点,公办,中学,江西省景德镇市天翼路66号,（0798）8441380,江西省,景德镇市,
253,内蒙古师大附中,内蒙古,,,,,,,,,,
254,莱州市第一中学,山东,莱州市第一中学高中部（莱州一中高中部）,山东省 烟台市 莱州市,省重点,公办,中学,山东省烟台市莱州市文昌路一中巷1号,0535-2282001,山东省,烟台市,莱州市
255,山东省日照第一中学,山东,日照第一中学（日照一中）,山东省 日照市 东港区,省重点,公办,中学,山东省日照市东港区日照北路30号,0633-8222086,山东省,日照市,东港区
256,莘县实验高级中学,山东,中山市实验高级中学,广东省 中山市,省重点,公办,中学,广东省中山市东区东江路12号,76088331091,广东省,中山市,
257,大同一中,山西,大同市第一中学（大同一中）,山西省 大同市,省重点,公办,中学,山西省大同市向阳东街1号,0352-5196128,山西省,大同市,
258,昆明市第一中学,云南,昆明市第一中学（昆明一中）,云南省 昆明市 五华区,省重点,公办,中学,云南省昆明市五华区西昌路233号,0871-5325970 15887078301,云南省,昆明市,五华区
259,浙江省江山中学,浙江,浙江江山中学,浙江省 衢州市 江山市,省重点,公办,中学,浙江省衢州市江山市凝秀中路2号,,浙江省,衢州市,江山市
260,浙江省瑞安中学,浙江,浙江省瑞安中学,浙江省 温州市 瑞安市,省重点,私立,中学,浙江省温州市瑞安市瑞湖路398号,0577- 65679017   65675130,浙江省,温州市,瑞安市
261,安徽省宿州市第二中学,安徽,宿州二中,安徽省 宿州市 埇桥区,省重点,公办,中学,宿州市埇桥区迎宾大道88号,,安徽省,宿州市,埇桥区
262,北京汇文中学,北京,北京汇文中学,北京市 东城区,市重点,公办,中学,北京市东城区培新街6号,010-67117375,北京市,北京市,东城区
263,北京市育英学校,北京,北京市育英学校,北京市 海淀区,市重点,公办,中学,北京市海淀区万寿路西街11号,010-68282370,北京市,北京市,海淀区
264,福建省泉州第一中学,福建,泉州一中,福建省 泉州市 晋江市,普通,公办,中学,泉州学府路31号,0595-22784689,福建省,泉州市,晋江市
265,厦门大学附属实验中学,福建,,,,,,,,,,
266,静宁一中,甘肃,甘肃省静宁县第一中学（静宁一中）,甘肃省 平凉市 静宁县,省重点,公办,中学,甘肃省平凉市静宁县城关镇中街170号,0933-2521643,甘肃省,平凉市,静宁县
267,平凉一中,甘肃,,,,,,,,,,
268,广东北江中学,广东,广东北江中学,广东省 韶关市 ,省重点,公办,中学,韶关市惠民北路66,,广东省,韶关市,
269,柳州铁一中学,广西,,,,,,,,,,
270,毕节梁才学校,贵州,毕节梁才学校,贵州省 毕节地区 毕节市,普通,民办,中学,贵州省毕节市七星关区梁才学校,0857—8416666,贵州省,毕节地区,毕节市
271,遵义市南白中学,贵州,遵义南白中学,贵州省 遵义市,普通,公办,中学,贵州省遵义市播州区遵南大道401号,0851-27250159,贵州省,遵义市,
272,定州中学,河北,河北定州中学,河北省 保定市 定州市,省重点,公办,中学,河北定州市内中心街定州中学,0312-2587001,河北省,保定市,定州市
273,大庆第一中学,黑龙江,大庆第一中学（大庆一中）,黑龙江 大庆市 让胡路区,市重点,公办,中学,黑龙江省大庆市让胡路区胜利路284号,0459-5168163  5168057,黑龙江,大庆市,让胡路区
274,长春市十一高中,吉林,长春市十一高中,吉林省 长春市 绿园区,省重点,公办,中学,长春市景阳大路2666号,0431-87624714,吉林省,长春市,绿园区
275,江苏省海安高级中学,江苏,,,,,,,,,,
276,上饶县中学,江西,,,,,,,,,,
277,樟树中学,江西,樟树中学,江西省 宜春市 樟树市,普通,公办,中学,樟树市东门42号,0795-7333540,江西省,宜春市,樟树市
278,石嘴山三中,宁夏,,,,,,,,,,
279,吴忠中学,宁夏,,,,,,,,,,
280,山东省平邑第一中学,山东,,,,,,,,,,
281,山东省烟台第一中学,山东,烟台一中（高中部）,山东省 烟台市 芝罘区,省重点,公办,中学,山东省烟台市芝罘区二马路17号,5354218848,山东省,烟台市,芝罘区
282,西藏民族大学附属中学,西藏,,,,,,,,,,
283,石河子第一中学,新疆,石河子市第一中学（石河子一中）,新疆,市重点,公办,中学,新疆维吾尔族自治区石河子市12小区北四路159号,0993-2037304,新疆,,
284,温州育英国际实验学校,浙江,温州育英国际实验学校,浙江省 温州市 瓯海区,市重点,民办,中学,中国浙江温州瓯海区梧田镇,0577-86362803 86367629,浙江省,温州市,瓯海区
285,安师大附中,安徽,,,,,,,,,,
286,福州三牧中学,福建,,,,,,,,,,
287,金川总校第一高级中学,甘肃,,,,,,,,,,
288,陇南市一中,甘肃,,,,,,,,,,
289,广州市执信中学,广东,广州市执信中学,广东省 广州市 越秀区,省重点,公办,中学,广东省广州市越秀区执信南路152号,020-87778382,广东省,广州市,越秀区
290,广西师范大学附属中学,广西,广西师范大学附属中学,广西 桂林市,省重点,公办,中学,中山北路15号,0773--2803103,广西,桂林市,
291,遵义航天高级中学,贵州,贵州遵义航天高级中学,贵州省 遵义市 汇川区,省重点,公办,中学,遵义市汇川区宁波路176号,0852-8611619 8611987,贵州省,遵义市,汇川区
292,河南省开封高级中学,河南,开封高级中学（开封高中）,河南省 开封市,省重点,公办,中学,河南省开封铁路北沿街223号,0378-5951776,河南省,开封市,
293,宜昌市第一中学,湖北,宜昌市第一中学（宜昌一中）,湖北省 宜昌市 西陵区,省重点,公办,中学,宜昌市西陵二路4号,0717-6774074,湖北省,宜昌市,西陵区
294,湖南省娄底市第一中学,湖南,娄底一中,湖南省 娄底市,省重点,公办,中学,湖南省娄底市娄星区贤童街10号娄底市第一中学,,湖南省,娄底市,
295,延边第二中学,吉林,吉林省延边第二中学（延边二中）,吉林省 延边 延吉市,省重点,公办,中学,吉林省延边朝鲜族自治州延吉市,,吉林省,延边,延吉市
296,江苏省镇江市第一中学,江苏,镇江一中,江苏省 镇江市 京口区,省重点,公办,中学,江苏省镇江市京口区谷阳路208号,0511-88722812,江苏省,镇江市,京口区
297,南昌县莲塘第一中学,江西,江西省南昌县莲塘第一中学（莲塘一中）,江西省 南昌市 南昌县,省重点,公办,中学,江西省南昌县莲塘镇澄湖西路1566号,0791-85761902,江西省,南昌市,南昌县
298,莒县第一中学,山东,,,,,,,,,,
299,新泰市第一中学,山东,新泰市第一中学（新泰一中）,山东省 泰安市 新泰市,省重点,公办,中学,山东省泰安市新泰市青云路789号,0538-7235936,山东省,泰安市,新泰市
300,太原市知达常青藤中学校,山西,,,,,,,,,,
301,长治二中,山西,山西省长治市第二中学（长治二中）,山西省 长治市 ,省重点,公办,中学,山西省长治市府上街25号,0355-2024118,山西省,长治市,
302,宝鸡中学,陕西,陕西宝鸡中学,陕西省 宝鸡市,省重点,公办,中学,陕西省宝鸡市东开发区高新大道29号,0917-8625066,陕西省,宝鸡市,
303,上海市格致中学,上海,上海市格致中学,上海市 黄浦区,市重点,公办,中学,上海市黄浦区广西北路66号,021-63615180 021-63510228,上海市,上海市,黄浦区
304,上海市世界外国语中学,上海,上海市世界外国语中学（世外中学）,上海市 徐汇区,市重点,民办,中学,上海市徐汇区虹漕南路602号,021-54198567,上海市,上海市,徐汇区
305,拉萨中学,西藏,西藏自治区拉萨中学,西藏 拉萨市,省重点,公办,中学,西藏自治区拉萨林廓西路32号,0891-6823198,西藏,拉萨市,
306,香港培正中學,香港,,,,,,,,,,
307,玉溪第一中学,云南,云南省玉溪第一中学（玉溪一中）,云南省 玉溪市 ,省重点,公办,中学,云南省玉溪市太极路21号,0877-2024003  0877-8882095,云南省,玉溪市,
308,慈溪市上林初级中学教育集团,浙江,,,,,,,,,,
309,温州市实验中学,浙江,温州市实验中学,浙江省 温州市,省重点,公办,中学,浙江省温州市府前街,0577-88291116,浙江省,温州市,
310,浙江省杭州高级中学,浙江,杭州高级中学钱江校区,浙江省 杭州市 上城区,市重点,公办,中学,浙江省杭州市上城区之江东路1958号,0571-86988717,浙江省,杭州市,上城区
311,重庆市第二外国语学校,重庆,温州第二外国语学校（温州二外）,浙江省 温州市 瓯海区,省重点,公办,中学,浙江省温州市瓯海区南白象街道南湖路,0577-85701188　0577-85701567,浙江省,温州市,瓯海区
312,合肥市第四十五中学,安徽,合肥四十五中（合肥45中）,安徽省 合肥市 庐阳区,省重点,公办,中学,安徽省合肥市六安路65号,0551-2647064,安徽省,合肥市,庐阳区
313,鏡平學校中學部,澳门,,,,,,,,,,
314,北京市第五中学,北京,北京市第五中学（北京五中）,北京市 东城区,市重点,公办,中学,北京市东城区细管胡同13号,010-64042971/64040729,北京市,北京市,东城区
315,福建省安溪第一中学,福建,福建省安溪一中,福建省 泉州市 安溪县,省重点,公办,中学,泉州市安溪县安溪县中心部,3232331,福建省,泉州市,安溪县
316,福建省长汀县第一中学,福建,福州市第一中学（福州一中）,福建省 福州市 鼓楼区,省重点,公办,中学,福建省福州市东街附近,0591-87551426,福建省,福州市,鼓楼区
317,福州时代中学,福建,福州市时代中学,福建省 福州市 仓山区,省重点,公办,中学,福建省福州市仓山区程埔路172号,0591-83473994/83476794,福建省,福州市,仓山区
318,广雅中学,广东,广东广雅中学,广东省 广州市 荔湾区,省重点,公办,中学,广东省广州市荔湾区西湾路1号,020-81261232,广东省,广州市,荔湾区
319,六盘水市第三中学,贵州,哈尔滨市第三中学（哈三中）,黑龙江 哈尔滨市 南岗区,省重点,公办,中学,黑龙江省哈尔滨市南岗区果戈里大街415号,0451-53636578,黑龙江,哈尔滨市,南岗区
320,石家庄一中,河北,石家庄市第一中学（石家庄一中）,河北省 石家庄市 桥东区,省重点,公办,中学,河北省石家庄市平安北大街13号,0311--6034130,河北省,石家庄市,桥东区
321,驻马店高级中学,河南,,,,,,,,,,
322,大庆铁人中学,黑龙江,大庆铁人中学,黑龙江 大庆市 让胡路区,省重点,公办,中学,黑龙江省大庆市让胡路区乘风西路6号,0459－5683040,黑龙江,大庆市,让胡路区
323,鹤岗市第一中学,黑龙江,鹤岗市第一中学（鹤岗一中）,黑龙江 鹤岗市 工农区,省重点,公办,中学,黑龙江省鹤岗市工农区禾友路12号,,黑龙江,鹤岗市,工农区
324,浏阳市第一中学,湖南,湖南省浏阳市第一中学（浏阳一中）,湖南省 长沙市 浏阳市,省重点,公办,中学,湖南省长沙市浏阳市车站中路34,0731-83612040,湖南省,长沙市,浏阳市
325,常州外国语学校,江苏,,,,,,,,,,
326,江苏省丹阳高级中学,江苏,江苏丹阳高级中学,江苏省 镇江市 丹阳市,省重点,公办,中学,江苏省丹阳市新民西路138号,0511-86522062　传真：0511-86522062,江苏省,镇江市,丹阳市
327,江苏省如东高级中学,江苏,江苏如东高级中学,江苏省 南通市 如东县,省重点,公办,中学,江苏省如东县掘港镇香格里大街9号,51384199670,江苏省,南通市,如东县
328,赣县中学,江西,赣县中学,江西省 赣州市 赣　县,省重点,公办,中学,梅林大街55号,0797-4441063,江西省,赣州市,赣　县
329,江西省萍乡中学,江西,江西省萍乡中学,江西省 萍乡市,普通,公办,中学,西城鳌头山,0799-6832817,江西省,萍乡市,
330,聊城第一中学,山东,聊城市第一中学（聊城一中）,山东省 聊城市 东昌府区,省重点,公办,中学,山东省聊城市东昌府区双街144号,0635-8249743,山东省,聊城市,东昌府区
331,山东省昌乐二中,山东,昌乐二中,山东省 潍坊市 昌乐县,省重点,公办,中学,山东省潍坊市昌乐县行政西街7号,0536-6295777,山东省,潍坊市,昌乐县
332,寿光市第一中学,山东,寿光一中,山东省 潍坊市 寿光市,市重点,公办,中学,山东省寿光市文圣街2396号,0536-5222378   0536-5265770,山东省,潍坊市,寿光市
333,淄博实验中学,山东,,,,,,,,,,
334,长治学院附属太行中学校,山西,,,,,,,,,,
335,陕西省西安中学,陕西,陕西省西安中学,陕西省 西安市 经开区,省重点,公办,中学,陕西省西安经济技术开发区凤城五路,029-86537091,陕西省,西安市,经开区
336,上海市建平中学,上海,上海市建平中学西校,上海市 浦东新区,市重点,公办,中学,上海市浦东区东方路420号,021-58310316,上海市,上海市,浦东新区
337,上海市控江中学,上海,上海市控江中学,上海市 杨浦区,市重点,公办,中学,上海市杨浦区双阳路388号,021-65434038,上海市,上海市,杨浦区
338,上海市西南位育中学,上海,上海市西南位育中学,上海市 徐汇区,区重点,民办,中学,上海市徐汇区宜山路671号,021-64705469,上海市,上海市,徐汇区
339,上海市向明中学,上海,上海市向明中学（浦江校区）,上海市 黄浦区,区重点,公办,中学,上海市闵行区浦锦路138号,021-53061356 021-53063368-111,上海市,上海市,黄浦区
340,上海市延安中学,上海,上海市延安中学（初中部）,上海市 长宁区,市重点,公办,中学,上海市长宁区茅台路1111号,021-62901188,上海市,上海市,长宁区
341,乌鲁木齐八一中学,新疆,乌鲁木齐八一中学,新疆 乌鲁木齐市 天山区,省重点,公办,中学,乌鲁木齐市青年路15号,0991-8844839 8835514 8873444,新疆,乌鲁木齐市,天山区
342,安宁中学,云南,昆明市安宁中学,云南省 昆明市 安宁市,市重点,公办,中学,云南省昆明市安宁市,0871-8616868,云南省,昆明市,安宁市
343,宣威市第一中学,云南,福州市第一中学（福州一中）,福建省 福州市 鼓楼区,省重点,公办,中学,福建省福州市东街附近,0591-87551426,福建省,福州市,鼓楼区
344,金华市外国语学校,浙江,金华外国语学校,浙江省 金华市 金东区,普通,公办,中学,金华市金东区笃学路1号,0579－81331158,浙江省,金华市,金东区
345,宁波市效实中学,浙江,宁波市效实中学（宁波五中）,浙江省 宁波市,普通,公办,中学,浙江省宁波市白杨街178号,0574－87159610,浙江省,宁波市,
346,浙江省温岭中学,浙江,温岭中学,浙江省 台州市 温岭市,普通,公办,中学,浙江省台州市温岭市万泉东路1号,0576-86026999,浙江省,台州市,温岭市
347,濠江中學,澳门,,,,,,,,,,
348,福建省晋江市第一中学,福建,晋江第一中学（晋江一中）,福建省 泉州市 晋江市,市重点,公办,中学,福建省泉州市晋江市区石鼓山,0595-568247653,福建省,泉州市,晋江市
349,福建省漳州第一中学,福建,漳州市第一中学（漳州一中）,福建省 漳州市 芗城区,省重点,公办,中学,福建省漳州市芗城区芝山南麓,0596-2022008,福建省,漳州市,芗城区
350,庆阳一中,甘肃,庆阳市第一中学（庆阳一中）,甘肃省 庆阳市 西峰区,省重点,公办,中学,甘肃省庆阳市西峰区南大街32号,0934-8213127地址：甘肃省庆阳市西峰区西大街178号,甘肃省,庆阳市,西峰区
351,天水市第一中学,甘肃,天水市第一中学（天水一中）,甘肃省 天水市 秦城区,省重点,公办,中学,甘肃省天水市秦州区泰山东路8号,0938-8271002,甘肃省,天水市,秦城区
352,珠海市第一中学,广东,珠海市第一中学（珠海一中）,广东省 珠海市 香洲区,省重点,公办,中学,珠海市香洲区梅华西路2180,（0756）2630100,广东省,珠海市,香洲区
353,柳州市第十二中学,广西,柳州十二中学,广西 柳州市,普通,公办,中学,,,广西,柳州市,
354,河南大学附属中学,河南,,,,,,,,,,
355,洛阳市第一高级中学,河南,洛阳市第一中学（洛阳一中）,河南省 洛阳市,市重点,公办,中学,河南省洛阳市瀍河区夹马营路1号,0379-62517901,河南省,洛阳市,
356,黑龙江省实验中学,黑龙江,黑龙江省实验中学,黑龙江 哈尔滨市,省重点,公办,中学,黑龙江省哈尔滨市南岗区海城街1号,0451-86431159,黑龙江,哈尔滨市,
357,鸡西市第一中学,黑龙江,福州市第一中学（福州一中）,福建省 福州市 鼓楼区,省重点,公办,中学,福建省福州市东街附近,0591-87551426,福建省,福州市,鼓楼区
358,双鸭山市第一中学,黑龙江,双鸭山市第一中学（双鸭山一中）,黑龙江 双鸭山市 尖山区,普通,公办,中学,黑龙江省双鸭山市尖山区,,黑龙江,双鸭山市,尖山区
359,武汉实验外国语学校,湖北,武汉实验外国语学校,湖北省 武汉市,区重点,公办,中学,湖北省武汉市经济技术开发区龙阳大道太子湖1号,027-84897315,湖北省,武汉市,
360,江苏省泗洪中学,江苏,泗洪中学,江苏省 宿迁市 泗洪县,省重点,公办,中学,宿迁市泗洪县泗州东大街3号,0527-86292129,江苏省,宿迁市,泗洪县
361,江苏省泰州中学,江苏,江苏省泰州中学,江苏省 泰州市 ,省重点,公办,中学,江苏省泰州市迎春东路9号,0523-86669005,江苏省,泰州市,
362,南京市第一中学,江苏,南京市第一中学（南京一中）,江苏省 南京市 白下区,省重点,公办,中学,南京市白下区中山南路301,025-68187266  025-68187299,江苏省,南京市,白下区
363,江西省玉山县玉山一中,江西,江西省玉山县第一中学（玉山一中）,江西省 上饶市 玉山县,省重点,公办,中学,江西省玉山县三清大道176号,0793-2553649,江西省,上饶市,玉山县
364,乐平中学,江西,江西省乐平中学,江西省 景德镇市,省重点,公办,中学,乐平市长寿路321号,0798-6227446,江西省,景德镇市,
365,临川一中,江西,江西省临川第一中学（临川一中）,江西省 抚州市 临川区,省重点,公办,中学,江西省抚州市临川区上顿渡镇建设路205号,0794-8441447   0794-8430071,江西省,抚州市,临川区
366,朝阳市第一高级中学,辽宁,日喀则地区第一高级中学（日喀则一高）,西藏 日喀则地区,市重点,公办,中学,西藏自治区日喀则地区山东路23号,0892-8822415,西藏,日喀则地区,
367,呼市一中,内蒙古,呼和浩特市第一中学（呼市一中）,内蒙古 呼和浩特市 回民区,市重点,公办,中学,回民区环河街33号,0471-6362638,内蒙古,呼和浩特市,回民区
368,乌兰浩特一中,内蒙古,,,,,,,,,,
369,宁夏长庆高级中学,宁夏,,,,,,,,,,
370,唐徕回中,宁夏,,,,,,,,,,
371,中卫中学,宁夏,,,,,,,,,,
372,昌邑市第一中学,山东,昌邑一中,山东省 潍坊市 昌邑市,市重点,公办,中学,山东省潍坊市昌邑市潍河西路1号,0536-7212370,山东省,潍坊市,昌邑市
373,德州市第一中学,山东,德州市第一中学（德州一中）,山东省 德州市 德城区,省重点,公办,中学,山东省德州市德城区解放中大道651号,0534-2621594,山东省,德州市,德城区
374,荷泽市第一中学,山东,福州市第一中学（福州一中）,福建省 福州市 鼓楼区,省重点,公办,中学,福建省福州市东街附近,0591-87551426,福建省,福州市,鼓楼区
375,济宁市第一中学,山东,济宁市第一中学（济宁一中）,山东省 济宁市 市中区,省重点,公办,中学,山东省济宁市中区南北晁家街1号,0537-2214406,山东省,济宁市,市中区
376,潍坊市寿光现代中学,山东,寿光现代中学,山东省 潍坊市 寿光市,市重点,民办,中学,山东省潍坊市寿光市东环路69号,0536-5115230,山东省,潍坊市,寿光市
377,邹城市第一中学,山东,邹城市第一中学（邹城一中）,山东省 济宁市,市重点,公办,中学,邹城市太平东路,,山东省,济宁市,
378,上海民办兰生复旦中学,上海,兰生复旦中学,上海市 杨浦区,普通,民办,中学,上海市杨浦区世界路8号,021-65118204 65561661,上海市,上海市,杨浦区
379,乌鲁木齐市第八中学,新疆,乌鲁木齐市第八中学,新疆 乌鲁木齐市 天山区,普通,公办,中学,乌鲁木齐市东风路125号,9912616907,新疆,乌鲁木齐市,天山区
380,乐清市乐成寄宿中学,浙江,知临中学（乐成寄宿中学）,浙江省 温州市 乐清市,省重点,民办,中学,浙江省乐清市城南街道朋岙村,0577-27882222,浙江省,温州市,乐清市
381,衢州华茂外国语学校,浙江,衢州华茂外国语学校,浙江省 衢州市 柯城区,市重点,公办,中学,衢州市柯城区书院西路58号,0570-8019576,浙江省,衢州市,柯城区
382,浙江省苍南中学,浙江,浙江省苍南中学,浙江省 温州市 苍南县,省重点,公办,中学,浙江省温州市苍南县灵溪镇仁英路,0577-64838682，64838640,浙江省,温州市,苍南县
383,浙江省杭州第十四中学,浙江,杭州第十四中学（康桥校区）,浙江省 杭州市 拱墅区,市重点,公办,中学,杭州市拱墅区龙腾街500号,0571-88467690,浙江省,杭州市,拱墅区
384,浙江省浦江中学,浙江,,,,,,,,,,
385,重庆市巴川国际高级中学校,重庆,,,,,,,,,,
386,重庆市树人中学校,重庆,,,,,,,,,,
387,阜阳市第三中学,安徽,哈尔滨市第三中学（哈三中）,黑龙江 哈尔滨市 南岗区,省重点,公办,中学,黑龙江省哈尔滨市南岗区果戈里大街415号,0451-53636578,黑龙江,哈尔滨市,南岗区
388,利辛县第一中学,安徽,利辛一中,安徽省 亳州市 利辛县,省重点,公办,中学,安徽省亳州市利辛县城关镇马桥世纪大道第一中学,,安徽省,亳州市,利辛县
389,澳門勞工子弟舉校,澳门,,,,,,,,,,
390,北京景山学校,北京,北京景山学校,北京市 东城区,市重点,公办,中学,北京市东城区灯市口大街53号,010-65252555,北京市,北京市,东城区
391,北京市第二中学,北京,北京市第二中学（北京二中）,北京市 东城区,市重点,公办,中学,北京市东城区内务部街15号,010-65274375,北京市,北京市,东城区
392,北京市第十八中学,北京,北京市第十八中学,北京市 丰台区,区重点,公办,中学,北京市丰台区方庄芳星园二区,010-67634326,北京市,北京市,丰台区
393,北京市广渠门中学,北京,北京市广渠门中学,北京市 东城区,区重点,公办,中学,北京市白桥大街甲1号,010-67183773,北京市,北京市,东城区
394,福建省武平县第一中学,福建,武平县第一中学（武平一中）,福建省 龙岩市 武平县,普通,公办,中学,福建省龙岩市武平县沿河西路44号,86-（0）597-4822433,福建省,龙岩市,武平县
395,晋江市季延中学,福建,晋江市季延中学,福建省 泉州市 晋江市,普通,私立,中学,福建省泉州市晋江市罗山街道,,福建省,泉州市,晋江市
396,厦门外国语学校,福建,厦门外国语学校,福建省 厦门市 思明区,省重点,公办,中学,（初中部）厦门市思明区湖滨北路88号/（高中部）海沧区嵩屿路89号,0592-5110967（8063273）,福建省,厦门市,思明区
397,上杭县第一中学,福建,福州市第一中学（福州一中）,福建省 福州市 鼓楼区,省重点,公办,中学,福建省福州市东街附近,0591-87551426,福建省,福州市,鼓楼区
398,漳州实验中学,福建,漳州实验中学,福建省 漳州市 龙文区,普通,私立,中学,福建省漳州市龙文区新浦东路139号,0596-2638028,福建省,漳州市,龙文区
399,会宁县第一中学,甘肃,福州市第一中学（福州一中）,福建省 福州市 鼓楼区,省重点,公办,中学,福建省福州市东街附近,0591-87551426,福建省,福州市,鼓楼区
400,秦安县第一中学,甘肃,福州市第一中学（福州一中）,福建省 福州市 鼓楼区,省重点,公办,中学,福建省福州市东街附近,0591-87551426,福建省,福州市,鼓楼区
401,深圳外国语学校,广东,深圳外国语学校初中部,广东省 深圳市 福田区,省重点,公办,中学,广东省深圳市福田区红荔路2005号,0755-83354153  0755-25282036,广东省,深圳市,福田区
402,毕节市北大附校,贵州,,,,,,,,,,
403,毕节市第一中学,贵州,福州市第一中学（福州一中）,福建省 福州市 鼓楼区,省重点,公办,中学,福建省福州市东街附近,0591-87551426,福建省,福州市,鼓楼区
404,凯里市第一中学,贵州,凯里市第一中学（凯里一中）,贵州省 黔东南 凯里市,省重点,公办,中学,贵州省凯里市文化北路30号,0855-8506108 传 真：0855-8503668邮 编：556000 校址：贵州省凯里市文,贵州省,黔东南,凯里市
405,盘州市第二中学,贵州,北京市第二中学（北京二中）,北京市 东城区,市重点,公办,中学,北京市东城区内务部街15号,010-65274375,北京市,北京市,东城区
406,嘉积中学,海南,海南省琼海市嘉积中学,海南省 海口市,省重点,公办,中学,海南省琼海市嘉积镇富侨路1号,0898-31692345,海南省,海口市,
407,临高中学,海南,,,,,,,,,,
408,石家庄市第五中学,河北,石家庄市第五中学,河北省 石家庄市,省重点,公办,中学,河北省石家庄市水源街109号,0311-87832934,河北省,石家庄市,
409,焦作市宇华实验学校,河南,焦作市实验中学,河南省 焦作市,市重点,公办,中学,河南省焦作市解放中路148号-196号,0391-2922244,河南省,焦作市,
410,湖北省武昌实验中学,湖北,湖北省武汉市武昌实验中学,湖北省 武汉市 武昌区,省重点,公办,中学,武汉市武昌火炬路48号,027-88873891,湖北省,武汉市,武昌区
411,随州市第二高级中学,湖北,随州二中,湖北省 随州市 曾都区,普通,公办,中学,湖北省随州市曾都区舜井大道97号,0722-3246760,湖北省,随州市,曾都区
412,随州市第一中学,湖北,随州一中,湖北省 随州市 曾都区,省重点,公办,中学,随州市曾都区擂鼓墩大道,,湖北省,随州市,曾都区
413,武汉市洪山高级中学,湖北,武汉市洪山高级中学,湖北省 武汉市 洪山区,省重点,公办,中学,武汉市洪山区雄楚大街熊家咀特一号,027-87188089,湖北省,武汉市,洪山区
414,孝感高级中学,湖北,湖北省孝感高级中学,湖北省 孝感市 ,省重点,公办,中学,湖北省孝感市交通西路特1号,（0712）2049008 2049010,湖北省,孝感市,
415,夷陵中学,湖北,宜昌市夷陵中学,湖北省 宜昌市 夷陵区,省重点,公办,中学,湖北省宜昌市城东大道51号,0717-6924505 6924507 6924106,湖北省,宜昌市,夷陵区
416,湘潭县第一中学,湖南,湘潭市湘潭县一中,湖南省 湘潭市 湘潭县,省重点,公办,中学,湖南省湘潭市湘潭县,0731-57823158,湖南省,湘潭市,湘潭县
417,吉林省四平市第十七中学,吉林,石家庄第十七中学,河北省 石家庄市 桥西区,省重点,公办,中学,河北省石家庄市新华区华西路136号,0311-87883496,河北省,石家庄市,桥西区
418,常州市第二十四中学,江苏,常州市第二十四中学,江苏省 常州市,普通,私立,中学,常州市罗汉路9号,,江苏省,常州市,
419,江苏省常熟中学,江苏,江苏省常熟中学,江苏省 苏州市 常熟市,省重点,公办,中学,江苏省常熟市新世纪大道汇文路,0512-52738192,江苏省,苏州市,常熟市
420,江苏省大丰高级中学,江苏,江苏大丰高级中学,江苏省 盐城市 大丰市,普通,公办,中学,中国江苏省大丰市幸福西路99号,,江苏省,盐城市,大丰市
421,江苏省姜堰中学,江苏,江苏省姜堰中学,江苏省 泰州市 姜堰区,省重点,公办,中学,江苏省姜堰市古田路181号,0523-88242303,江苏省,泰州市,姜堰区
422,江苏省靖江高级中学,江苏,靖江高级中学,江苏省 泰州市 靖江市,省重点,公办,中学,泰州市靖江市通江路与渡江路交汇处,,江苏省,泰州市,靖江市
423,江苏省梁丰高级中学,江苏,江苏省梁丰高级中学,江苏省 苏州市 张家港市,市重点,公办,中学,江苏省张家港市国泰南路2号,0512-56918808,江苏省,苏州市,张家港市
424,江苏省如皋中学,江苏,江苏如皋中学,江苏省 南通市 如皋市,省重点,公办,中学,南通市如皋市育贤路601号,,江苏省,南通市,如皋市
425,江苏省通州高级中学,江苏,,,,,,,,,,
426,江苏省宜兴中学,江苏,无锡市宜兴中学,江苏省 无锡市 宜兴市,市重点,公办,中学,江苏省无锡市宜兴市太湖大道280号&#8195;,0510-87983751，87996664,江苏省,无锡市,宜兴市
427,无锡市大桥实验学校,江苏,无锡市大桥实验学校中学部（大桥中学）,江苏省 无锡市 滨湖区,市重点,民办,中学,江苏省无锡市学前街38号/江苏无锡菱湖大道和具区路交界口,0510-82758311,江苏省,无锡市,滨湖区
428,西安交通大学苏州附属中学,江苏,西安交通大学苏州附属中学,江苏省 苏州市 平江区,普通,公办,中学,江苏省苏州工业园区方洲路598号,0512-65936297、65936296、65936221,江苏省,苏州市,平江区
429,赣州市第一中学,江西,赣州市第一中学（赣州一中）,江西省 赣州市,省重点,公办,中学,江西省赣州市,0797-8112448,江西省,赣州市,
430,高安二中,江西,高安二中,江西省 宜春市 高安市,普通,公办,中学,高安市桥南路442号,0795-5212210,江西省,宜春市,高安市
431,江西省上犹中学,江西,上犹中学,江西省 赣州市 上犹县,普通,公办,中学,上犹县城上西村路66号,0797-8542216,江西省,赣州市,上犹县
432,新余一中,江西,新余市第一中学（新余一中）,江西省 新余市,普通,公办,中学,江西省新余市沿江路358号,0790-6660011/0790-6660039,江西省,新余市,
433,大连市大开一中,辽宁,,,,,,,,,,
434,葫芦岛市第一高级中学,辽宁,日喀则地区第一高级中学（日喀则一高）,西藏 日喀则地区,市重点,公办,中学,西藏自治区日喀则地区山东路23号,0892-8822415,西藏,日喀则地区,
435,通辽实验中学,内蒙古,,,,,,,,,,
436,格尔木市第二中学,青海,北京市第二中学（北京二中）,北京市 东城区,市重点,公办,中学,北京市东城区内务部街15号,010-65274375,北京市,北京市,东城区
437,莒县文心高级中学,山东,,,,,,,,,,
438,青岛第五十八中学,山东,青岛第五十八中学,山东省 青岛市 李沧区,省重点,公办,中学,青岛市李沧区九水路20号,0532-87895410,山东省,青岛市,李沧区
439,山东省高密市第一中学,山东,山东省高密市第一中学（高密一中）,山东省 潍坊市 高密市,省重点,公办,中学,山东省高密市文昌街569号,0536－2323289,山东省,潍坊市,高密市
440,山东省泰安第二中学,山东,泰安市第二中学（泰安二中）,山东省 泰安市 泰山区,省重点,公办,中学,山东省泰安市泰山区虎山东路6号,0538-6235328,山东省,泰安市,泰山区
441,山东省招远第一中学,山东,招远市第一中学（招远一中）,山东省 烟台市 招远市,省重点,公办,中学,山东省烟台市招远市文化路12号,0535-8214002,山东省,烟台市,招远市
442,山东省诸城第一中学,山东,诸城市第一中学高中部（诸城一中高中部）,山东省 潍坊市 诸城市,省重点,公办,中学,山东省潍坊市诸城市龙都街道驻地,0536-2168001,山东省,潍坊市,诸城市
443,山东省邹平县第一中学,山东,滨州市邹平一中（高中）,山东省 滨州市 邹平县,市重点,公办,中学,"山东省滨州市邹平县黄山三路205号	 山东省滨州市邹平县鹤伴二路166号",0543-4260001,山东省,滨州市,邹平县
444,太原市五育中学校,山西,太原市五育中学,山西省 太原市 迎泽区,普通,民办,中学,山西省太原市青年路58号,0351-4094825 13994310374,山西省,太原市,迎泽区
445,上海市南洋模范中学,上海,上海市南洋模范中学,上海市 徐汇区,市重点,公办,中学,上海市徐汇区天平路200号,021-62826734,上海市,上海市,徐汇区
446,上海市市西中学,上海,,,,,,,,,,
447,四川省广元外国语学校,四川,,,,,,,,,,
448,宝坻一中,天津,天津市宝坻区第一中学（宝坻一中）,天津市 宝坻区,市重点,公办,中学,天津市宝坻区海滨街北城路东段1号,022-29228996,天津市,天津市,宝坻区
449,静海第一中学,天津,天津市静海县第一中学（静海一中）,天津市 静海区,市重点,公办,中学,天津市静海县地纬路中段,022-68600800,天津市,天津市,静海区
450,天津外国语大学附属中学,天津,,,,,,,,,,
451,杨村第一中学,天津,天津市武清区杨村第一中学（杨村一中）,天津市 武清区,市重点,公办,中学,天津市武清新城南东路282号,022－59689168  82171242,天津市,天津市,武清区
452,林芝市二高,西藏,,,,,,,,,,
453,喇沙書院,香港,,,,,,,,,,
454,聖言中舉,香港,,,,,,,,,,
455,华山中学,新疆,库尔勒华山中学,新疆,省重点,公办,中学,新疆库尔勒市建国路3号,0996-2163060,新疆,,
456,云南省保山第一中学,云南,,,,,,,,,,
457,昭通一中,云南,云南省昭通市第一中学（昭通一中）,云南省 昭通市 昭阳区,省重点,公办,中学,云南省昭通市昭阳区学生路181号,0870-2168019,云南省,昭通市,昭阳区
458,杭州江南实验学校,浙江,杭州江南实验学校,浙江省 杭州市 滨江区,市重点,民办,中学,浙江省杭州市滨江区滨和路958号,0571-86628112,浙江省,杭州市,滨江区
459,杭州市建兰中学,浙江,杭州市建兰中学,浙江省 杭州市 上城区,省重点,民办,中学,浙江省杭州市上城区抚宁巷58号,0571-86815265,浙江省,杭州市,上城区
460,衢州市兴华中学,浙江,郑州兴华中学,河南省 郑州市 二七区,区重点,公办,中学,郑州市二七区兴华北街10号,0371-67436712,河南省,郑州市,二七区
461,绍兴市柯桥区柯桥中学,浙江,绍兴市柯桥中学,浙江省 绍兴市 绍兴县,省重点,公办,中学,浙江省绍兴市绍兴县绍兴县柯桥街道山阴路785号,0575-84115365,浙江省,绍兴市,绍兴县
462,嵊州中学,浙江,,,,,,,,,,
463,浙江省诸暨市洸江教育集团洸江初中,浙江,,,,,,,,,,
464,安徽省安庆市第四中学,安徽,安庆四中,安徽省 安庆市,省重点,公办,中学,安徽省安庆市龙山路67号,0556-5513818,安徽省,安庆市,
465,合肥市第四十六中学,安徽,合肥四十六中学,安徽省 合肥市,普通,公办,中学,合肥市滨湖新区西藏路与云谷路交口,0551-2814546,安徽省,合肥市,
466,芜湖荟萃中学,安徽,芜湖荟萃中学,安徽省 芜湖市 镜湖区,普通,公办,中学,镜湖区黄山中路24号,,安徽省,芜湖市,镜湖区
467,培正中舉,澳门,,,,,,,,,,
468,北京师范大学第二附属中学,北京,北京师范大学第二附属中学（师大二附）,北京市 西城区,市重点,公办,中学,北京市西城区新街口外大街12号,010-62354504,北京市,北京市,西城区
469,北京师范大学附属中学,北京,北京师范大学附属中学（北师大附中）,北京市 西城区,省重点,公办,中学,北京市西城区南新华街18号,010-63014680-207,北京市,北京市,西城区
470,北京市八一学校,北京,北京市八一中学,北京市 海淀区,市重点,公办,中学,北京市海淀区苏州街29号,010-62566896,北京市,北京市,海淀区
471,福建省大田县第一中学,福建,福州市第一中学（福州一中）,福建省 福州市 鼓楼区,省重点,公办,中学,福建省福州市东街附近,0591-87551426,福建省,福州市,鼓楼区
472,福建省泉州市培元中学,福建,泉州培元中学,福建省 泉州市,普通,私立,中学,泉州市鲤城区新华北路花棚下,0595-22383362,福建省,泉州市,
473,福建省三明第一中学,福建,三明市第一中学（三明一中）,福建省 三明市 三元区,省重点,公办,中学,福建省三明市三元区富兴路12号,0598-8337573,福建省,三明市,三元区
474,福建省漳平市第三中学,福建,哈尔滨市第三中学（哈三中）,黑龙江 哈尔滨市 南岗区,省重点,公办,中学,黑龙江省哈尔滨市南岗区果戈里大街415号,0451-53636578,黑龙江,哈尔滨市,南岗区
475,漳州立人学校,福建,,,,,,,,,,
476,白银市第十中学,甘肃,山西省实验中学（太原市第十中学）,山西省 太原市 小店区,省重点,公办,中学,山西省太原市晋阳街201号,0351-7897022,山西省,太原市,小店区
477,嘉峪关市酒钢三中,甘肃,嘉峪关市酒钢三中,甘肃省 嘉峪关市,省重点,公办,中学,甘肃省嘉峪关市长城路东路2号,0937-6717343,甘肃省,嘉峪关市,
478,山丹县第一中学,甘肃,福州市第一中学（福州一中）,福建省 福州市 鼓楼区,省重点,公办,中学,福建省福州市东街附近,0591-87551426,福建省,福州市,鼓楼区
479,佛山市南海区桂城街道桂江第一初级中学,广东,,,,,,,,,,
480,佛山市南海外国语学校,广东,,,,,,,,,,
481,广州市海诛区六中珠江中学,广东,广州市海珠区六中珠江中学,广东省 广州市 海珠区,区重点,民办,中学,广东省广州大道南逸景路芳盛街60号,020-89022630,广东省,广州市,海珠区
482,深圳大学师范学院附属中学,广东,深圳大学师范学院附属中学（深大附中）,广东省 深圳市 南山区,省重点,公办,中学,深圳市南山区前海路101号,0755-26453698,广东省,深圳市,南山区
483,深圳实验学校高中部,广东,深圳实验学校高中部,广东省 深圳市 南山区,省重点,公办,中学,深圳市南山区西丽街道同发路99号,0755-83361223,广东省,深圳市,南山区
484,深圳市富源学校,广东,深圳市富源学校中学部,广东省 深圳市 宝安区,普通,民办,中学,深圳市宝安区西乡街道洲石路九围富源教育城,0755-27474218  0755-27474318,广东省,深圳市,宝安区
485,深圳市红岭中学,广东,深圳市红岭中学园岭校区,广东省 深圳市 福田区,省重点,公办,中学,深圳市福田区红岭中路园岭九街2027号,0755-22208050,广东省,深圳市,福田区
486,湛江第一中学,广东,湛江一中金沙湾学校（中学部）,广东省 湛江市 赤坎区,省重点,民办,中学,广东省湛江市赤坎区平阳路,0759-3168672,广东省,湛江市,赤坎区
487,钦州二中,广西,广西钦州二中,广西 钦州市 ,省重点,公办,中学,广西钦州市扬帆北大道,0777-2368008,广西,钦州市,
488,梧州高中,广西,,,,,,,,,,
489,观山湖区第一高级中学,贵州,贵阳观山湖一中,贵州省 贵阳市 观山湖区,普通,公办,中学,贵州省贵阳市观山湖区石龙路24号,0851-84808802,贵州省,贵阳市,观山湖区
490,贵州省铜仁第一中学,贵州,铜仁市第一中学（铜仁一中）,贵州省 铜仁地区 铜仁市,省重点,公办,中学,贵州省铜仁市向阳路7号,0856-5223234,贵州省,铜仁地区,铜仁市
491,贵州师范大学附属中学,贵州,贵州师范大学附属中学,贵州省 贵阳市 云岩区,省重点,公办,中学,贵州省贵阳市宝山北路199号,0851-—5934305,贵州省,贵阳市,云岩区
492,黔南布依族苗族自治州都匀第一中学,贵州,都匀市第一中学（都匀一中）,贵州省 黔南 都匀市,省重点,公办,中学,贵州省黔南布依族苗族自治州都匀市环东北路133号（558000）,0851-4838137,贵州省,黔南,都匀市
493,北京师范大学万宁附属中学,海南,,,,,,,,,,
494,海口山高高级实验中学,海南,,,,,,,,,,
495,海口一中,海南,海口市第一中学（海口一中）,海南省 海口市,省重点,公办,中学,海南省海口市龙华路14号,0898—66225979,海南省,海口市,
496,文昌中学,海南,海南省文昌中学,海南省 三亚市,省重点,公办,中学,海南省三亚市教育路46号 海南岛文昌市,0898-63222395,海南省,三亚市,
497,保定市第一中学,河北,保定第一中学（保定一中）,河北省 保定市 北市区,市重点,公办,中学,河北保定河北省保定市三丰路1号,0312-2136544,河北省,保定市,北市区
498,郸城一高,河南,,,,,,,,,,
499,商丘市第一高级中学,河南,商丘市第一中学（商丘一中）,河南省 商丘市,省重点,公办,中学,,,河南省,商丘市,
500,许昌高级中学,河南,,,,,,,,,,
501,荥阳市高级中学,河南,杭州市高级中学,浙江省 杭州市 下城区,省重点,公办,中学,浙江省杭州市下城区凤起路238号,0571-85155827 / 85155951 / 85179872,浙江省,杭州市,下城区
502,郑州市第四中学,河南,郑州四中,河南省 郑州市 二七区,市重点,公办,中学,二七区京广北路86号,0371-6964516,河南省,郑州市,二七区
503,绥化市第一中学,黑龙江,福州市第一中学（福州一中）,福建省 福州市 鼓楼区,省重点,公办,中学,福建省福州市东街附近,0591-87551426,福建省,福州市,鼓楼区
504,黄陂区第一中学,湖北,武汉市黄陂区第一中学（黄陂一中）,湖北省 武汉市 黄陂区,省重点,公办,中学,武汉市黄陂区前川街油岗村,027-85920001,湖北省,武汉市,黄陂区
505,衡阳市一中,湖南,,,,,,,,,,
506,湖南省醴陵第一中学,湖南,,,,,,,,,,
507,宁乡市第一高级中学,湖南,长沙市宁乡县第一中学,湖南省 长沙市 宁乡县,省重点,公办,中学,湖南宁乡县玉潭镇二环西路100号,"0731-87806818,87806770",湖南省,长沙市,宁乡县
508,长沙青竹湖湘一外国语学校,湖南,长沙青竹湖湘一外国语学校,湖南省 长沙市 长沙县,市重点,民办,中学,湖南省长沙市青竹湖外商城内青湖大道,0731-84871088,湖南省,长沙市,长沙县
509,吉林毓文中学,吉林,吉林毓文中学,吉林省 吉林市 船营区,市重点,公办,中学,吉林省吉林市松江中路101号,0432-64833505 64833516 13294468855,吉林省,吉林市,船营区
510,长春市九台区第一中学,吉林,福州市第一中学（福州一中）,福建省 福州市 鼓楼区,省重点,公办,中学,福建省福州市东街附近,0591-87551426,福建省,福州市,鼓楼区
511,常州市北郊高级中学,江苏,常州市北郊中学（北郊高中）,江苏省 常州市,普通,私立,中学,常州市新北区华山路18号,,江苏省,常州市,
512,常州市正衡中学,江苏,常州市正衡中学,江苏省 常州市 天宁区,普通,民办,中学,江苏省常州市天宁区清凉东路48号,88869675—8068,江苏省,常州市,天宁区
513,江苏省江都中学,江苏,江都中学,江苏省 扬州市 江都市,市重点,公办,中学,江苏省扬州市江都区浦江路155号,0514-86880123,江苏省,扬州市,江都市
514,江苏省南菁高级中学,江苏,江苏省南菁高级中学,江苏省 无锡市 江阴市,省重点,公办,中学,江阴国家高新技术产业开发区龙定路158号,0510-86990206  0510-86884429,江苏省,无锡市,江阴市
515,江苏省宿迁中学,江苏,江苏省宿迁中学,江苏省 宿迁市,省重点,公办,中学,江苏省宿迁市宿城区微山湖路201号,0527-84507001,江苏省,宿迁市,
516,无锡市第一中学,江苏,无锡市第一中学（无锡一中）,江苏省 无锡市,省重点,公办,中学,江苏省无锡市北塘区运河东路98号,0510-82805124,江苏省,无锡市,
517,丰城中学,江西,江西省丰城中学,江西省 宜春市 丰城市,普通,公办,中学,东方红大街56号,0795-6428559,江西省,宜春市,丰城市
518,江西省鄱阳县第一中学,江西,衡阳县第一中学（衡阳县一中）,湖南省 衡阳市 衡阳县,省重点,公办,中学,湖南省衡阳市衡东县向阳路,0734—5222381,湖南省,衡阳市,衡阳县
519,江西省万年中学,江西,上饶市万年中学,江西省 上饶市 万年县,普通,公办,中学,江西省上饶市万年县陈营镇六〇南路43号,0793-3838169,江西省,上饶市,万年县
520,景德镇二中,江西,,,,,,,,,,
521,新干中学,江西,吉安市新干中学,江西省 吉安市 新干县,省重点,公办,中学,江西省吉安市新干县塘头街胜利路30号,0796-2682054,江西省,吉安市,新干县
522,大连市第八中学,辽宁,大连市第八中学,辽宁省 大连市 沙河口区,省重点,公办,中学,大连市沙河口区抚顺街永明巷12号,0411-84643343,辽宁省,大连市,沙河口区
523,大连市第一中学,辽宁,大连市第一中学（大连一中）,辽宁省 大连市 西岗区,省重点,公办,中学,辽宁省大连市西岗区北京街71号,（0411）82640963,辽宁省,大连市,西岗区
524,包头一中,内蒙古,包头市第一中学（包头一中）,内蒙古 包头市 东河区,市重点,公办,中学,内蒙古包头市东河区环城路37号,0472-4143088,内蒙古,包头市,东河区
525,北师大集宁附中,内蒙古,,,,,,,,,,
526,赤峰红旗中学,内蒙古,,,,,,,,,,
527,赤峰林东一中,内蒙古,,,,,,,,,,
528,赤峰平煤高中,内蒙古,,,,,,,,,,
529,乌海一中,内蒙古,,,,,,,,,,
530,固原一中,宁夏,宁夏固原市第一中学（宁夏固原一中）,宁夏 固原市,市重点,公办,中学,宁夏固原市文化街8号,0954-7285516,宁夏,固原市,
531,西吉中学,宁夏,,,,,,,,,,
532,大通二中,青海,,,,,,,,,,
533,格尔木市第一中学,青海,福州市第一中学（福州一中）,福建省 福州市 鼓楼区,省重点,公办,中学,福建省福州市东街附近,0591-87551426,福建省,福州市,鼓楼区
534,青海省西宁市第二中学,青海,北京市第二中学（北京二中）,北京市 东城区,市重点,公办,中学,北京市东城区内务部街15号,010-65274375,北京市,北京市,东城区
535,德州市陵城区第一中学,山东,福州市第一中学（福州一中）,福建省 福州市 鼓楼区,省重点,公办,中学,福建省福州市东街附近,0591-87551426,福建省,福州市,鼓楼区
536,德州市齐河县第一中学,山东,济南齐河县第一中学（齐河一中）,山东省 德州市 齐河县,市重点,公办,中学,山东省德州市齐河县城齐心大街西段,0534-5652502,山东省,德州市,齐河县
537,肥城市第一高级中学,山东,日喀则地区第一高级中学（日喀则一高）,西藏 日喀则地区,市重点,公办,中学,西藏自治区日喀则地区山东路23号,0892-8822415,西藏,日喀则地区,
538,胶州市实验中学,山东,青岛胶州市实验中学,山东省 青岛市 胶州市,市重点,公办,中学,青岛市胶州市福州北路15号,0532-87214015,山东省,青岛市,胶州市
539,临清市第一中学,山东,福州市第一中学（福州一中）,福建省 福州市 鼓楼区,省重点,公办,中学,福建省福州市东街附近,0591-87551426,福建省,福州市,鼓楼区
540,青岛大学附属中学,山东,青岛大学附属中学（青大附中）,山东省 青岛市 市南区,市重点,民办,中学,山东省青岛市市南区逍遥三路4号,0532-68898155,山东省,青岛市,市南区
541,山大华特卧龙学校,山东,山大华特卧龙学校,山东省 临沂市,普通,公办,中学,山东省沂南县城澳柯玛大道中段,0539-3862188,山东省,临沂市,
542,山东省昌乐第一中学,山东,昌乐第一中学高中部（昌乐一中高中部）,山东省 潍坊市 昌乐县,省重点,公办,中学,山东省潍坊市县城永康路1358号,0536-6297407,山东省,潍坊市,昌乐县
543,山东省莱西市实验学校,山东,上海实验学校,上海市 浦东新区,市重点,公办,中学,上海市浦东新区东明路300号,021-50866819,上海市,上海市,浦东新区
544,山东省平度第一中学,山东,平度一中,山东省 青岛市 平度市,普通,公办,中学,山东省青岛市平度市天津路101号,0532-88392068,山东省,青岛市,平度市
545,山东省五莲县第一中学,山东,山东省五莲县第一中学（五莲一中）,山东省 日照市,县重点,公办,中学,山东省五莲县县城育才路18号,0633—5213084,山东省,日照市,
546,山东省诸城繁华中学,山东,诸城繁华中学（高中部）,山东省 潍坊市 诸城市,市重点,公办,中学,山东省潍坊市诸城市人民东路105号,0536-6051007,山东省,潍坊市,诸城市
547,泰安市东平高级中学,山东,,,,,,,,,,
548,泰安英雄山中学,山东,,,,,,,,,,
549,滕州一中新校,山东,,,,,,,,,,
550,威海市第一中学,山东,威海市第一中学（威海一中）,山东省 威海市 环翠区,省重点,公办,中学,山东省威海市环翠区高技区文化中路75号,0631-5819545,山东省,威海市,环翠区
551,榆次一中,山西,山西省榆次第一中学（榆次一中）,山西省 晋中市 榆次区,省重点,公办,中学,山西省榆次（一中）,0354-2032714,山西省,晋中市,榆次区
552,汉中市龙岗学校,陕西,汉中龙岗学校,陕西省 汉中市 南郑县,普通,民办,中学,陕西省汉中市大河坎龙岗东路,0916-5370099,陕西省,汉中市,南郑县
553,上海市大同中学,上海,上海市大同中学,上海市 黄浦区,市重点,公办,中学,上海市黄浦区南车站路353号,021-63770973 021-63162590,上海市,上海市,黄浦区
554,三台中学实验学校,四川,,,,,,,,,,
555,宝坻区第四中学,天津,天津市宝坻区第四中学,天津市 宝坻区,普通,公办,中学,天津市宝坻区进京路30号,022-29241206,天津市,天津市,宝坻区
556,拉萨江苏实验中学,西藏,,,,,,,,,,
557,拉萨市四高,西藏,,,,,,,,,,
558,乌鲁木齐市第七十中学,新疆,乌鲁木齐第七十中学,新疆 乌鲁木齐市 新市区,省重点,公办,中学,新疆乌鲁木齐新市区南纬一路54号,（0991）3696357,新疆,乌鲁木齐市,新市区
559,昆明市第十中学,云南,昆明十中（初中）,云南省 昆明市 盘龙区,省重点,民办,中学,云南省昆明市 白塔路247号,（0871）3067002,云南省,昆明市,盘龙区
560,云南省楚雄第一中学,云南,楚雄市第一中学（楚雄一中）,云南省 楚雄 楚雄市,县重点,公办,中学,云南省楚雄市鹿城南路291号邮政编码：675000e-mail：cxyz,,云南省,楚雄,楚雄市
561,杭州外国语学校,浙江,,,,,,,,,,
562,宁波市鄞州中学,浙江,宁波市鄞州中学,浙江省 宁波市 鄞州区,省重点,公办,中学,宁波市鄞州区邱隘盛垫桥,0547-88357420 28819027,浙江省,宁波市,鄞州区
563,宁波中学,浙江,宁波中学,浙江省 宁波市 鄞州区,省重点,公办,中学,浙江省宁波市高教园区学府路 61 号,0574-88126666 88126668,浙江省,宁波市,鄞州区
564,衢州市实验学校,浙江,上海实验学校,上海市 浦东新区,市重点,公办,中学,上海市浦东新区东明路300号,021-50866819,上海市,上海市,浦东新区
565,绍兴鲁迅中学,浙江,绍兴鲁迅中学,浙江省 绍兴市,省重点,公办,中学,浙江省绍兴市柯桥区湖东路1号,0575-81169016,浙江省,绍兴市,
566,绍兴市第一初级中学教育集团龙山校区,浙江,,,,,,,,,,
567,余姚市子陵中学教育集团,浙江,余姚市子陵中学,浙江省 宁波市 余姚市,普通,公办,中学,浙江余姚金昌路,0574-62660048,浙江省,宁波市,余姚市
568,浙江省东阳中学,浙江,浙江东阳中学,浙江省 金华市 东阳市,普通,公办,中学,浙江省金华市东阳市学士北路1号,0579-86660006,浙江省,金华市,东阳市
569,安徽省滁州中学,安徽,滁州中学,安徽省 滁州市 南谯区,省重点,公办,中学,南谯区同乐西路99号,0550-3305059,安徽省,滁州市,南谯区
570,安徽省怀远第一中学,安徽,安徽省怀远县第一中学（怀远一中）,安徽省 淮南市,县重点,公办,中学,怀远县城关镇乳泉,0552－8050649,安徽省,淮南市,
571,安徽省六安第一中学,安徽,安徽省六安第一中学（六安一中）,安徽省 六安市 裕安区,省重点,公办,中学,安徽省六安市解放北路55号,0564-3387519,安徽省,六安市,裕安区
572,安徽省马鞍山市花园初级中学,安徽,,,,,,,,,,
573,安徽省全椒中学,安徽,滁州全椒中学,安徽省 滁州市 全椒县,普通,公办,中学,滁州市全椒县内环南路与南三路交叉,,安徽省,滁州市,全椒县
574,安徽省寿县第一中学,安徽,寿县一中,安徽省 淮南市 寿县,省重点,公办,中学,安徽省淮南市寿县楚都大道与状元路交叉路口,0554-2766208,安徽省,淮南市,寿县
575,安徽省铜陵市第十中学,安徽,安徽省铜陵市第十中学,安徽省 铜陵市,市重点,公办,中学,长江西路106号,0562-2832944 丁震,安徽省,铜陵市,
576,安徽省无为第三中学,安徽,,,,,,,,,,
577,安徽省无为中学,安徽,安徽无为中学,安徽省 芜湖市,普通,公办,中学,安徽省芜湖市无为市无城西大街104号,,安徽省,芜湖市,
578,安徽省歙县中学,安徽,安徽省歙县中学,安徽省 合肥市,普通,公办,中学,黄山市歙县城东路58号,0559-6534505,安徽省,合肥市,
579,安庆市桐城中学,安徽,安徽桐城中学,安徽省 安庆市 桐城市,省重点,公办,中学,安徽省桐城市公园路10号,0556-6121503,安徽省,安庆市,桐城市
580,蚌埠新城实验学校,安徽,蚌埠新城实验学校中学部,安徽省 蚌埠市 蚌山区,普通,公办,中学,蚌埠市蚌山区航苑路200号,,安徽省,蚌埠市,蚌山区
581,亳州市第一中学,安徽,亳州一中,安徽省 亳州市,省重点,公办,中学,亳州市谯城区新华北路22号,,安徽省,亳州市,
582,巢湖市第二中学,安徽,北京市第二中学（北京二中）,北京市 东城区,市重点,公办,中学,北京市东城区内务部街15号,010-65274375,北京市,北京市,东城区
583,滁州市新航高中,安徽,,,,,,,,,,
584,东至县第二中学,安徽,北京市第二中学（北京二中）,北京市 东城区,市重点,公办,中学,北京市东城区内务部街15号,010-65274375,北京市,北京市,东城区
585,阜阳市成效中学,安徽,,,,,,,,,,
586,合肥市第五十中学东校,安徽,合肥五十中（合肥50中）,安徽省 合肥市 蜀山区,省重点,公办,中学,安徽省合肥市蜀山区肥西路65号,0551-5113487,安徽省,合肥市,蜀山区
587,马鞍山市成功学校,安徽,马鞍山成功学校,安徽省 马鞍山市,省重点,民办,中学,安徽省马鞍山市车站路18号,0555-2400797,安徽省,马鞍山市,
588,马鞍山市第七中学,安徽,杭州市第七中学（杭州七中）,浙江省 杭州市 上城区,省重点,公办,中学,杭州市上城区解放路50号,85451987（校长室）  85452036（教务处）,浙江省,杭州市,上城区
589,马鞍山市含山中学,安徽,,,,,,,,,,
590,宁国中学,安徽,,,,,,,,,,
591,濠江中学,澳门,,,,,,,,,,
592,劳工子弟学校,澳门,,,,,,,,,,
593,培道中学,澳门,,,,,,,,,,
594,聖保祿學校,澳门,,,,,,,,,,
595,北京交通大学附属中学,北京,,,,,,,,,,
596,北京市朝阳外国语学校,北京,北京市朝阳外国语学校（朝外）,北京市 朝阳区,区重点,民办,中学,北京市朝阳区亚运村慧忠北里203号 （高中部）北京市朝阳区亚运村慧忠里232号（初中部）慧忠里206（小学部）,010-64885151,北京市,北京市,朝阳区
597,北京市第九中学,北京,北京市第九中学（北京九中）,北京市 石景山区,区重点,公办,中学,北京市石景山区模式口大街16号,010-88753160,北京市,北京市,石景山区
598,北京市第十九中学,北京,北京市第十九中学,北京市 海淀区,区重点,公办,中学,北京市海淀区万泉河路83号,010-82518546,北京市,北京市,海淀区
599,北京市第一七一中学,北京,北京市一七一中学,北京市 东城区,普通,公办,中学,北京市东城区和平里北街8号,010-64279121,北京市,北京市,东城区
600,北京市鼎石学校,北京,,,,,,,,,,
601,北京市一五九中学,北京,北京市第一五九中学（159中）,北京市 西城区,区重点,公办,中学,北京市西城区王府仓胡同23号,010-66039705,北京市,北京市,西城区
602,福鼎一中,福建,福建省福鼎一中,福建省 宁德市 福鼎市,省重点,公办,中学,福建省福州市福鼎城关西园路101号,0769-7852102,福建省,宁德市,福鼎市
603,福建省福安市第一中学,福建,福安一中,福建省 宁德市 福安市,市重点,公办,中学,高中部福建省福安市溪北洋新区学园路1号,0593-6382128,福建省,宁德市,福安市
604,福建省福州第二中学,福建,,,,,,,,,,
605,福建省福州第十九中学,福建,福州第十九中学,福建省 福州市 鼓楼区,省重点,公办,中学,福建省福州庆城路16号,（0591）87553685,福建省,福州市,鼓楼区
606,福建省南安国光中学,福建,,,,,,,,,,
607,福建省南平第一中学,福建,南平一中,福建省 南平市 延平区,省重点,公办,中学,福建省南平市紫云岗24号,0599－8853660/8849859,福建省,南平市,延平区
608,福建省厦门第二中学,福建,厦门市第二中学（厦门二中）,福建省 厦门市 思明区,省重点,公办,中学,福建省厦门市鼓浪屿安海路14号,0592-2063730,福建省,厦门市,思明区
609,福建省厦门第六中学,福建,厦门六中学,福建省 厦门市 思明区,省重点,公办,中学,厦禾路344号,0592-2022678,福建省,厦门市,思明区
610,福建省长乐市航城中学,福建,,,,,,,,,,
611,福建霞浦县第一中学,福建,霞浦县第一中学（霞浦一中）,福建省 宁德市 霞浦县,普通,公办,中学,福建省霞浦县松城镇六一七路361号　邮编:355100,,福建省,宁德市,霞浦县
612,福清第一中学,福建,福建省福清第一中学（福清一中）,福建省 福州市 福清市,省重点,公办,中学,福州市福清市融城较场路55号,0591—85222581.,福建省,福州市,福清市
613,福州第八中学,福建,福州市第八中学（福州八中）,福建省 福州市 台江区,省重点,公办,中学,福建省福州市八一七中路707号,（0591）83277032,福建省,福州市,台江区
614,福州华伦中学,福建,,,,,,,,,,
615,古田一中,福建,古田一中,福建省 宁德市 古田县,普通,公办,中学,福建省宁德市古田县新城镇614路456号邮编：352200,0593-3882580,福建省,宁德市,古田县
616,晋江养正中学,福建,,,,,,,,,,
617,莆田第四中学,福建,莆田第四中学,福建省 莆田市 荔城区,普通,公办,中学,荔城区拱辰办南郊村,0594-2381592,福建省,莆田市,荔城区
618,泉州市惠安广海中学,福建,福建惠安广海中学,福建省 泉州市 惠安县,区重点,私立,中学,福建惠安螺城惠泉南路,0595-87322801,福建省,泉州市,惠安县
619,厦门实验中学,福建,厦门实验中学,福建省 厦门市 同安区,普通,公办,中学,厦门滨海西大道6666号,0592-7208266,福建省,厦门市,同安区
620,厦门英才学校中学部,福建,厦门英才学校,福建省 厦门市 集美区,普通,私立,中学,厦门市杏林北三路63号,,福建省,厦门市,集美区
621,石狮石光中学,福建,,,,,,,,,,
622,同安一中,福建,厦门市同安一中,福建省 厦门市 同安区,省重点,公办,中学,福建省厦门市同安区轮山路1号,0592-7229135,福建省,厦门市,同安区
623,永春一中,福建,永春第一中学（永春一中）,福建省 泉州市 永春县,县重点,公办,中学,福建省泉州市永春县,,福建省,泉州市,永春县
624,永定一中,福建,永定第一中学（永定一中）,福建省 龙岩市 永定县,市重点,公办,中学,福建省龙岩市凤凰山麓,,福建省,龙岩市,永定县
625,定西市第一中学,甘肃,福州市第一中学（福州一中）,福建省 福州市 鼓楼区,省重点,公办,中学,福建省福州市东街附近,0591-87551426,福建省,福州市,鼓楼区
626,甘谷一中,甘肃,,,,,,,,,,
627,酒泉中学,甘肃,甘肃省酒泉中学,甘肃省 酒泉市 肃州区,省重点,公办,中学,甘肃省酒泉市肃州区西大街9号&n,0937-2614856 管理员邮箱：chengchr@sina.com 址：甘肃省酒泉市肃州区西大,甘肃省,酒泉市,肃州区
628,兰州三十五中,甘肃,,,,,,,,,,
629,兰州市第六十一中学,甘肃,天津市第六十一中学,天津市 和平区,,公办,中学,和平区湖南路16号,022-23396243,天津市,天津市,和平区
630,兰州市第三十三中学,甘肃,兰州大学附属中学（兰州市第三十三中学）,甘肃省 兰州市 城关区,省重点,公办,中学,甘肃省兰州市城关区一只船南街2号,0931-8846809,甘肃省,兰州市,城关区
631,兰州市第五十八中,甘肃,兰州市第五十八中学（兰炼一中）,甘肃省 兰州市 西固区,省重点,公办,中学,甘肃省兰州市福利东路212号,0931-7557011,甘肃省,兰州市,西固区
632,民勤县第一中学,甘肃,福州市第一中学（福州一中）,福建省 福州市 鼓楼区,省重点,公办,中学,福建省福州市东街附近,0591-87551426,福建省,福州市,鼓楼区
633,宁县二中,甘肃,江西省武宁县二中,江西省 九江市 武宁县,普通,公办,中学,江西省九江市武宁县竹岭六区,0792-2781234,江西省,九江市,武宁县
634,张掖市第二中学,甘肃,北京市第二中学（北京二中）,北京市 东城区,市重点,公办,中学,北京市东城区内务部街15号,010-65274375,北京市,北京市,东城区
635,镇原中学,甘肃,,,,,,,,,,
636,东莞市东莞外国语学校,广东,东莞外国语学校,广东省 东莞市 寮步镇,普通,公办,中学,东莞市寮步横坑横塘路2号,0769-83301472,广东省,东莞市,寮步镇
637,广州市第三中学,广东,广州市第三中学,广东省 广州市 越秀区,省重点,公办,中学,广东省广州市越秀区大新路163号,020-83336692,广东省,广州市,越秀区
638,广州市广外附设外语学校,广东,广州市广外附设外语学校,广东省 广州市 白云区,普通,民办,中学,广州市白云区广花一路599号,020-36246518,广东省,广州市,白云区
639,揭阳第一中学,广东,揭阳市第一中学（揭阳一中）,广东省 揭阳市 榕城区,省重点,公办,中学,广东省揭阳市东山区玉浦南路东,0663-873315,广东省,揭阳市,榕城区
640,汕头市金园实验中学,广东,汕头市金园实验中学,广东省 汕头市 金平区,普通,民办,中学,广东省汕头市龙眼路16号,0754-88527832,广东省,汕头市,金平区
641,汕头市龙湖实验中学,广东,汕头市龙湖实验中学,广东省 汕头市 龙湖区,普通,民办,中学,广东省汕头市龙湖区23街区锦龙路,0754-88787020/88787022,广东省,汕头市,龙湖区
642,珠海市第二中学,广东,珠海市第二中学,广东省 珠海市 香洲区,省重点,公办,中学,广东珠海市香洲人民东路65号,（0756）2227792,广东省,珠海市,香洲区
643,桂林市第十八中学,广西,桂林市第十八中学,广西 柳州市,省重点,公办,中学,广西桂林市横塘路17号,0773-5865365,广西,柳州市,
644,桂林中学,广西,桂林市桂林中学,广西 桂林市,省重点,公办,中学,解放西路58号,0773--2825101,广西,桂林市,
645,柳州市第十五中学,广西,青岛市第十五中学,山东省 青岛市 市北区,省重点,公办,中学,山东省青岛市登州路22号乙,0532-82722107,山东省,青岛市,市北区
646,北京师范大学贵阳附属中学,贵州,,,,,,,,,,
647,毕节清华国中,贵州,,,,,,,,,,
648,岑巩一中,贵州,,,,,,,,,,
649,贵阳乐湾国际实验学校,贵州,,,,,,,,,,
650,贵阳市清华中学,贵州,贵阳市清华中学,贵州省 贵阳市 花溪区,省重点,公办,中学,贵阳市花溪区清华路30号,0851-3851955,贵州省,贵阳市,花溪区
651,贵州省贵定县贵定中学,贵州,,,,,,,,,,
652,贵州省黎平县第一民族中学,贵州,,,,,,,,,,
653,贵州省瓮安中学,贵州,,,,,,,,,,
654,剑河民族中学,贵州,,,,,,,,,,
655,金沙县第一中学,贵州,福建省沙县一中,福建省 三明市,普通,公办,中学,福建省三明市沙县城关文庙路５５号,0958-5699552,福建省,三明市,
656,黔南布依族苗族自治州都匀第二中学,贵州,,,,,,,,,,
657,清镇市第一中学,贵州,贵州清镇市第一中学（清镇一中）,贵州省 贵阳市 清镇市,县重点,公办,中学,清镇市前进路303号,0851-2521228,贵州省,贵阳市,清镇市
658,仁怀一中,贵州,,,,,,,,,,
659,思南中学,贵州,贵州省思南中学,贵州省 铜仁地区 思南县,省重点,公办,中学,贵州省思南县思唐镇文化街197号,0856-7225114,贵州省,铜仁地区,思南县
660,习水县第五中学,贵州,北京市第五中学（北京五中）,北京市 东城区,市重点,公办,中学,北京市东城区细管胡同13号,010-64042971/64040729,北京市,北京市,东城区
661,正安县第一中学,贵州,遵义正安一中,贵州省 遵义市 正安县,普通,公办,中学,贵州省遵义市正安县文化北路东100米,,贵州省,遵义市,正安县
662,海南农垦中学,海南,,,,,,,,,,
663,海南省国兴中学,海南,海南省国兴中学,海南省 海口市,省重点,公办,中学,海南省府城镇海口城南路,0898－65904730,海南省,海口市,
664,华中师大一附中屯昌思源实验中学,海南,,,,,,,,,,
665,沧州市第一中学,河北,河北省沧州市第一中学（沧州一中）,河北省 沧州市,省重点,公办,中学,沧州市维明路16号,0317-3024846,河北省,沧州市,
666,精英中学,河北,石家庄精英中学,河北省 石家庄市 高新区,普通,私立,中学,河北省石家庄市高新区学苑路25号,0311-85318577/87318108,河北省,石家庄市,高新区
667,武安一中,河北,武安市第一中学（武安一中）,河北省 邯郸市,省重点,公办,中学,河北省武安市公园东街89号,0310--5652756 5653134,河北省,邯郸市,
668,张家口宣化一中,河北,,,,,,,,,,
669,河南省淮滨高圾中学,河南,,,,,,,,,,
670,濮阳市第一高级中学,河南,濮阳市第一高级中学（濮阳一中）（原濮阳三中）,河南省 濮阳市 华龙区,省重点,公办,中学,河南省濮阳市益民路西段,0393-8996706,河南省,濮阳市,华龙区
671,三门峡外国语高级中学,河南,,,,,,,,,,
672,睢县高级中学,河南,,,,,,,,,,
673,通许县实验中学,河南,山西省实验中学（太原市第十中学）,山西省 太原市 小店区,省重点,公办,中学,山西省太原市晋阳街201号,0351-7897022,山西省,太原市,小店区
674,淅川县一高,河南,,,,,,,,,,
675,夏邑县高级中学,河南,河南夏邑县高级中学,河南省 商丘市 夏邑县,省重点,公办,中学,商丘市夏邑县县府路东段127号,0370-6222811,河南省,商丘市,夏邑县
676,许昌市建安区第三高级中学,河南,南京市第三高级中学,江苏省 南京市 白下区,省重点,公办,中学,南京市白下区白下路117号,025-84506950  025-86642872,江苏省,南京市,白下区
677,柘城第二高级中学,河南,,,,,,,,,,
678,郑州市第一0一中学,河南,,,,,,,,,,
679,郑州市京广实验学校,河南,郑州京广实验学校,河南省 郑州市 二七区,普通,民办,中学,河南省郑州市京广北路86号,0371--66980959   86601563,河南省,郑州市,二七区
680,郑州市明新中学,河南,,,,,,,,,,
681,周口扶沟县高中,河南,,,,,,,,,,
682,阿城区第一中学,黑龙江,哈尔滨市阿城区第一中学（阿城一中）,黑龙江 哈尔滨市 阿城市,省重点,公办,中学,黑龙江省哈尔滨市阿城区延川大街1号,0451-53960666,黑龙江,哈尔滨市,阿城市
683,大庆外国语学校,黑龙江,,,,,,,,,,
684,富锦市第一中学,黑龙江,福州市第一中学（福州一中）,福建省 福州市 鼓楼区,省重点,公办,中学,福建省福州市东街附近,0591-87551426,福建省,福州市,鼓楼区
685,哈尔滨市第九中学校,黑龙江,哈尔滨市第九中学,黑龙江 哈尔滨市 香坊区,省重点,公办,中学,黑龙江省哈尔滨市香坊区和平路165号,0451-82801485,黑龙江,哈尔滨市,香坊区
686,哈尔滨市第一二二中学校,黑龙江,哈尔滨市第一二二中学,黑龙江 哈尔滨市 香坊区,市重点,公办,中学,黑龙江省哈尔滨市香坊区旭升街308号,0451-87951002,黑龙江,哈尔滨市,香坊区
687,哈尔滨顺迈学校,黑龙江,,,,,,,,,,
688,黑河市第一中学,黑龙江,福州市第一中学（福州一中）,福建省 福州市 鼓楼区,省重点,公办,中学,福建省福州市东街附近,0591-87551426,福建省,福州市,鼓楼区
689,牡丹江市第二高级中学,黑龙江,温州第二高级中学（温州二高）,浙江省 温州市,省重点,公办,中学,浙江省温州市黄龙住宅区盛锦路2号,0577-88751622 88773576,浙江省,温州市,
690,七台河市实验高级中学,黑龙江,中山市实验高级中学,广东省 中山市,省重点,公办,中学,广东省中山市东区东江路12号,76088331091,广东省,中山市,
691,肇源县第一中学,黑龙江,福州市第一中学（福州一中）,福建省 福州市 鼓楼区,省重点,公办,中学,福建省福州市东街附近,0591-87551426,福建省,福州市,鼓楼区
692,湖北11中,湖北,,,,,,,,,,
693,湖北省荆门市龙泉中学,湖北,荆门市龙泉中学,湖北省 荆门市,省重点,公办,中学,荆门市海慧路38号,0724-2304308,湖北省,荆门市,
694,湖北省实验中学,湖北,山西省实验中学（太原市第十中学）,山西省 太原市 小店区,省重点,公办,中学,山西省太原市晋阳街201号,0351-7897022,山西省,太原市,小店区
695,武汉市第六中学,湖北,武汉六中（本部金门路校区）,湖北省 武汉市 江岸区,省重点,公办,中学,武汉市江岸区球场路64号,027-82426932,湖北省,武汉市,江岸区
696,武汉市第三中学,湖北,武汉三中,湖北省 武汉市 汉阳区,省重点,公办,中学,武汉市汉阳区拦江路150号,027-84842546,湖北省,武汉市,汉阳区
697,仙桃第一中学,湖北,,,,,,,,,,
698,郴州市第一中学,湖南,福州市第一中学（福州一中）,福建省 福州市 鼓楼区,省重点,公办,中学,福建省福州市东街附近,0591-87551426,福建省,福州市,鼓楼区
699,衡阳市成章实验中学,湖南,衡阳市成章实验中学（衡阳市第八中学初中部）,湖南省 衡阳市,省重点,民办,中学,衡阳市雁峰区罗金桥6号即幼师隔壁,0734-8472778,湖南省,衡阳市,
700,湖南省常德芷兰实验学校,湖南,,,,,,,,,,
701,湖南省澧县第一中学,湖南,澧县一中,湖南省 常德市 澧　县,普通,公办,中学,湖南澧县梨园,0736－3242489 3242485,湖南省,常德市,澧　县
702,湖南师大第二附属中学,湖南,,,,,,,,,,
703,耒阳市二中,湖南,,,,,,,,,,
704,澧县澧阳中学,湖南,,,,,,,,,,
705,桃源县第一中学,湖南,桃源县第一中学（桃源一中）,湖南省 常德市 桃源县,省重点,公办,中学,湖南省桃源县漳江镇环城路天子岗,0736-6623233,湖南省,常德市,桃源县
706,湘西州民族中学,湖南,,,,,,,,,,
707,湘一芙蓉中学,湖南,长沙市湘一芙蓉中学,湖南省 长沙市 芙蓉区,区重点,公办,中学,湖南省长沙市芙蓉区五一大道502号,0731--89717118,湖南省,长沙市,芙蓉区
708,永州四中,湖南,永州四中,湖南省 永州市 冷水滩区,省重点,公办,中学,永州市冷水滩区西区路166号,,湖南省,永州市,冷水滩区
709,长沙市周南中学,湖南,长沙市周南中学,湖南省 长沙市 开福区,省重点,公办,中学,湖南省长沙市芙蓉北路开福区北正街291号,0731-4310894　4314336,湖南省,长沙市,开福区
710,白城一中,吉林,,,,,,,,,,
711,吉化第一高级中学校,吉林,吉化第一高级中学（吉化一中）,吉林省 吉林市 龙潭区,省重点,公办,中学,吉林省吉林市龙潭区武汉路25号,0432－63968098,吉林省,吉林市,龙潭区
712,吉林省第二实验学校,吉林,吉林省第二实验中学,吉林省 长春市 ,省重点,公办,中学,吉林省长春市人民大街6465号,0431-85382946 0431-85384408,吉林省,长春市,
713,集安市第一中学,吉林,福州市第一中学（福州一中）,福建省 福州市 鼓楼区,省重点,公办,中学,福建省福州市东街附近,0591-87551426,福建省,福州市,鼓楼区
714,蛟河市第一中学校,吉林,成都市新都第一中学校（新都一中）,四川省 成都市 新都区,省重点,公办,中学,四川省成都市新都区如意大道50号,（028）83975830 　83015181 15908146139,四川省,成都市,新都区
715,梅河口市第五中学,吉林,北京市第五中学（北京五中）,北京市 东城区,市重点,公办,中学,北京市东城区细管胡同13号,010-64042971/64040729,北京市,北京市,东城区
716,松原市实验高级中学,吉林,松原市实验高级中学,吉林省 松原市 宁江区,省重点,公办,中学,吉林省松原市宁江区长宁南街358号,0438—5082988,吉林省,松原市,宁江区
717,通化市第一中学校,吉林,成都市新都第一中学校（新都一中）,四川省 成都市 新都区,省重点,公办,中学,四川省成都市新都区如意大道50号,（028）83975830 　83015181 15908146139,四川省,成都市,新都区
718,长春市第二中学,吉林,长春市第二中学（长春二中）,吉林省 长春市 朝阳区,省重点,公办,中学,吉林省长春市朝阳区清和街38号,0431-88524768,吉林省,长春市,朝阳区
719,常州市第二中学,江苏,常州市第二中学,江苏省 常州市,省重点,公办,中学,江苏省常州市西横街28号,,江苏省,常州市,
720,常州市戚墅堰高级中学,江苏,,,,,,,,,,
721,常州市武进区湖塘实验中学,江苏,常州湖塘实验中学,江苏省 常州市,市重点,私立,中学,武进区定安东路18号,,江苏省,常州市,
722,常州市武进区前黄实验学校,江苏,常州武进区前黄实验学校,江苏省 常州市 武进区,普通,民办,中学,江苏省常州市武进区前黄镇新园路14号,（0519）68881503,江苏省,常州市,武进区
723,江苏省宝应中学,江苏,宝应中学,江苏省 扬州市 宝应县,省重点,公办,中学,江苏省扬州市宝应县白田南路1号,0514-88266789,江苏省,扬州市,宝应县
724,江苏省滨海中学,江苏,濠江区滨海中学,广东省 汕头市 濠江区,普通,公办,中学,广东省汕头市濠江区滨海街道钱塘居委北侧（河浦大道和安海路交界处）,0754-7871146,广东省,汕头市,濠江区
725,江苏省大港中学,江苏,上海市松江区大港中学,上海市 松江区,普通,公办,中学,大港镇浦港路西首,021-57853591,上海市,上海市,松江区
726,江苏省东台中学,江苏,江苏东台中学,江苏省 盐城市 东台市,省重点,公办,中学,盐城市东台市东城大道1号,0515-85318300,江苏省,盐城市,东台市
727,江苏省赣榆高级中学,江苏,江苏赣榆高级中学,江苏省 连云港市 赣榆县,省重点,公办,中学,连云港市赣榆区金海路23号,0518-86227006,江苏省,连云港市,赣榆县
728,江苏省高邮中学,江苏,,,,,,,,,,
729,江苏省海州高级中学,江苏,,,,,,,,,,
730,江苏省邗江中学,江苏,江苏省邗江中学,江苏省 扬州市 邗江区,省重点,公办,中学,江苏省扬州市百祥路148号,0514-87983630,江苏省,扬州市,邗江区
731,江苏省昆山中学,江苏,江苏省昆山中学,江苏省 苏州市 昆山市,省重点,公办,中学,江苏省昆山市玉山镇西塘街26号,0512-57591578  0512-57591550,江苏省,苏州市,昆山市
732,江苏省南通中学,江苏,江苏省南通中学,江苏省 南通市,省重点,公办,中学,江苏省南通市中学堂街9号,0513-85510927   0513-85129225,江苏省,南通市,
733,江苏省前黄高级中学,江苏,江苏省前黄高级中学,江苏省 常州市,省重点,公办,中学,江苏省常州市湖塘镇广电东路2号,,江苏省,常州市,
734,江苏省射阳中学,江苏,江苏射阳中学,江苏省 盐城市 射阳县,省重点,公办,中学,盐城市射阳县合德镇幸福大道28号,0515-82353279,江苏省,盐城市,射阳县
735,江苏省沐阳高级中学,江苏,沐阳高级中学,江苏省 宿迁市 沭阳县,市重点,公办,中学,江苏省沭阳县学府中路1号,0527-83582838,江苏省,宿迁市,沭阳县
736,江苏省泗阳致远中学,江苏,泗阳致远中学,江苏省 宿迁市 泗阳县,普通,民办,中学,泗阳县繁荣北路1号（老校区），泗阳县上海路60号（新校区）,0527-88331092,江苏省,宿迁市,泗阳县
737,江苏省苏州第十中学,江苏,苏州市第十中学（苏州十中）,江苏省 苏州市 沧浪区,省重点,公办,中学,江苏省苏州市带城桥下塘18号,0512-65222275,江苏省,苏州市,沧浪区
738,江苏省太仓高级中学,江苏,江苏省太仓高级中学,江苏省 苏州市 太仓市,省重点,公办,中学,江苏省太仓市城厢镇健雄路11号,0512-53543162,江苏省,苏州市,太仓市
739,江苏省泰兴中学,江苏,江苏泰兴中学,江苏省 泰州市 泰兴市,省重点,公办,中学,江苏省泰兴市龙河路168号,0523-87622031,江苏省,泰州市,泰兴市
740,江苏省兴化中学,江苏,江苏兴化中学,江苏省 泰州市 兴化市,省重点,公办,中学,泰州市兴化市九顷北路6号,0523-83217000,江苏省,泰州市,兴化市
741,江苏省镇江中学,江苏,江苏镇江中学附属初中,江苏省 镇江市 润州区,普通,公办,中学,镇江市润州区坡岗路镇江国投商务广场西北侧,,江苏省,镇江市,润州区
742,南京市第二十九中学,江苏,南京市第二十九中学（南京二十九中）,江苏省 南京市 鼓楼区,省重点,公办,中学,南京市鼓楼区蓝天园23号,025-86267866,江苏省,南京市,鼓楼区
743,南京玄武外国语学校,江苏,,,,,,,,,,
744,徐州市第三中学,江苏,徐州市第三中学（徐州三中）,江苏省 徐州市 鼓楼区,省重点,公办,中学,徐州市民主北路47号,0516-83759226,江苏省,徐州市,鼓楼区
745,徐州市第一中学,江苏,江苏省徐州市第一中学（徐州一中）,江苏省 徐州市 云龙区,省重点,公办,中学,江苏省徐州市夹河前街26号,0516-85885002,江苏省,徐州市,云龙区
746,盐城市大丰区买验初级中学,江苏,,,,,,,,,,
747,张家港市外国语学校,江苏,张家港外国语学校,江苏省 苏州市 张家港市,普通,民办,中学,苏州市张家港市暨阳东路256号,0512-58285703,江苏省,苏州市,张家港市
748,赣州市文清外国语学校,江西,,,,,,,,,,
749,广丰中学,江西,无锡市广丰中学,江苏省 无锡市 梁溪区,市重点,公办,中学,无锡市广瑞路1181号,0510-82442930,江苏省,无锡市,梁溪区
750,贵溪市第一中学,江西,贵溪市第一中学,江西省 鹰潭市 贵溪市,普通,公办,中学,贵溪市南街85号,0701-3771040,江西省,鹰潭市,贵溪市
751,吉安市吉水中学,江西,吉水中学,江西省 吉安市 吉水县,普通,公办,中学,吉水县城南开发区文山大道东侧,,江西省,吉安市,吉水县
752,江西省广昌县第一中学,江西,广昌一中,江西省 抚州市 广昌县,省重点,公办,中学,江西省抚州市广昌县,0794—3622483,江西省,抚州市,广昌县
753,江西省广丰贞白中学,江西,广丰贞白中学,江西省 上饶市 广丰县,普通,公办,中学,上饶市广丰区迎宾大道66号,,江西省,上饶市,广丰县
754,江西省南康中学,江西,南康中学,江西省 赣州市 南康市,省重点,公办,中学,泰康西路53号,0797-6612492,江西省,赣州市,南康市
755,江西省修水县第一中学,江西,修水县第一中学（修水一中）,江西省 九江市 修水县,普通,公办,中学,江西省九江市修水县凤凰山路67号,,江西省,九江市,修水县
756,江西省于都中学,江西,于都中学,江西省 赣州市 于都县,普通,公办,中学,江西省赣州市于都县贡江镇文教路38号,0797-6218992,江西省,赣州市,于都县
757,临川二中,江西,临川二中,江西省 抚州市 临川区,普通,公办,中学,临川区上顿渡龙津路67号,0794-8441448,江西省,抚州市,临川区
758,南昌市第三中学,江西,南昌三中（南昌市第三中学）,江西省 南昌市 东湖区,省重点,公办,中学,初中部-南昌市民德路 高中部-南昌市二七北路  南昌市青山湖大道342号,"0791-666666　	 0791-88553266",江西省,南昌市,东湖区
759,鄱阳中学,江西,鄱阳中学,江西省 上饶市 鄱阳县,普通,公办,中学,江西省上饶市鄱阳县高门　电话：0793-6282319,0793-6282319,江西省,上饶市,鄱阳县
760,石城中学,江西,,,,,,,,,,
761,新余市第四中学,江西,新余四中,江西省 新余市,市重点,公办,中学,江西省新余市北湖西路328号,0790-6361179,江西省,新余市,
762,信丰中学,江西,信丰中学,江西省 赣州市 信丰县,市重点,公办,中学,信丰县嘉定镇城西路19号,0797-3319553,江西省,赣州市,信丰县
763,兴国平川中学,江西,,,,,,,,,,
764,宜丰中学,江西,宜丰中学,江西省 宜春市 宜丰县,普通,公办,中学,江西省宜春市宜丰县城西路1号　联系电话：0795—2782527　,0795—2782527　,江西省,宜春市,宜丰县
765,永丰县永丰中学,江西,吉安永丰中学,江西省 吉安市 永丰县,省重点,公办,中学,江西省吉安市永丰县,,江西省,吉安市,永丰县
766,鞍山市新元高级中学,辽宁,,,,,,,,,,
767,本溪市第十二中学,辽宁,南京市第十二中学（高中）,江苏省 南京市 下关区,省重点,公办,中学,南京市下关区中山北路408号,025-58805530  025-58802688,江苏省,南京市,下关区
768,大连海湾高中,辽宁,,,,,,,,,,
769,大连市第八十中学,辽宁,大连第八十中学,辽宁省 大连市 甘井子区,市重点,公办,中学,辽宁省大连市甘井子区东纬路9号,0411-86667676,辽宁省,大连市,甘井子区
770,大连市第四十八中学,辽宁,大连市第四十八中学,辽宁省 大连市 沙河口区,省重点,公办,中学,辽宁省大连市沙河口区解放广场2号,0411-84644753,辽宁省,大连市,沙河口区
771,大连育文中学,辽宁,大连育文中学,辽宁省 大连市 甘井子区,市重点,民办,中学,辽宁省大连市甘井子区虹雨路171号,0411-39973126转8100,辽宁省,大连市,甘井子区
772,大石桥市高级中学,辽宁,杭州市高级中学,浙江省 杭州市 下城区,省重点,公办,中学,浙江省杭州市下城区凤起路238号,0571-85155827 / 85155951 / 85179872,浙江省,杭州市,下城区
773,丹东市第二中学,辽宁,北京市第二中学（北京二中）,北京市 东城区,市重点,公办,中学,北京市东城区内务部街15号,010-65274375,北京市,北京市,东城区
774,抚顺二中,辽宁,,,,,,,,,,
775,锦州中学,辽宁,,,,,,,,,,
776,沈阳市第二中学,辽宁,沈阳市第二中学（沈阳二中）,辽宁省 沈阳市 沈河区,省重点,公办,中学,辽宁省沈阳市五爱街6号/沈北新区沈北路198号（高中部）,024-23900198  024-88086561,辽宁省,沈阳市,沈河区
777,沈阳市第一中学,辽宁,沈阳市第一中学（沈阳一中）,辽宁省 沈阳市 大东区,省重点,公办,中学,辽宁省沈阳市大东区航空路11号,024-24830695,辽宁省,沈阳市,大东区
778,营口开发区第一高级中学,辽宁,湛江经济技术开发区第一中学（湛江开发区一中）,广东省 湛江市 廉江市,市重点,公办,中学,湛江市海滨大道中26号,0759-3271036,广东省,湛江市,廉江市
779,巴彦淖尔市一中学,内蒙古,,,,,,,,,,
780,包头第一中学,内蒙古,包头市第一中学（包头一中）,内蒙古 包头市 东河区,市重点,公办,中学,内蒙古包头市东河区环城路37号,0472-4143088,内蒙古,包头市,东河区
781,达拉特旗第一中学,内蒙古,,,,,,,,,,
782,高新二中,内蒙古,,,,,,,,,,
783,临河一中,内蒙古,,,,,,,,,,
784,通辽市开鲁县第一中学,内蒙古,福州市第一中学（福州一中）,福建省 福州市 鼓楼区,省重点,公办,中学,福建省福州市东街附近,0591-87551426,福建省,福州市,鼓楼区
785,乌兰浩特四中,内蒙古,,,,,,,,,,
786,锡盟二中,内蒙古,锡林郭勒盟第二中学（锡盟二中）,内蒙古 锡林郭勒盟 锡林浩特市,普通,公办,中学,锡林浩特市阿巴哈纳尔街查干淖尔社区22组88号,,内蒙古,锡林郭勒盟,锡林浩特市
787,固原二中,宁夏,,,,,,,,,,
788,贺兰一中,宁夏,贺兰县第一中学（贺兰一中）,宁夏 银川市 贺兰县,市重点,公办,中学,宁夏回族自治区银川市贺兰县,,宁夏,银川市,贺兰县
789,宁夏平罗中学,宁夏,宁夏平罗中学,宁夏 石嘴山市 平罗县,省重点,公办,中学,宁夏回族自治区石嘴山市平罗县团结西路185,0952-6093109,宁夏,石嘴山市,平罗县
790,青铜峡市第一中学,宁夏,福州市第一中学（福州一中）,福建省 福州市 鼓楼区,省重点,公办,中学,福建省福州市东街附近,0591-87551426,福建省,福州市,鼓楼区
791,银川二十四中,宁夏,,,,,,,,,,
792,银川九中,宁夏,,,,,,,,,,
793,中宁中学,宁夏,,,,,,,,,,
794,中卫一中,宁夏,中卫市第一中学（中卫一中）,宁夏 中卫市,市重点,公办,中学,宁夏中卫市沙坡头区中央大道,0955-7012582,宁夏,中卫市,
795,青海省格尔木市第七中学,青海,杭州市第七中学（杭州七中）,浙江省 杭州市 上城区,省重点,公办,中学,杭州市上城区解放路50号,85451987（校长室）  85452036（教务处）,浙江省,杭州市,上城区
796,青海省海东市第二中学,青海,青海省平安县第一高级中学（海东二中）,青海省 海东地区 平安县,省重点,公办,中学,青海省平安县平安大道,0972-8610906,青海省,海东地区,平安县
797,青海省海东市民和区第一中学,青海,福州市第一中学（福州一中）,福建省 福州市 鼓楼区,省重点,公办,中学,福建省福州市东街附近,0591-87551426,福建省,福州市,鼓楼区
798,青海省西宁市第五中学,青海,青海省西宁五中,青海省 西宁市 城中区,普通,公办,中学,青海省西宁市城中区南大街43号,0971－8246140、8248001,青海省,西宁市,城中区
799,青海油田第一中学,青海,濮阳市油田一中,河南省 濮阳市 华龙区,省重点,公办,中学,河南省濮阳市华龙区辽原路1号,0393-4822372,河南省,濮阳市,华龙区
800,茌平二中,山东,,,,,,,,,,
801,东营市胜利第二中学,山东,,,,,,,,,,
802,高唐县第一中学,山东,唐县第一中学（唐县一中）,河北省 保定市 唐　县,县重点,公办,中学,河北省保定市唐县,,河北省,保定市,唐　县
803,即墨一中,山东,即墨一中,山东省 青岛市 即墨区,普通,公办,中学,即墨市文化路87号,0532-86658200,山东省,青岛市,即墨区
804,济南市历城第一中学,山东,济南历城一中,山东省 济南市 历城区,普通,公办,中学,山东省济南市历城区仲宫镇,0531-82991029  82808800   82808811,山东省,济南市,历城区
805,济南一中,山东,济南市第一中学（济南一中）,山东省 济南市 历城区,市重点,公办,中学,山东省济南市历城区二环东路999号,0531-88635858,山东省,济南市,历城区
806,莱阳市第一中学,山东,莱阳市第一中学（莱阳一中）,山东省 烟台市 莱阳市,省重点,公办,中学,山东省烟台市莱阳市旌阳路25号,0535-7212748,山东省,烟台市,莱阳市
807,临沂国际学校,山东,,,,,,,,,,
808,临邑第一中学,山东,,,,,,,,,,
809,青岛市城阳第一高级中学,山东,青岛城阳第一高级中学（城阳一中）,山东省 青岛市 城阳区,省重点,公办,中学,青岛市城阳区流亭立交桥西侧,0532-84717850,山东省,青岛市,城阳区
810,曲阜师范大学附属中学,山东,济宁市曲阜师范大学附属中学,山东省 济宁市 曲阜市,省重点,公办,中学,山东省济宁市曲阜市静轩西路57号,0537-4454900,山东省,济宁市,曲阜市
811,日照实验高中,山东,,,,,,,,,,
812,山东大学附属中学,山东,山东大学附属中学,山东省 济南市 历城区,省重点,公办,中学,山东省济南市历城区洪家楼北路177号,0531-88377096,山东省,济南市,历城区
813,山东省胶州市第一中学,山东,胶州一中,山东省 青岛市 胶州市,普通,公办,中学,山东省青岛市胶州市常州路668号,,山东省,青岛市,胶州市
814,山东省鄄城县第一中学,山东,菏泽市鄄城一中,山东省 荷泽市 鄄城县,市重点,公办,中学,山东省菏泽市鄄城县人民街51号,15964651689,山东省,荷泽市,鄄城县
815,山东省青岛第二十六中学,山东,青岛第二十六中学（青岛二十六中）,山东省 青岛市 市南区,省重点,公办,中学,山东省青岛市市南区京山路18号,0532-83832324,山东省,青岛市,市南区
816,山东省青岛第三十九中学,山东,青岛三十九中（中国海洋大学附属中学）,山东省 青岛市 市南区,普通,公办,中学,山东省青岛市市南区登州路5号,0532-82719485,山东省,青岛市,市南区
817,山东省青岛第五十九中学,山东,,,,,,,,,,
818,山东省青岛第五十三中学,山东,,,,,,,,,,
819,山东省青岛第一中学,山东,青岛市第一中学（青岛一中）,山东省 青岛市 市南区,省重点,公办,中学,山东省青岛市市南区单县路46号,0532-82682284,山东省,青岛市,市南区
820,山东省青岛实验初级中学,山东,,,,,,,,,,
821,山东省五莲县第二中学,山东,北京市第二中学（北京二中）,北京市 东城区,市重点,公办,中学,北京市东城区内务部街15号,010-65274375,北京市,北京市,东城区
822,山东省沂南县第二中学,山东,北京市第二中学（北京二中）,北京市 东城区,市重点,公办,中学,北京市东城区内务部街15号,010-65274375,北京市,北京市,东城区
823,山东省枣庄市第三中学,山东,枣庄市第三中学,山东省 枣庄市 市中区,省重点,公办,中学,山东省枣庄市解放中路26号,0632-3310101,山东省,枣庄市,市中区
824,山东省淄博第一中学,山东,淄博市第一中学（淄博一中）,山东省 淄博市 博山区,省重点,公办,中学,山东省淄博市博山区青年路5号,0533-4260420,山东省,淄博市,博山区
825,寿光渤海实验学校,山东,,,,,,,,,,
826,潍坊（上海）新纪元学校,山东,,,,,,,,,,
827,潍坊高新技术产业开发区东明学校,山东,潍坊市东明初级中学,山东省 潍坊市,普通,公办,中学,潍坊高新区北宫东街,,山东省,潍坊市,
828,烟台青华中学,山东,,,,,,,,,,
829,兖州东方中学,山东,东方中学,山东省 青岛市 市北区,普通,私立,中学,山东省青岛市市北区同兴路22号,0532-85617388,山东省,青岛市,市北区
830,禹城市第一中学,山东,禹城一中,山东省 德州市 禹城市,市重点,公办,中学,德州市禹城市文化街855号,,山东省,德州市,禹城市
831,大同煤矿第一中学校,山西,,,,,,,,,,
832,高平市第一中学校,山西,成都市新都第一中学校（新都一中）,四川省 成都市 新都区,省重点,公办,中学,四川省成都市新都区如意大道50号,（028）83975830 　83015181 15908146139,四川省,成都市,新都区
833,怀仁县第一中学,山西,山西怀仁一中,山西省 朔州市 怀仁县,普通,公办,中学,山西省怀仁市怀安大街77号,0349-3044031,山西省,朔州市,怀仁县
834,晋城市第二中学校,山西,晋城二中,山西省 晋城市,普通,公办,中学,山西省晋城市西大街611号,,山西省,晋城市,
835,朔州市城区一中,山西,,,,,,,,,,
836,太原市第二外国语学校,山西,温州第二外国语学校（温州二外）,浙江省 温州市 瓯海区,省重点,公办,中学,浙江省温州市瓯海区南白象街道南湖路,0577-85701188　0577-85701567,浙江省,温州市,瓯海区
837,太原市第五十六中学校,山西,第五十六中学,上海市 杨浦区,普通,公办,中学,上海市杨浦区延吉六村16号,021-65482388,上海市,上海市,杨浦区
838,太原市外国语中学,山西,太原市外国语学校,山西省 太原市 万柏林区,省重点,公办,中学,山西省太原市漪汾苑槐荫苑17号,0351-5631258,山西省,太原市,万柏林区
839,孝义中学,山西,,,,,,,,,,
840,阳泉十一中,山西,,,,,,,,,,
841,运城中学,山西,,,,,,,,,,
842,渭南市瑞泉中学,陕西,,,,,,,,,,
843,西安市第八十三中学,陕西,西安市第八十三中学,陕西省 西安市,省重点,公办,中学,西安市咸宁中路151号,029-82160823,陕西省,西安市,
844,西安市第六中学,陕西,西安市第六中学,陕西省 西安市 碑林区,市重点,公办,中学,陕西省西安市碑林区五味什字31号,029-87612673,陕西省,西安市,碑林区
845,西安市曲江第一中学,陕西,韶关市曲江区第一中学（曲江一中）,广东省 韶关市 曲江区,市重点,公办,中学,广东省韶关市曲江区马坝镇环山北路33号,0751-6667982,广东省,韶关市,曲江区
846,西安市长安区第一中学,陕西,西安市长安区第一中学（长安一中）,陕西省 西安市 长安区,省重点,公办,中学,西安市长安区韦曲街办西四府村甲字2号,029—85991591 029—85999105,陕西省,西安市,长安区
847,西安思源中学,陕西,西安思源中学,陕西省 西安市 灞桥区,普通,民办,中学,陕西省西安市灞桥区东郊水安路26号,029-82616688,陕西省,西安市,灞桥区
848,建平中学,上海,上海市建平中学西校,上海市 浦东新区,市重点,公办,中学,上海市浦东区东方路420号,021-58310316,上海市,上海市,浦东新区
849,上海兰田中学,上海,兰田中学,上海市 普陀区,普通,公办,中学,上海市普陀区中山北路2605弄50号,021-62050898 62058878,上海市,上海市,普陀区
850,上海民办华二初级中学,上海,,,,,,,,,,
851,上海市第二中学,上海,上海市第二中学（上海二中）,上海市 徐汇区,市重点,公办,中学,上海市徐汇区永康路200号,021-64726994,上海市,上海市,徐汇区
852,上海市奉贤中学,上海,上海市奉贤中学,上海市 奉贤区,市重点,公办,中学,上海市南桥镇新建建中路586号,021-57410406 67186741  67186742,上海市,上海市,奉贤区
853,上海市复兴高级中学,上海,上海市复兴高级中学,上海市 虹口区,市重点,公办,中学,上海市虹口区车站南路28号,021-65606715,上海市,上海市,虹口区
854,上海市嘉定区第一中学,上海,上海市嘉定区第一中学（嘉定一中）,上海市 嘉定区,市重点,公办,中学,上海市嘉定区嘉行公路701号,021-69983668,上海市,上海市,嘉定区
855,上海市金山中学,上海,上海市金山中学,上海市 金山区,市重点,公办,中学,上海市朱泾镇众益街899号,021-57321456,上海市,上海市,金山区
856,上海市卢湾中学,上海,上海市卢湾中学,上海市 黄浦区,市重点,公办,中学,上海市卢湾区斜土路855号,021-63019559,上海市,上海市,黄浦区
857,上海市市北初级中学,上海,上海市市北初级中学,上海市 静安区,区重点,公办,中学,上海市闸北区西藏北路803号,021-56987118,上海市,上海市,静安区
858,上海市昊淞中学,上海,,,,,,,,,,
859,上海市洋泾-菊园实验学校,上海,,,,,,,,,,
860,上海市育才中学,上海,上海市育才中学,上海市 嘉定区,市重点,公办,中学,上海市嘉定区马陆镇沪宜公路2001号,021-59109127、59109185,上海市,上海市,嘉定区
861,上海外国语大学附属浦东外国语学校,上海,上海外国语大学附属浦东外国语学校（上外浦东附中）,上海市 浦东新区,市重点,公办,中学,上海市浦东区达尔文路91号,021-58550028,上海市,上海市,浦东新区
862,成都棠湖外国语学校,四川,成都棠湖外国语学校,四川省 成都市 双流区,省重点,私立,中学,成都双流航空港经济开发区临港路三段9号,028-85805900  85805900,四川省,成都市,双流区
863,电子科技大学实验中学,四川,成都电子科技大学实验中学（科大实验）,四川省 成都市 高新区,省重点,公办,中学,成都市高新西区西源大道天骄路333号,028 - 61830603 61830604 61830605,四川省,成都市,高新区
864,绵阳外国语学校,四川,四川绵阳外国语学校,四川省 绵阳市,省重点,公办,中学,四川省绵阳市普北路东段568号,0816-2538195,四川省,绵阳市,
865,射洪外国语学校,四川,,,,,,,,,,
866,四川省成都市中和中学,四川,成都市中和中学,四川省 成都市 双流区,市重点,公办,中学,四川省双流县中和镇新中街100号,028-85651147,四川省,成都市,双流区
867,四川省德阳市第五中学,四川,北京市第五中学（北京五中）,北京市 东城区,市重点,公办,中学,北京市东城区细管胡同13号,010-64042971/64040729,北京市,北京市,东城区
868,四川省内江市第六中学,四川,内江六中,四川省 内江市,省重点,公办,中学,四川省内江市东兴区西林街道太白路79号,（0832）2272181,四川省,内江市,
869,四川师范大学附属中学,四川,四川师范大学附属中学（川师附中）,四川省 成都市 锦江区,省重点,公办,中学,,028-84760193,四川省,成都市,锦江区
870,北京师范大学天津附属中学,天津,北京师范大学天津附属中学,天津市 河西区,普通,公办,中学,天津市河西区大沽南路1010号,022-28186688,天津市,天津市,河西区
871,第一百中学,天津,天津市第一百中学,天津市 东丽区,市重点,公办,中学,天津市东丽区先锋路跃进路73号,022-84933657,天津市,天津市,东丽区
872,华北油田第三中学,天津,,,,,,,,,,
873,蓟州一中,天津,,,,,,,,,,
874,南开大学附属中学,天津,南开大学附属中学（南大附中）初中,天津市 南开区,市重点,公办,中学,天津市南开区三潭路165号,022-60264355,天津市,天津市,南开区
875,天津市滨海新区大港第一中学,天津,天津市大港第一中学（大港一中）,天津市 大港区,市重点,公办,中学,天津市大港区世纪大道东288号,022- 25993012,天津市,天津市,大港区
876,天津市第四十七中学,天津,天津市第四十七中学,天津市 北辰区,市重点,公办,中学,天津市北辰区京津公路富锦道南,022-26918835  022-26918802,天津市,天津市,北辰区
877,天津市咸水沽第一中学,天津,,,,,,,,,,
878,天津益中学校,天津,,,,,,,,,,
879,王庆坨中学,天津,,,,,,,,,,
880,拉萨阿里高中,西藏,,,,,,,,,,
881,日喀则市第一高级中学,西藏,日喀则地区第一高级中学（日喀则一高）,西藏 日喀则地区,市重点,公办,中学,西藏自治区日喀则地区山东路23号,0892-8822415,西藏,日喀则地区,
882,日喀则市三高,西藏,,,,,,,,,,
883,山南市一高,西藏,,,,,,,,,,
884,西格办中学,西藏,,,,,,,,,,
885,拔萃男書院,香港,,,,,,,,,,
886,聖公會莫壽増會督中舉,香港,,,,,,,,,,
887,英垂女舉校,香港,,,,,,,,,,
888,巴州二中,新疆,,,,,,,,,,
889,昌吉州一中,新疆,,,,,,,,,,
890,哈密石油高级中学,新疆,,,,,,,,,,
891,哈密市第二中学,新疆,哈密地区第二中学（哈密二中）,新疆 哈密地区 哈密市,省重点,公办,中学,新疆哈密地区哈密市爱国南路5号,0902-2258614,新疆,哈密地区,哈密市
892,石河子衡水实验中学,新疆,,,,,,,,,,
893,新疆师范大学附属中学,新疆,新疆师范大学附属中学,新疆 乌鲁木齐市,市重点,公办,中学,乌鲁木齐市银川路107号,0991-4332282,新疆,乌鲁木齐市,
894,新疆维吾尔自治区乌鲁木齐市第126中学,新疆,,,,,,,,,,
895,新疆维吾尔自治区乌鲁木齐市第七十中学,新疆,乌鲁木齐第七十中学,新疆 乌鲁木齐市 新市区,省重点,公办,中学,新疆乌鲁木齐新市区南纬一路54号,（0991）3696357,新疆,乌鲁木齐市,新市区
896,伊犁州昭苏县秦州高级中学,新疆,,,,,,,,,,
897,临沧一中,云南,,,,,,,,,,
898,云南民族大学附属中学,云南,,,,,,,,,,
899,云天化中学,云南,云天化中学,云南省 昭通市 水富县,省重点,民办,中学,云南省昭通市水富县,0870-8667010,云南省,昭通市,水富县
900,海盐县博才实验学校,浙江,海盐县博才实验学校,浙江省 嘉兴市 海宁市,普通,私立,中学,海盐县武原镇泰山路104号,,浙江省,嘉兴市,海宁市
901,杭州市十三中教育集团（总校）,浙江,,,,,,,,,,
902,金华市第五中学,浙江,金华五中,浙江省 金华市 婺城区,普通,公办,中学,浙江省金华市婺城区八一南街301号,,浙江省,金华市,婺城区
903,蓝青学校,浙江,宁波市鄞州蓝青学校,浙江省 宁波市 鄞州区,普通,民办,中学,宁波市鄞州区邱隘盛垫桥蓝青路58号,0574-28819166  28819173,浙江省,宁波市,鄞州区
904,乐清市康德寄宿学校,浙江,,,,,,,,,,
905,宁波市惠贞书院,浙江,宁波市惠贞书院中学部,浙江省 宁波市 江北区,省重点,公办,中学,育才校区：宁波市江北区育才路197号/天水校区：宁波市江北区丽江东路121号,0574- 87211127 83090202,浙江省,宁波市,江北区
906,宁波市孔浦中学,浙江,,,,,,,,,,
907,宁波外国语学校,浙江,宁波外国语学校,浙江省 宁波市 鄞州区,省重点,公办,中学,宁波市东钱湖旅游开发区环湖南路258号,0574-83015111 82817508  82817895,浙江省,宁波市,鄞州区
908,平阳县浙鳌高级中学,浙江,温州平阳县浙鳌高级中学,浙江省 温州市 平阳县,市重点,民办,中学,浙江省平阳县鳌江镇徐家站路,0577-63628275,浙江省,温州市,平阳县
909,绍兴市建功中学,浙江,绍兴建功中学,浙江省 绍兴市 越城区,普通,公办,中学,绍兴市罗门东区,,浙江省,绍兴市,越城区
910,绍兴市柯桥区实验中学,浙江,山西省实验中学（太原市第十中学）,山西省 太原市 小店区,省重点,公办,中学,山西省太原市晋阳街201号,0351-7897022,山西省,太原市,小店区
911,绍兴市元培中学,浙江,绍兴市元培中学,浙江省 绍兴市,市重点,公办,中学,绍兴市胜利西路877号,0575-85155026,浙江省,绍兴市,
912,温州市绣山中学,浙江,温州市绣山中学,浙江省 温州市 鹿城区,市重点,民办,中学,浙江省温州市惠民路横渎东路3号（温州市绣山中学）,0577-88923713,浙江省,温州市,鹿城区
913,义乌市绣湖中学,浙江,,,,,,,,,,
914,余姚市高风中学,浙江,余姚市高风中学,浙江省 宁波市 余姚市,市重点,民办,中学,余姚市子陵路422号,0574- 62662602 62662035 62662605,浙江省,宁波市,余姚市
915,浙江省湖州中学,浙江,湖州中学,浙江省 湖州市,省重点,公办,中学,浙江省湖州市德鸿路1902号,0572-2014697,浙江省,湖州市,
916,浙江省丽水中学,浙江,丽水中学,浙江省 丽水市 莲都区,省重点,公办,中学,丽水市莲都区寿尔福北路1号,0578-2131020,浙江省,丽水市,莲都区
917,浙江省新昌中学,浙江,新昌中学,浙江省 绍兴市 新昌县,普通,公办,中学,绍兴市新昌县,,浙江省,绍兴市,新昌县
918,浙江省严州中学新安江校区,浙江,,,,,,,,,,
919,浙江省玉环中学,浙江,,,,,,,,,,
920,浙江省舟山中学,浙江,浙江省舟山中学,浙江省 舟山市 ,省重点,公办,中学,浙江省舟山市新区临城街道定沈路285号（舟山中学新校区）,0580-2061582　0580-2609134,浙江省,舟山市,
921,诸暨市开放双语实验学校,浙江,,,,,,,,,,
922,重庆市第十八中学校,重庆,重庆市第十八中学,重庆市 江北区,市重点,公办,中学,重庆市江北区鲤鱼池120号,023-67728942、67724703,重庆市,重庆市,江北区
923,重庆市梁平中学,重庆,重庆市梁平中学,重庆市 梁平县,市重点,公办,中学,重庆市梁平县梁山镇东明村,（023）53221248,重庆市,重庆市,梁平县
924,重庆市万州第二高级中学,重庆,重庆市万州第二中学（万州二中）,重庆市 万州区,市重点,公办,中学,重庆市万州区白岩路135号,（023）58201009,重庆市,重庆市,万州区
