地区,学校名称,搜学网名称,地域,属性,性质,类型,学校地址,联系电话,省级位置,地级位置,县级位置
安徽省,合肥市第一中学,合肥市第一中学,安徽省 合肥市 包河区,省重点,公办,中学,安徽省合肥市滨湖新区西藏路2356号,0551-2911006 180-9663-1182,安徽省,合肥市,包河区
安徽省,马鞍山第二中学,马鞍山市第二中学（马鞍山二中）,安徽省 马鞍山市 花山区,省重点,公办,中学,安徽省马鞍山市花山区健康路2号,0555--8331030,安徽省,马鞍山市,花山区
安徽省,安徽省六安第一中学,安徽省六安第一中学（六安一中）,安徽省 六安市 裕安区,省重点,公办,中学,安徽省六安市解放北路55号,0564-3387519,安徽省,六安市,裕安区
安徽省,安徽省安庆第一中学,安徽省安庆市第一中学（安庆一中）,安徽省 安庆市 大观区,省重点,公办,中学,安徽省安庆市大观区龙门口街38号,0556－5513669,安徽省,安庆市,大观区
安徽省,合肥一六八中学,合肥市一六八中学,安徽省 合肥市 蜀山区,省重点,民办,中学,合肥市经济技术开发区始信路179号/（东校区）淮海大道与新蚌埠路交叉口,0551-3803905,安徽省,合肥市,蜀山区
安徽省,合肥市第八中学,合肥市第八中学,安徽省 合肥市 蜀山区,省重点,公办,中学,（老校区）合肥市中心桐城北路173号/（新校区）合肥政务区习友路1688号,0551-2672148,安徽省,合肥市,蜀山区
安徽省,安徽省淮北市第一中学,安徽省淮北市第一中学（淮北一中）,安徽省 淮北市 相山区,省重点,公办,中学,安徽省淮北市相山区石城路30号,0561-3024962,安徽省,淮北市,相山区
安徽省,芜湖市第一中学,安徽省芜湖市第一中学（芜湖一中）,安徽省 芜湖市 鸠江区,省重点,公办,中学,安徽省芜湖市黄山路146号,0553-3830606 3839820,安徽省,芜湖市,鸠江区
安徽省,铜陵市第一中学,安徽省铜陵市第一中学（铜陵一中）,安徽省 铜陵市,市重点,公办,中学,安徽省铜陵市学院路601号,0562-2808369,安徽省,铜陵市,
安徽省,安徽师范大学附属中学,安徽师范大学附属中学,安徽省 芜湖市,省重点,公办,中学,安徽省芜湖市银湖南路135号,0553-3832205,安徽省,芜湖市,
北京市,中国人民大学附属中学,中国人民大学附属中学（人大附中）,北京市 海淀区,全国重点,公办,中学,北京市海淀区中关村大街37号,010-62512094  62515003,北京市,北京市,海淀区
北京市,北京市第四中学,北京市第四中学,北京市 西城区,市重点,公办,中学,京市西城区西黄城根北街甲2号（近北大医院）,010-66175566,北京市,北京市,西城区
北京市,北京师范大学附属中学,北京师范大学附属中学,北京市 西城区,省重点,公办,中学,北京市西城区南新华街18号,010-63014680-207,北京市,北京市,西城区
北京市,北京大学附属中学,北京大学附属中学（北大附中）,北京市 海淀区,全国重点,公办,中学,北京市海淀区黄庄北大附中,010-62555594,北京市,北京市,海淀区
北京市,清华大学附属中学,清华大学附属中学,北京市 海淀区,全国重点,公办,中学,北京市海淀区圆明园东路,010-62789541,北京市,北京市,海淀区
北京市,北京市十一中学,北京十一中学,北京市 东城区,区重点,公办,中学,北京市崇文区东晓市街101号,010-67016089,北京市,北京市,东城区
北京市,中央民族大学附属中学,中央民族大学附属中学,北京市 海淀区,市重点,公办,中学,北京市海淀区法华寺甲5号,010-68938228,北京市,北京市,海淀区
北京市,北京师范大学第二附属中学,北师大二附中,北京市 西城区,市重点,公办,中学,北京市西城区新街口外大街12号,010-62042244,北京市,北京市,西城区
北京市,北京市第五中学,北京市第五中学（北京五中）,北京市 东城区,市重点,公办,中学,北京市东城区细管胡同13号,010-64042971/64040729,北京市,北京市,东城区
北京市,北京市第二中学,北京市第二中学（北京二中）,北京市 东城区,市重点,公办,中学,北京市东城区内务部街15号,010-65274375,北京市,北京市,东城区
福建省,福州第一中学,福州市第一中学（福州一中）,福建省 福州市 鼓楼区,省重点,公办,中学,福建省福州市东街附近,0591-87551426,福建省,福州市,鼓楼区
福建省,福建省厦门双十中学,厦门市双十中学,福建省 厦门市 思明区,省重点,公办,中学,福建省厦门市镇海路33号/厦门市湖里区枋湖路789,0592-2117888,福建省,厦门市,思明区
福建省,福建省厦门第一中学,厦门市第一中学高中（厦门一中高中）,福建省 厦门市 思明区,省重点,公办,中学,福建省厦门市思明区文园路93号,0592-2021908,福建省,厦门市,思明区
福建省,厦门外国语学校,厦门外国语学校,福建省 厦门市 思明区,省重点,公办,中学,（初中部）厦门市思明区湖滨北路88号/（高中部）海沧区嵩屿路89号,0592-5110967（8063273）,福建省,厦门市,思明区
福建省,福建省莆田第一中学,莆田第一中学（莆田一中）,福建省 莆田市 城厢区,省重点,公办,中学,福建省莆田市城厢区东大路217号,0594－2631666,福建省,莆田市,城厢区
福建省,泉州市第五中学,泉州五中,福建省 泉州市,普通,公办,中学,福建省泉州市桂坛巷49号,,福建省,泉州市,
福建省,福建师范大学附属中学,福建师范大学附属中学（福建师大附中）,福建省 福州市 仓山区,省重点,公办,中学,福建省福州市仓山区对湖路15号,0591-83472889,福建省,福州市,仓山区
福建省,福州第三中学,福州三中,福建省 福州市 鼓楼区,省重点,公办,中学,福建省福州市湖东路43号,0591-83594454,福建省,福州市,鼓楼区
福建省,福建省漳州第一中学,漳州市第一中学（漳州一中）,福建省 漳州市 芗城区,省重点,公办,中学,福建省漳州市芗城区芝山南麓,0596-2022008,福建省,漳州市,芗城区
福建省,福建省龙岩第一中学,龙岩一中,福建省 龙岩市 新罗区,普通,公办,中学,福建省龙岩市新罗区和平路40号（364000）,0597-2290302,福建省,龙岩市,新罗区
广东省,华南师范大学附属中学,华南师范大学附属中学,广东省 广州市 天河区,全国重点,民办,中学,广东省广州市天河区中山大道西1号,020-38630561 38630511,广东省,广州市,天河区
广东省,深圳中学,深圳中学,广东省 深圳市 罗湖区,省重点,公办,中学,广东省深圳市罗湖区人民北路深中街18号,0755-82222572,广东省,深圳市,罗湖区
广东省,中山纪念学校,广东中山纪念中学,广东省 中山市,省重点,公办,中学,中山市南朗镇翠亨村正街,0760-85501869,广东省,中山市,
广东省,深圳外国语学校,深圳外国语学校高中部,广东省 深圳市 盐田区,省重点,公办,中学,深圳市盐田区盐田路1号,0755-25282036 0755-25282089,广东省,深圳市,盐田区
广东省,广东实验中学,广东省实验中学（荔湾校区）,广东省 广州市 荔湾区,省重点,公办,中学,广东省广州市荔湾区龙溪大道省实路 1号,（020）81506381,广东省,广州市,荔湾区
广东省,汕头市潮阳实验学校,汕头市潮阳实验学校,广东省 汕头市 潮阳区,省重点,民办,中学,广东省汕头市潮阳区棉北街道城北四路东段,0754-88726528 88722222,广东省,汕头市,潮阳区
广东省,深圳实验学校,深圳市实验学校（高中部）,广东省 深圳市 南山区,省重点,公办,中学,广东省深圳市南山区西丽街道同发路99号,0755-83361223,广东省,深圳市,南山区
广东省,汕头市金山中学,汕头市金山中学,广东省 汕头市 濠江区,省重点,公办,中学,广东省汕头市石海关顶,0754-87374368,广东省,汕头市,濠江区
广东省,广州执信中学,广州执信中学,广东省 广州市 越秀区,省重点,公办,中学,广州市越秀区执信南路152号,020-87778382,广东省,广州市,越秀区
广东省,东莞市东华高级中学,东莞市东华高级中学,广东省 东莞市,省重点,民办,中学,广东省东莞市莞长路33号,0769-22696988,广东省,东莞市,
广西省,广西柳州高级中学,广西柳州高级中学,广西 柳州市,市重点,公办,中学,东台路44号,0772-2822557,广西,柳州市,
广西省,柳州铁一中学,柳州铁路第一中学（柳铁一中）,广西 柳州市 柳南区,省重点,公办,中学,广西柳州市城站路391号,0772--3953677,广西,柳州市,柳南区
广西省,广西师范大学附属外国语学校,广西师范大学附属外国语学校,广西 桂林市 七星区,省重点,公办,中学,广西桂林市铁山工业园紫杉路10号,0773-8993005,广西,桂林市,七星区
广西省,广西南宁市第三中学,南宁市第三中学,广西 南宁市 青秀区,省重点,公办,中学,广西南宁市青秀区青山路5号,0771--5311268,广西,南宁市,青秀区
广西省,广西玉林高级中学,广西玉林高级中学,广西 玉林市,省重点,公办,中学,广西玉林市人民东路77号,0775-2684268,广西,玉林市,
广西省,南宁市第二中学,南宁市第二中学（南宁二中）,广西 南宁市 西乡塘区,省重点,公办,中学,广西南宁市新民路29号,0771--2804263,广西,南宁市,西乡塘区
广西省,桂林市第十八中学,桂林市第十八中学,广西 柳州市,省重点,公办,中学,广西桂林市横塘路17号,0773-5865365,广西,柳州市,
广西省,桂林中学,桂林市桂林中学,广西 桂林市,省重点,公办,中学,解放西路58号,0773--2825101,广西,桂林市,
广西省,广西师范大学附属中学,广西师范大学附属中学,广西 桂林市,省重点,公办,中学,中山北路15号,0773--2803103,广西,桂林市,
广西省,玉林一中,广西玉林市第一中学（玉林一中）,广西 玉林市,市重点,公办,中学,广西玉林市大北路（玉灵一中）,0775-2082207,广西,玉林市,
贵州省,贵阳市第一中学,贵阳市第一中学,贵州省 贵阳市 乌当区,省重点,公办,中学,贵州省贵阳市金阳新区兴筑东路1号,0851-7986565,贵州省,贵阳市,乌当区
贵州省,兴义市第八中学,兴义八中,贵州省 黔西南 兴义市,普通,公办,中学,贵州省黔西南布依族苗族自治州兴义市富民路188号,,贵州省,黔西南,兴义市
贵州省,贵阳市第三实验中学,贵阳市第三实验中学,贵州省 贵阳市 ,普通,公办,中学,贵阳市富水南路中山大厦B座,0851-8645477,贵州省,贵阳市,
贵州省,遵义市第四中学,遵义市第四中学,贵州省 遵义市,省重点,公办,中学,贵州省遵义市红花岗区石龙路14号,0852-8223172,贵州省,遵义市,
贵州省,贵州师范大学附属中学,贵州师范大学附属中学,贵州省 贵阳市 云岩区,省重点,公办,中学,贵州省贵阳市宝山北路199号,0851-—5934305,贵州省,贵阳市,云岩区
贵州省,遵义县第一中学,遵义第一中学（遵义一中）,贵州省 遵义市,省重点,公办,中学,贵州省遵义市银河大道中段,0851-28432568,贵州省,遵义市,
贵州省,贵阳市清华中学,贵阳市清华中学,贵州省 贵阳市 花溪区,省重点,公办,中学,贵阳市花溪区清华路30号,0851-3851955,贵州省,贵阳市,花溪区
贵州省,贵州市铜仁第一中学,铜仁市第一中学（铜仁一中）,贵州省 铜仁地区 铜仁市,省重点,公办,中学,贵州省铜仁市向阳路7号,0856-5223234,贵州省,铜仁地区,铜仁市
贵州省,遵义航天高级中学,贵州遵义航天高级中学,贵州省 遵义市 汇川区,省重点,公办,中学,遵义市汇川区宁波路176号,0852-8611619 8611987,贵州省,遵义市,汇川区
贵州省,贵州省思南中学,贵州省思南中学,贵州省 铜仁地区 思南县,省重点,公办,中学,贵州省思南县思唐镇文化街197号,0856-7225114,贵州省,铜仁地区,思南县
海南省,海南中学,海南中学,上海市 虹口区,普通,公办,中学,上海市虹口区百官街1号,63242016,上海市,上海市,虹口区
海南省,海南华侨中学,海南省华侨中学,海南省 海口市,省重点,公办,中学,海南省海口市海秀路59号,0898-66712692,海南省,海口市,
海南省,海口市第一中学,海口市第一中学（海口一中）,海南省 海口市,省重点,公办,中学,海南省海口市龙华路14号,0898—66225979,海南省,海口市,
海南省,海南省农垦实验中学,,,,,,,,,,
海南省,琼海市嘉积中学,海南省琼海市嘉积中学,海南省 海口市,省重点,公办,中学,海南省琼海市嘉积镇富侨路1号,0898-31692345,海南省,海口市,
海南省,文昌中学,海南省文昌中学,海南省 三亚市,省重点,公办,中学,海南省三亚市教育路46号 海南岛文昌市,0898-63222395,海南省,三亚市,
海南省,湖南师大附中海口中学,,,,,,,,,,
海南省,海南师范大学附属中学,海南师范大学附属中学,海南省 海口市,省重点,公办,中学,海南省海口市美兰区灵山镇新大洲大道机场北路,0898-65728566,海南省,海口市,
海南省,三亚市第一中学,三亚市第一中学（三亚一中）,海南省 三亚市 ,省重点,公办,中学,海南省三亚市 三亚河东路82号,0898-88245478,海南省,三亚市,
海南省,海南市琼山中学,海口市琼山中学,海南省 海口市,省重点,公办,中学,:海口市琼山区文庄路10号,0898-65865927,海南省,海口市,
河北省,河北衡水中学,河北衡水中学,河北省 衡水市 桃城区,全国重点,公办,中学,河北省衡水市英才路228号/南门口街128号  （东校区）程富路6号  　,0318-2126903,河北省,衡水市,桃城区
河北省,石家庄第二中学,石家庄市第二中学（河北省实验中学）（高中部）,河北省 石家庄市 新华区,省重点,公办,中学,河北省石家庄市兴凯路187号,0311--7022964 7022492,河北省,石家庄市,新华区
河北省,衡水市第二中学,衡水市第二中学,河北省 衡水市,省重点,公办,中学,河北省衡水市问津北街98号/衡水市新华西路256号,0318-2135271 2817707,河北省,衡水市,
河北省,河北武邑中学,河北武邑中学,河北省 衡水市 武邑县,省重点,公办,中学,河北省衡水市武邑县城新区宏达路1号,0318--5738058,河北省,衡水市,武邑县
河北省,唐山市第一中学,唐山市第一中学（唐山一中）,河北省 唐山市 路北区,省重点,公办,中学,河北省唐山市路南区友谊路2号,0315-2595128,河北省,唐山市,路北区
河北省,河北正定中学,河北正定中学,河北省 石家庄市 正定县,省重点,公办,中学,河北省正定县正定镇府西街80号,0311--8022837,河北省,石家庄市,正定县
河北省,河北冀州中学,河北省冀州中学,河北省 衡水市 冀州市,省重点,公办,中学,河北省冀州市振商街4号,0318--8613714 8612660,河北省,衡水市,冀州市
河北省,石家庄第一中学,石家庄市第一中学（石家庄一中）,河北省 石家庄市 桥东区,省重点,公办,中学,河北省石家庄市平安北大街13号,0311--6034130,河北省,石家庄市,桥东区
河北省,邯郸市第一中学,河北省邯郸市第一中学（邯郸一中）,河北省 邯郸市 丛台区,省重点,公办,中学,河北省邯郸市丛台路21号,0310--3122208,河北省,邯郸市,丛台区
河北省,河北辛集中学,河北辛集中学,河北省 石家庄市,省重点,公办,中学,河北省石家庄辛集市辛中路1号,0311--83387109,河北省,石家庄市,
河南省,郑州外国语学校,郑州外国语学校,河南省 郑州市 高新区,省重点,公办,中学,河南省郑州市高新技术开发区枫杨街与银屏路交叉口,0371-7987877 0371-67998111,河南省,郑州市,高新区
河南省,郑州市第一中学,郑州市第一中学（郑州一中）,河南省 郑州市 中原区,省重点,公办,中学,郑州市中原西路182号,0371-67882208,河南省,郑州市,中原区
河南省,河南省实验中学,河南省实验中学,河南省 郑州市 金水区,省重点,公办,中学,河南省郑州市金水区农业路10号（河南博物院西200米）,0371-63943667,河南省,郑州市,金水区
河南省,南阳市第一中学,南阳市第一中学（南阳一中）,河南省 南阳市,省重点,公办,中学,河南省南阳市建设东路1366号,0377-63035139,河南省,南阳市,
河南省,开封高级中学,开封高级中学（开封高中）,河南省 开封市,省重点,公办,中学,河南省开封铁路北沿街223号,0378-5951776,河南省,开封市,
河南省,安阳市第一中学,安阳市第一中学（安阳一中）,河南省 安阳市,省重点,公办,中学,河南省安阳市文明大道327号,0372-2988976,河南省,安阳市,
河南省,河南师范大学附属中学,河南师范大学附属中学,河南省 新乡市,省重点,公办,中学,河南省新乡市建设路164号,0373-3383049,河南省,新乡市,
河南省,林州市第一中学,林州市第一中学（林州一中）,河南省 安阳市 林州市,省重点,公办,中学,河南省安阳市林州市龙山路中路35号,0372-6811510,河南省,安阳市,林州市
河南省,郸城县第一高级中学,郸城县第一高级中学（郸城县一高）,河南省 周口市 郸城县,市重点,公办,中学,河南省郸城县新华路23号,0394--3222324,河南省,周口市,郸城县
河南省,信阳高级中学,河南省信阳高级中学,河南省 信阳市 狮河区,省重点,公办,中学,河南省信阳市浉河区文化街6号,0376-6682186,河南省,信阳市,狮河区
黑龙江省,哈尔滨市第三中学,哈尔滨市第三中学,黑龙江 哈尔滨市 南岗区,省重点,公办,中学,黑龙江省哈尔滨市南岗区果戈里大街415号,0451-53636578,黑龙江,哈尔滨市,南岗区
黑龙江省,大庆实验中学,黑龙江省大庆实验中学,黑龙江 大庆市,省重点,公办,中学,大庆市高新技术产业开发园区秀水路6号,0459—8156179,黑龙江,大庆市,
黑龙江省,牡丹江市第一高级中学,牡丹江市第一高级中学（牡丹江一中）,黑龙江 牡丹江市 东安区,省重点,公办,中学,牡丹江市江南新城区,0453-6471809,黑龙江,牡丹江市,东安区
黑龙江省,哈尔滨师范大学附属中学,哈尔滨师范大学附属中学,黑龙江 哈尔滨市 南岗区,普通,公办,中学,学府路30号,0451 88675547,黑龙江,哈尔滨市,南岗区
黑龙江省,大庆铁人中学,大庆铁人中学,黑龙江 大庆市 让胡路区,省重点,公办,中学,黑龙江省大庆市让胡路区乘风西路6号,0459－5683040,黑龙江,大庆市,让胡路区
黑龙江省,哈尔滨市第九中学,哈尔滨市第九中学,黑龙江 哈尔滨市 香坊区,省重点,公办,中学,黑龙江省哈尔滨市香坊区和平路165号,0451-82801485,黑龙江,哈尔滨市,香坊区
黑龙江省,黑龙江省实验中学,黑龙江省实验中学,黑龙江 哈尔滨市,省重点,公办,中学,黑龙江省哈尔滨市南岗区海城街1号,0451-86431159,黑龙江,哈尔滨市,
黑龙江省,哈尔滨市第六中学,哈尔滨市第六中学,黑龙江 哈尔滨市 香坊区,省重点,公办,中学,黑龙江省哈尔滨市公滨路467号,0451-55641821,黑龙江,哈尔滨市,香坊区
黑龙江省,佳木斯市第一中学,佳木斯市第一中学（佳木斯一中）,黑龙江 佳木斯市,省重点,公办,中学,黑龙江省佳木斯市光复路1399号,0454-8605037,黑龙江,佳木斯市,
黑龙江省,大庆第一中学,大庆第一中学（大庆一中）,黑龙江 大庆市 让胡路区,市重点,公办,中学,黑龙江省大庆市让胡路区胜利路284号,0459-5168163  5168057,黑龙江,大庆市,让胡路区
湖北省,华中师范大学第一附属中学,湖北华中师范大学第一附属中学（华中师大一附中）,湖北省 武汉市 武昌区,全国重点,公办,中学,湖北省武汉市东湖高新技术开发区汤逊湖北路特1号,027-87920655,湖北省,武汉市,武昌区
湖北省,武汉市第二中学,武汉市第二中学,湖北省 武汉市 江岸区,省重点,公办,中学,武汉市中山大道1469号,027-83801823,湖北省,武汉市,江岸区
湖北省,襄阳市第五中学,襄阳五中,湖北省 襄阳市 襄州区,省重点,公办,中学,湖北省襄阳市高新区邓城大道66号,0710-3530727,湖北省,襄阳市,襄州区
湖北省,襄阳市第四中学,襄阳市第四中学,湖北省 襄阳市 襄州区,省重点,公办,中学,湖北省襄阳市襄城东街26号,0710-3511057（校办） 0710-3553666（招办）,湖北省,襄阳市,襄州区
湖北省,武汉外国语学校,武汉外国语学校,湖北省 武汉市 江汉区,全国重点,公办,中学,武汉市经济技术开发区龙阳大道太子湖1号,027 - 84897315 85764750,湖北省,武汉市,江汉区
湖北省,湖北省宜昌市夷陵中学,宜昌市夷陵中学,湖北省 宜昌市 夷陵区,省重点,公办,中学,湖北省宜昌市城东大道51号,0717-6924505 6924507 6924106,湖北省,宜昌市,夷陵区
湖北省,黄冈中学,湖北黄冈中学,湖北省 黄冈市 黄州区,全国重点,公办,中学,湖北黄冈开发区明珠大道,0713-8838888,湖北省,黄冈市,黄州区
湖北省,武汉钢铁集团公司第三子弟中学,,,,,,,,,,
湖北省,湖北省宜昌市第一中学,宜昌市第一中学（宜昌一中）,湖北省 宜昌市 西陵区,省重点,公办,中学,宜昌市西陵二路4号,0717-6774074,湖北省,宜昌市,西陵区
湖北省,武昌实验中学,湖北省武汉市武昌实验中学,湖北省 武汉市 武昌区,省重点,公办,中学,武汉市武昌火炬路48号,027-88873891,湖北省,武汉市,武昌区
湖南省,长沙市长郡中学,长沙市长郡中学,湖南省 长沙市,省重点,公办,中学,长沙市黄兴南路309号,0731-5815387  邮编：410002　地址：长沙市黄兴南路309号,湖南省,长沙市,
湖南省,长沙市雅礼中学,长沙市雅礼中学,湖南省 长沙市 雨花区,省重点,公办,中学,湖南省长沙市雨花区劳动西路428号,0731-5532038,湖南省,长沙市,雨花区
湖南省,湖南师范大学附属中学,湖南师范大学附属中学,湖南省 长沙市 岳麓区,省重点,公办,中学,湖南长沙岳麓区桃子湖路48号,0731-88885855、88886669、88882315,湖南省,长沙市,岳麓区
湖南省,湖南师范大学附属中学,湖南师范大学附属中学,湖南省 长沙市 岳麓区,普通,民办,中学,湖南长沙岳麓区桃子湖路48号,,湖南省,长沙市,岳麓区
湖南省,湖南省长沙市第一中学,长沙市第一中学（长沙一中）,湖南省 长沙市 开福区,省重点,公办,中学,湖南省长沙市开福区清水塘路53号,（0731）82774885,湖南省,长沙市,开福区
湖南省,长沙市明德中学,长沙明德中学,湖南省 长沙市 天心区,省重点,公办,中学,湖南省长沙市天心区新韶西路豹子岭　,0731-88237799　,湖南省,长沙市,天心区
湖南省,长沙市南雅中学,长沙市南雅中学,湖南省 长沙市 雨花区,市重点,公办,中学,湖南省长沙市雨花区香樟东路178号,0731-85065645,湖南省,长沙市,雨花区
湖南省,麓山国际实验学校,长沙麓山国际实验学校,湖南省 长沙市 岳麓区,省重点,公办,中学,湖南省长沙市河西望月湖小区9片月华街59号,0731-8615610,湖南省,长沙市,岳麓区
湖南省,株洲市第二中学,湖南省株洲市第二中学,湖南省 株洲市,省重点,公办,中学,湖南省株洲市天元区珠江南路518号,0733--28827802,湖南省,株洲市,
湖南省,湖南省石门县第一中学,石门县第一中学（石门一中）,湖南省 常德市 石门县,省重点,公办,中学,湖南省常德市石门县黄金路,0736-5323351,湖南省,常德市,石门县
湖南省,岳阳市第一中学,岳阳市第一中学（岳阳一中）,湖南省 岳阳市,市重点,公办,中学,湖南省岳阳市岳阳楼区洞庭北路124号,0730-8318395,湖南省,岳阳市,
吉林省,东北师范大学附属中学,东北师范大学附属中学,吉林省 长春市 朝阳区,省重点,公办,中学,吉林省长春市自由大路506号,0431-85608927 85677272,吉林省,长春市,朝阳区
吉林省,吉林大学附属中学,吉林大学附属中学高中部,吉林省 长春市,省重点,公办,中学,吉林省长春市南关区解放大路3059号,0431-88499352,吉林省,长春市,
吉林省,吉林市第一中学,吉林市第一中学（吉林一中）,吉林省 吉林市 船营区,省重点,公办,中学,吉林省吉林市船营区松江西路155号,0432-64826007,吉林省,吉林市,船营区
吉林省,长春市第十一中学,长春市第十一中学,吉林省 长春市 绿园区,普通,公办,中学,长春市绿园区景阳大路2666号,0431—87615586 学区范围：绿园区 地址：长春市绿园区景阳大路2666号,吉林省,长春市,绿园区
吉林省,吉林省延边第二中学,吉林省延边第二中学（延边二中）,吉林省 延边 延吉市,省重点,公办,中学,吉林省延边朝鲜族自治州延吉市,,吉林省,延边,延吉市
吉林省,吉林毓文中学,吉林毓文中学,吉林省 吉林市 船营区,市重点,公办,中学,吉林省吉林市松江中路101号,0432-64833505 64833516 13294468855,吉林省,吉林市,船营区
吉林省,吉林省实验中学,吉林省实验中学（高中）,吉林省 长春市 朝阳区,省重点,公办,中学,吉林省长春市人民大街6465号,0431-85376541,吉林省,长春市,朝阳区
吉林省,梅河口第五中学,,,,,,,,,,
吉林省,长春市第二中学,长春市第二中学（长春二中）,吉林省 长春市 朝阳区,省重点,公办,中学,吉林省长春市朝阳区清和街38号,0431-88524768,吉林省,长春市,朝阳区
吉林省,吉化第一高级中学,吉化第一高级中学（吉化一中）,吉林省 吉林市 龙潭区,省重点,公办,中学,吉林省吉林市龙潭区武汉路25号,0432－63968098,吉林省,吉林市,龙潭区
江苏省,南京师范大学附属中学,南京师范大学附属中学,江苏省 南京市 鼓楼区,省重点,公办,中学,南京市鼓楼区察哈尔路37号（校本部）,0527-82898588,江苏省,南京市,鼓楼区
江苏省,南京外国语学校,南京外国语学校,江苏省 南京市 玄武区,省重点,民办,中学,江苏省南京市玄武区北京东路30号,025-84555412,江苏省,南京市,玄武区
江苏省,南京外国语学校,南京外国语学校,江苏省 南京市 玄武区,市重点,民办,中学,江苏省南京市玄武区北京东路30号,025-83282300,江苏省,南京市,玄武区
江苏省,天一中学,江苏省天一中学,江苏省 无锡市 锡山区,省重点,公办,中学,江苏省无锡锡山区东亭二泉中路18号,0510-88223001,江苏省,无锡市,锡山区
江苏省,常州高级中学,江苏省常州高级中学,江苏省 常州市,省重点,公办,中学,江苏省常州市罗汉路8号,0519-88111202,江苏省,常州市,
江苏省,启东中学,江苏启东中学,江苏省 南通市 启东市,省重点,公办,中学,江苏省启东市人民西路2188号（高中部）/启东市民乐中路580号（初中部）,0513-83116432,江苏省,南通市,启东市
江苏省,苏州中学,江苏省苏州中学,江苏省 苏州市 沧浪区,省重点,公办,中学,江苏省苏州市人民路699号,0512-65194261  0512-65195262,江苏省,苏州市,沧浪区
江苏省,海门中学,江苏省海门中学,江苏省 南通市 海门市,省重点,公办,中学,江苏省海门市海门镇育才路1号,0513-82212218,江苏省,南通市,海门市
江苏省,扬州高级中学,,,,,,,,,,
江苏省,淮阴中学,江苏淮阴中学,江苏省 淮安市 淮阴区,省重点,公办,中学,江苏省淮安市解放东路99号,0517-83518888,江苏省,淮安市,淮阴区
江苏省,海安高级中学,,,,,,,,,,
江西省,江西师范大学附属中学,江西师范大学附属中学（师大附中）（初中）,江西省 南昌市 青山湖区,省重点,公办,中学,江西省南昌市青山湖区北京西路194号,0791-8507088,江西省,南昌市,青山湖区
江西省,抚州市临川第一中学,江西省临川第一中学（临川一中）,江西省 抚州市 临川区,省重点,公办,中学,江西省抚州市临川区上顿渡镇建设路205号,0794-8441447   0794-8430071,江西省,抚州市,临川区
江西省,九江市第一中学,江西九江第一中学,江西省 九江市 九江县,省重点,公办,中学,江西省九江市滨湖路1号,0792-8238623,江西省,九江市,九江县
江西省,南昌市第二中学,南昌二中（南昌市第二中学）,江西省 南昌市 青山湖区,省重点,公办,中学,江西省南昌市青山湖区绿茵路1282号,0791-83839278,江西省,南昌市,青山湖区
江西省,江西省吉安市第一中学,江西省吉安市第一中学（吉安市一中）,江西省 吉安市 吉州区,省重点,公办,中学,江西省吉安市吉州区沿江路97-1号,0796---8263254,江西省,吉安市,吉州区
江西省,余江县第一中学,余江县第一中学（余江一中）,江西省 鹰潭市 余江县,省重点,私立,中学,江西省鹰潭市余江县白塔路,0701-5885968,江西省,鹰潭市,余江县
江西省,南昌县莲塘第一中学,江西省南昌县莲塘第一中学（莲塘一中）,江西省 南昌市 南昌县,省重点,公办,中学,江西省南昌县莲塘镇澄湖西路1566号,0791-85761902,江西省,南昌市,南昌县
江西省,鹰潭市第一中学,江西省鹰潭市第一中学,江西省 鹰潭市,省重点,公办,中学,江西省鹰潭市胜利西路8号,0701-6221343  0701—6289277,江西省,鹰潭市,
江西省,赣州中学,赣州中学,江西省 赣州市 章贡区,普通,公办,中学,江西省赣州市章贡区赣康路20号,,江西省,赣州市,章贡区
江西省,抚州市临川第二中学,江西省临川第二中学,江西省 抚州市 临川区,省重点,公办,中学,江西省抚州临川区上顿渡镇龙津路67号,0794-8441448,江西省,抚州市,临川区
辽宁省,大连市第二十四中学,大连市第二十四中学,辽宁省 大连市 中山区,省重点,公办,中学,辽宁省大连市中山区解放路217号,0411-39912434 0411-82307507,辽宁省,大连市,中山区
辽宁省,东北育才中学,东北育才学校,辽宁省 沈阳市 和平区,省重点,公办,中学,辽宁省沈阳市和平区南一马路100号,024-23783945,辽宁省,沈阳市,和平区
辽宁省,本溪市高级中学,本溪市高级中学,辽宁省 本溪市 平山区,省重点,公办,中学,辽宁省本溪市平山区东明路91号,0414-3286000,辽宁省,本溪市,平山区
辽宁省,大连育明高级中学,大连育明高级中学,辽宁省 大连市 沙河口区,省重点,公办,中学,辽宁省大连市沙河口区杨树街70号,0411-84759193  0411-84759866 0411-8475,辽宁省,大连市,沙河口区
辽宁省,辽宁省实验中学,辽宁省实验中学,辽宁省 沈阳市 皇姑区,省重点,公办,中学,辽宁省沈阳市皇姑区黄河南大街 89 号/于洪区西江北街117号（北校）,024-86233600  024-89293107,辽宁省,沈阳市,皇姑区
辽宁省,辽宁省实验中学,辽宁省实验中学,辽宁省 沈阳市 皇姑区,省重点,公办,中学,辽宁省沈阳市皇姑区黄河南大街 89 号/于洪区西江北街117号（北校）,024-86233600  024-89293107,辽宁省,沈阳市,皇姑区
辽宁省,鞍山市第一中学,鞍山市第一中学（鞍山一中）,辽宁省 鞍山市,省重点,公办,中学,辽宁省鞍山市高新区鞍千路300号,0412-5227777,辽宁省,鞍山市,
辽宁省,沈阳市第二中学,沈阳市第二中学（沈阳二中）,辽宁省 沈阳市 沈河区,省重点,公办,中学,辽宁省沈阳市五爱街6号/沈北新区沈北路198号（高中部）,024-23900198  024-88086561,辽宁省,沈阳市,沈河区
辽宁省,辽河油田第一高级中学,辽河油田第一高中（辽油一高）,辽宁省 盘锦市 ,省重点,公办,中学,辽宁省盘锦市兴隆台区,0427-2884403   0427-2885424,辽宁省,盘锦市,
辽宁省,盘锦市高级中学,盘锦市高级中学,辽宁省 盘锦市 ,省重点,公办,中学,辽宁省盘锦市兴隆台区科技大街,0427-2216222,辽宁省,盘锦市,
辽宁省,阜新市实验中学,辽宁省阜新市实验中学,辽宁省 阜新市,省重点,公办,中学,辽宁省阜新市中华路95号,0418-6519437  0418-6519467,辽宁省,阜新市,
山东省,山东省实验中学,山东省实验中学,山东省 济南市 市中区,省重点,公办,中学,山东省济南市市中区经七路73号,0531-86926496 18243000924,山东省,济南市,市中区
山东省,山东省青岛第二中学,青岛第二中学（青岛二中）,山东省 青岛市 崂山区,省重点,公办,中学,山东省青岛市崂山区松岭路70号,0532-88907255,山东省,青岛市,崂山区
山东省,东营市胜利第一中学,山东东营市胜利第一中学（胜利一中）（原胜利油田一中）,山东省 东营市 ,市重点,公办,中学,山东东营市济南路55、66号,0546-8232013,山东省,东营市,
山东省,济南市历城第二中学,济南市历城第二中学（历城二中）,山东省 济南市 历城区,省重点,公办,中学,山东省济南市历城区董家843号,0531－88722886,山东省,济南市,历城区
山东省,东营市第一中学,东营区第一中学（东营一中）,山东省 东营市 东营区,省重点,公办,中学,山东省东营市东营区新区新泰路17号,0546-8261775,山东省,东营市,东营区
山东省,日照第一中学,日照第一中学（日照一中）,山东省 日照市 东港区,省重点,公办,中学,山东省日照市东港区日照北路30号,0633-8222086,山东省,日照市,东港区
山东省,淄博实验中学,淄博市实验中学,山东省 淄博市 张店区,省重点,公办,中学,山东省淄博市张周路11号,0533-2865532,山东省,淄博市,张店区
山东省,烟台第一中学,烟台一中（高中部）,山东省 烟台市 芝罘区,省重点,公办,中学,山东省烟台市芝罘区二马路17号,5354218848,山东省,烟台市,芝罘区
山东省,泰安第一中学,山东省泰安第一中学（泰安一中）,山东省 泰安市 泰山区,省重点,公办,中学,山东省泰安市泰山区青年路117号/虎山路169号/长城路和灵山大街交界,0538-6365109 0538- 8491085  0538-2187037,山东省,泰安市,泰山区
山东省,青岛五十八中,青岛第五十八中学,山东省 青岛市 李沧区,省重点,公办,中学,青岛市李沧区九水路20号,0532-87895410,山东省,青岛市,李沧区
山西省,山东大学附属中学,山东大学附属中学,山东省 济南市 历城区,省重点,公办,中学,山东省济南市历城区洪家楼北路177号,0531-88377096,山东省,济南市,历城区
山西省,太原市第五中学,太原市第五中学（太原五中）,山西省 太原市 迎泽区,省重点,公办,中学,山西省太原市迎泽区青年路49号,0351-4094288,山西省,太原市,迎泽区
山西省,山西省实验中学,山西省实验中学（太原市第十中学）,山西省 太原市 小店区,省重点,公办,中学,山西省太原市晋阳街201号,0351-7897022,山西省,太原市,小店区
山西省,晋城市第一中学,晋城市第一中学（晋城一中）,山西省 晋城市,省重点,公办,中学,山西省晋城市东大街963号,0356-3096875,山西省,晋城市,
山西省,忻州市第一中学,忻州市第一中学（忻州一中）,山西省 忻州市 忻府区,省重点,公办,中学,山西省忻州市忻府区和平街8号,0350-3025377,山西省,忻州市,忻府区
山西省,山西省运城市康杰中学,山西省运城市康杰中学,山西省 运城市,省重点,公办,中学,山西省运城市空港新区康杰北路10号,0359-2576010,山西省,运城市,
山西省,山西现代双语学校,山西现代双语学校,山西省 太原市 杏花岭区,区重点,民办,中学,山西省太原市龙堡街2号,0351-7835327,山西省,太原市,杏花岭区
山西省,临汾市第一中学,临汾市第一中学（临汾一中）,山西省 临汾市 尧都区,省重点,公办,中学,山西省临汾市尧都区鼓楼西街31号,0357-3377555,山西省,临汾市,尧都区
山西省,南平市第一中学,,,,,,,,,,
山西省,大同一中,大同第一中学（大同一中）,山西省 大同市 云州区,省重点,公办,中学,山西省大同市大同县师校街25号,0352-5196128,山西省,大同市,云州区
陕西省,西北工业大学附属中学,西北工业大学附属中学,陕西省 西安市 碑林区,省重点,公办,中学,陕西省西安市碑林区友谊西路127号,029 - 88492401 029 - 88494872,陕西省,西安市,碑林区
陕西省,西安高新第一中学,西安高新第一中学（高新一中）,陕西省 西安市 高新区,省重点,民办,中学,陕西省西安市高新区唐延路23号（西安海关南侧）,029-88323755,陕西省,西安市,高新区
陕西省,西安市铁一中学,西安市铁一中学,陕西省 西安市 碑林区,省重点,公办,中学,陕西省西安市友谊东路120号,029-82327079  029-82328008,陕西省,西安市,碑林区
陕西省,西安交通大学附属中学,西安交通大学附属中学（西安交大附中）,陕西省 西安市 碑林区,省重点,公办,中学,陕西省西安市兴庆南路135号/西安市雁翔路99号,029-82668353,陕西省,西安市,碑林区
陕西省,陕西师范大学附属中学,陕西师范大学附属中学（陕师大附中）,陕西省 西安市 雁塔区,省重点,公办,中学,陕西省西安市翠华南路115号,029-85265803,陕西省,西安市,雁塔区
陕西省,西安交通大学附属中学分校,西安交通大学附属中学（西安交大附中）,陕西省 西安市 碑林区,省重点,公办,中学,陕西省西安市兴庆南路135号/西安市雁翔路99号,029-82668353,陕西省,西安市,碑林区
陕西省,西安市第一中学,西安市第一中学（西安一中）,陕西省 西安市 莲湖区,省重点,公办,中学,陕西省西安市环城西路铁塔寺三号,029-88631130,陕西省,西安市,莲湖区
陕西省,宝鸡中学,陕西宝鸡中学,陕西省 宝鸡市,省重点,公办,中学,陕西省宝鸡市东开发区高新大道29号,0917-8625066,陕西省,宝鸡市,
陕西省,西安市第二十六中学,西安市第二十六中学,陕西省 西安市 碑林区,省重点,公办,中学,陕西省西安市建国路118号,029-87457967,陕西省,西安市,碑林区
陕西省,西安高级中学,西安高级中学,陕西省 西安市 碑林区,省重点,公办,中学,陕西省西安市碑林区东厅门85号/西安市未央区谭家街道渭滨路,029-83259399,陕西省,西安市,碑林区
上海市,上海中学,上海中学,上海市 闵行区,全国重点,公办,中学,上海市百色路989号（南大门：上中路400号）,021-64100430 64554819,上海市,上海市,闵行区
上海市,华东师范大学第二附属中学,华东师范大学第二附属中学（华师大二附中）,上海市 浦东新区,市重点,公办,中学,上海市浦东新区张江镇晨晖路555号（近地铁二号线张江高科站）,021-50801890,上海市,上海市,浦东新区
上海市,复旦大学附属中学,复旦大学附属中学,上海市 杨浦区,市重点,公办,中学,上海市杨浦区国权路383号,021-65640560,上海市,上海市,杨浦区
上海市,上海市七宝中学,上海市七宝中学,上海市 闵行区,市重点,公办,中学,上海市徐汇区农南路22号,021-64592100,上海市,上海市,闵行区
上海市,上海交通大学附属中学,上海交大附中本部,上海市 宝山区,市重点,公办,中学,上海殷高路42号,021- 65911010,上海市,上海市,宝山区
上海市,上海市格致中学,上海市格致中学,上海市 黄浦区,市重点,公办,中学,上海市黄浦区广西北路66号,021-63615180 021-63510228,上海市,上海市,黄浦区
上海市,上海市建平中学,上海市建平中学,上海市 浦东新区,市重点,公办,中学,上海市浦东新区崮山路517号,021-58851542,上海市,上海市,浦东新区
上海市,延安中学,上海市延安中学（高中部）,上海市 长宁区,市重点,公办,中学,上海市长宁区茅台路1111号,021-62901188,上海市,上海市,长宁区
上海市,上海市实验学校,上海市实验学校高中（上实）,上海市 浦东新区,市重点,公办,中学,上海市浦东新区东明路300号,021-50866819 50866067,上海市,上海市,浦东新区
上海市,上海市曹杨第二中学,上海市曹杨第二中学（曹杨二中）,上海市 普陀区,市重点,公办,中学,上海市普陀区梅川路160号,021-62548322  62853210 62548645,上海市,上海市,普陀区
四川省,成都市第七中学,成都市第七中学,四川省 成都市 高新区,省重点,公办,中学,四川省高新区剑南大道中段盛安街（高新校区）/林荫中街1号（林荫校区）,028-85483869  028-69152577,四川省,成都市,高新区
四川省,四川绵阳中学,四川绵阳中学,四川省 绵阳市 涪城区,省重点,公办,中学,四川省绵阳市剑门路西段26号,0816-2366440,四川省,绵阳市,涪城区
四川省,成都外国语学校,成都外国语学校,四川省 成都市 高新区,省重点,民办,中学,成都市高新西区百草路东段35号,028-87820768、87822188,四川省,成都市,高新区
四川省,成都树德中学,成都市树德中学（原成都九中）,四川省 成都市 青羊区,省重点,公办,中学,成都市宁夏街树德里４号,028-86697520,四川省,成都市,青羊区
四川省,绵阳东辰国际学校,四川绵阳东辰国际学校（中学部）,四川省 绵阳市 ,市重点,民办,中学,四川省绵阳市科创园区,0816-2324410,四川省,绵阳市,
四川省,成都石室中学,成都市石室中学（文庙校区）,四川省 成都市 青羊区,省重点,公办,中学,四川省成都市青羊区文庙前街93号,028-86119108 028-86139976,四川省,成都市,青羊区
四川省,成都七中嘉祥外国语学校,成都七中嘉祥外国语学校（本部）,四川省 成都市 锦江区,市重点,民办,中学,成都市锦江区晨辉北路6号（金象花园背后）,028-85911236、85913229,四川省,成都市,锦江区
四川省,成都实验外国语学校,成都实验外国语学校,四川省 成都市 温江区,省重点,公办,中学,成都市温江区花都大道东段489号,028-64888999， 64888777,四川省,成都市,温江区
四川省,四川省绵阳南山中学,绵阳南山中学,四川省 绵阳市,省重点,公办,中学,四川省绵阳市南塔路3号,0816-2862314,四川省,绵阳市,
四川省,西南交通大学附属中学,西南交通大学附属中学,四川省 成都市 金牛区,省重点,公办,中学,四川成都市交大路174号,028-87601806,四川省,成都市,金牛区
天津市,天津耀华中学,天津市耀华中学,天津市 和平区,全国重点,公办,中学,天津市和平区南京路106号,022-23394521,天津市,天津市,和平区
天津市,天津南开中学,天津市南开中学,天津市 南开区,全国重点,公办,中学,天津市南开区南开四马路22号,022—27483391,天津市,天津市,南开区
天津市,天津第一中学,天津第一中学（天津一中）,天津市 和平区,市重点,公办,中学,天津市和平区西安道117号,022-23392109,天津市,天津市,和平区
天津市,静海第一中学,天津市静海县第一中学（静海一中）,天津市 静海区,市重点,公办,中学,天津市静海县地纬路中段,022-68600800,天津市,天津市,静海区
天津市,宝坻一中,天津市宝坻区第一中学（宝坻一中）,天津市 宝坻区,市重点,公办,中学,天津市宝坻区海滨街北城路东段1号,022-29228996,天津市,天津市,宝坻区
天津市,蓟县一中,天津市蓟县第一中学（蓟县一中）,天津市,市重点,公办,中学,天津市蓟县迎宾路1号,022-29146214,天津市,,
天津市,天津实验中学,天津市实验中学,天津市 河西区,全国重点,公办,中学,天津市河西区平山道1号,022-23358689,天津市,天津市,河西区
天津市,天津市第二十中学,天津市第二十中学,天津市 和平区,市重点,公办,中学,天津市和平区湖北路59号,022-23391920,天津市,天津市,和平区
天津市,天津市第一百中学,天津市第一百中学,天津市 东丽区,市重点,公办,中学,天津市东丽区先锋路跃进路73号,022-84933657,天津市,天津市,东丽区
天津市,天津新华中学,天津新华中学,天津市 河西区,全国重点,公办,中学,天津市河西区马场道99号,022-23288278,天津市,天津市,河西区
云南省,云南师范大学附属中学,云南师范大学附属中学,云南省 昆明市 ,省重点,公办,中学,云南省昆明市高新开发区洪源路36号,0871-68312226  0871-68313609,云南省,昆明市,
云南省,曲靖市第一中学,曲靖一中,云南省 曲靖市 麒麟区,省重点,公办,中学,云南省曲靖市麒麟区内环东路86号,0874-3122416,云南省,曲靖市,麒麟区
云南省,昆明市第一中学,昆明市第一中学（昆明一中）,云南省 昆明市 五华区,省重点,公办,中学,云南省昆明市五华区西昌路233号,0871-5325970 15887078301,云南省,昆明市,五华区
云南省,玉溪市第一中学,云南省玉溪第一中学（玉溪一中）,云南省 玉溪市 ,省重点,公办,中学,云南省玉溪市太极路21号,0877-2024003  0877-8882095,云南省,玉溪市,
云南省,昆明市第三中学,昆明市第三中学,云南省 昆明市,省重点,公办,中学,云南昆明市书林街131号,（0871）3103131,云南省,昆明市,
云南省,昭通市第一中学,云南省昭通市第一中学（昭通一中）,云南省 昭通市 昭阳区,省重点,公办,中学,云南省昭通市昭阳区学生路181号,0870-2168019,云南省,昭通市,昭阳区
云南省,下关第一中学,下关镇第一中学（下关一中）,云南省 大理 大理市,省重点,公办,中学,云南省大理市下关龙溪路69号,0872—2121847,云南省,大理,大理市
云南省,云天化中学,云天化中学,云南省 昭通市 水富县,省重点,民办,中学,云南省昭通市水富县,0870-8667010,云南省,昭通市,水富县
云南省,云南腾冲县第一中学,云南省腾冲第一中学（腾冲一中）,云南省 保山市 腾冲县,省重点,公办,中学,云南省腾冲县腾越镇山源社区沙家巷小区1号,0875-5131137,云南省,保山市,腾冲县
云南省,临沧市第一中学,临沧市第一中学（临沧市一中）,云南省 临沧市,省重点,公办,中学,云南省临沧市灵山路1号,0883-2123988,云南省,临沧市,
浙江省,宁波镇海中学,宁波市镇海中学,浙江省 宁波市 镇海区,省重点,公办,中学,浙江省宁波市镇海区鼓楼东路32号,0574-86272378,浙江省,宁波市,镇海区
浙江省,杭州市第二中学,杭州二中滨江校区,浙江省 杭州市 滨江区,省重点,公办,中学,浙江省杭州市滨江区东信大道72-76号,0571-86696789  86053053,浙江省,杭州市,滨江区
浙江省,杭州学军中学,杭州市学军中学,浙江省 杭州市 西湖区,省重点,公办,中学,浙江省杭州市文三路188号,0571-88088529  0571-88052280,浙江省,杭州市,西湖区
浙江省,浙江省温州中学,浙江省温州中学,浙江省 温州市 瓯海区,省重点,公办,中学,浙江省温州市瓯海区梧田大道2号,0577-86760802　,浙江省,温州市,瓯海区
浙江省,乐成公立寄宿学校,乐清乐成公立寄宿学校,浙江省 温州市 乐清市,市重点,公办,中学,浙江省温州市乐清市城南街道朋岙村,0577-27882222 27886111 27886101,浙江省,温州市,乐清市
浙江省,杭州外国语学校,杭州市外国语学校,浙江省 杭州市 西湖区,省重点,公办,中学,浙江省杭州市小和山高教园299号,0571-85289110,浙江省,杭州市,西湖区
浙江省,宁波慈溪中学,浙江省慈溪中学,浙江省 宁波市 慈溪市,省重点,公办,中学,浙江省慈溪市浒山镇环城北路110号,0574-63023049,浙江省,宁波市,慈溪市
浙江省,诸暨中学,浙江省绍兴市诸暨中学,浙江省 绍兴市 诸暨市,省重点,公办,中学,浙江省绍兴市诸暨市暨阳路47号,0575-87011543,浙江省,绍兴市,诸暨市
浙江省,余姚中学,宁波市余姚中学,浙江省 宁波市 余姚市,省重点,公办,中学,浙江省余姚市四明西路392号,0574-62720390,浙江省,宁波市,余姚市
浙江省,金华市第一中学,浙江金华第一中学（金华一中）,浙江省 金华市 ,省重点,公办,中学,浙江省金华市金东区光南路1588号,0579-82190728,浙江省,金华市,
重庆市,重庆巴蜀中学,重庆市巴蜀中学,重庆市 渝中区,全国重点,公办,中学,重庆市渝中区北区路51号,023-63002371,重庆市,重庆市,渝中区
重庆市,重庆南开中学,重庆市南开中学,重庆市 沙坪坝区,全国重点,公办,中学,重庆市沙坪坝区沙南街一号,023-65312786,重庆市,重庆市,沙坪坝区
重庆市,重庆市第八中学,重庆市第八中学（重庆八中）,重庆市 沙坪坝区,市重点,公办,中学,重庆市沙坪坝区小龙坎正街96号,023-61703000,重庆市,重庆市,沙坪坝区
重庆市,重庆市第一中学,重庆市第一中学（重庆一中）,重庆市 沙坪坝区,市重点,公办,中学,重庆市沙坪坝区沙南街2号,023-65303495  65307121,重庆市,重庆市,沙坪坝区
重庆市,重庆市育才中学,重庆市育才中学,重庆市 九龙坡区,市重点,公办,中学,重庆市九龙坡区谢家湾正街92号,023-68822468 023-86051188,重庆市,重庆市,九龙坡区
重庆市,西南大学附属中学,西南大学附属中学（西大附中）,重庆市 北碚区,市重点,公办,中学,重庆市北碚区杜家街43号,023-68356002,重庆市,重庆市,北碚区
重庆市,重庆市第十八中学,重庆市第十八中学,重庆市 江北区,市重点,公办,中学,重庆市江北区鲤鱼池120号,023-67728942、67724703,重庆市,重庆市,江北区
重庆市,重庆外国语学校,重庆外国语学校（重庆一外）,重庆市 九龙坡区,市重点,公办,中学,重庆市高新区石桥铺红育坡1号（A区）重庆市九龙园区华龙大道10号（B区）,023-68612896,重庆市,重庆市,九龙坡区
重庆市,重庆市第十一中学,重庆市第十一中学,重庆市 南岸区,市重点,公办,中学,重庆市南岸区弹子石,023-62511889,重庆市,重庆市,南岸区
重庆市,重庆市实验中学,重庆市巴县中学（重庆实验中学）,重庆市 巴南区,市重点,公办,中学,重庆市巴南区鱼洞镇黄溪口18号,（023）66222304 （023）66239113,重庆市,重庆市,巴南区
