集团名称,集团类型,主管机构,牵头单位,成员名称,成员类型,黑色数据来源,成员数据来源,链接,其他备注
东莞中学教育集团,基础教育,广东省，东莞市,东莞中学,南城中学,中学,当地教育厅或政府公告,,,
东莞市第一中学教育集团,基础教育,广东省，东莞市,东莞市第一中学,东莞市中堂镇实验中学,中学,当地教育厅或政府公告,,,
东莞市第一中学教育集团,基础教育,广东省，东莞市,东莞市第一中学,东莞市第十一中学,中学,当地教育厅或政府公告,,,
东莞高级中学教育集团,基础教育,广东省，东莞市,东莞高级中学,东莞市清溪中学,中学,当地教育厅或政府公告,,,
东莞中学松山湖学校教育集团,基础教育,广东省，东莞市,东莞中学松山湖学校,东莞市石排中学,中学,当地教育厅或政府公告,,,
东莞中学松山湖学校教育集团,基础教育,广东省，东莞市,东莞中学松山湖学校,东莞市第十三高级中学,中学,当地教育厅或政府公告,,,
东莞中学松山湖学校教育集团,基础教育,广东省，东莞市,东莞中学松山湖学校,东莞市大朗中学,中学,当地教育厅或政府公告,,,
东莞外国语学校教育集团,基础教育,广东省，东莞市,东莞外国语学校,东莞外国语学校东城分校,中学,当地教育厅或政府公告,,,
东莞外国语学校教育集团,基础教育,广东省，东莞市,东莞外国语学校,东莞市滨海湾外国语学校,中学,当地教育厅或政府公告,,,
东莞外国语学校教育集团,基础教育,广东省，东莞市,东莞外国语学校,东莞市寮步外国语学校,中学,当地教育厅或政府公告,,,
东莞外国语学校教育集团,基础教育,广东省，东莞市,东莞外国语学校,东莞市黄江中学,中学,当地教育厅或政府公告,,,
东莞中学初中部教育集团,基础教育,广东省，东莞市,东莞中学初中部,东莞市麻涌镇古梅第一中学,中学,当地教育厅或政府公告,,,
东莞市可园中学教育集团,基础教育,广东省，东莞市,东莞市可园中学,东莞市洪梅中学,中学,当地教育厅或政府公告,,,
东莞市可园中学教育集团,基础教育,广东省，东莞市,东莞市可园中学,东莞市道滘中学,中学,当地教育厅或政府公告,,,
东莞松山湖未来学校教育集团,基础教育,广东省，东莞市,东莞松山湖未来学校,东莞市松山湖实验中学,中学,当地教育厅或政府公告,,,
东莞松山湖未来学校教育集团,基础教育,广东省，东莞市,东莞松山湖未来学校,东莞松山湖实验小学,小学,当地教育厅或政府公告,,,
东莞松山湖未来学校教育集团,基础教育,广东省，东莞市,东莞松山湖未来学校,东莞市松山湖第一小学,小学,当地教育厅或政府公告,,,
东莞市青少年活动中心教育集团,基础教育,广东省，东莞市,东莞市青少年活动中心,东莞松山湖青少年活动中心,中学,当地教育厅或政府公告,,,
东莞市松山湖实验中学教育集团,基础教育,广东省，东莞市,东莞市松山湖实验中学,东莞市东坑中学,中学,当地教育厅或政府公告,,,
东莞市松山湖实验中学教育集团,基础教育,广东省，东莞市,东莞市松山湖实验中学,东莞市东坑镇第三小学,小学,当地教育厅或政府公告,,,
东莞松山湖无痕教育集团,基础教育,广东省，东莞市,东莞松山湖北区学校,东莞松山湖实验小学,小学,当地教育厅或政府公告,,,
东莞松山湖无痕教育集团,基础教育,广东省，东莞市,东莞松山湖北区学校,东莞市松山湖横沥实验学校,中学,当地教育厅或政府公告,,,
东莞松山湖无痕教育集团,基础教育,广东省，东莞市,东莞松山湖北区学校,东莞市大岭山镇第三小学,小学,当地教育厅或政府公告,,,
东莞市石龙第三中学教育集团,基础教育,广东省，东莞市,东莞市石龙第三中学,东莞市石龙镇中心小学,小学,当地教育厅或政府公告,,,
东莞市石龙第三中学教育集团,基础教育,广东省，东莞市,东莞市石龙第三中学,东莞市石龙镇中心小学西湖学校,小学,当地教育厅或政府公告,,,
东莞市中堂中学教育集团,基础教育,广东省，东莞市,东莞市中堂中学,东莞市中堂镇槎滘小学,小学,当地教育厅或政府公告,,,
东莞市望牛墩中学教育集团,基础教育,广东省，东莞市,东莞市望牛墩中学,东莞市望牛墩镇达贤小学,小学,当地教育厅或政府公告,,,
东莞市石碣袁崇焕中学教育集团,基础教育,广东省，东莞市,东莞市石碣袁崇焕中学,东莞市石碣序伦小学,小学,当地教育厅或政府公告,,,
东莞市石碣中学教育集团,基础教育,广东省，东莞市,东莞市石碣中学,东莞市石碣镇中心小学,小学,当地教育厅或政府公告,,,
东莞市石碣中学教育集团,基础教育,广东省，东莞市,东莞市石碣中学,东莞市石碣文晖学校,中学,当地教育厅或政府公告,,,
东莞市石碣中学教育集团,基础教育,广东省，东莞市,东莞市石碣中学,东莞市石碣佳辉学校,中学,当地教育厅或政府公告,,,
东莞市寮步镇香市中学教育集团,基础教育,广东省，东莞市,东莞市寮步镇香市中学,东莞市寮步镇石龙坑小学,小学,当地教育厅或政府公告,,,
东莞市寮步镇香市中学教育集团,基础教育,广东省，东莞市,东莞市寮步镇香市中学,东莞市寮步华衍学校,中学,当地教育厅或政府公告,,,
东莞市大岭山中学教育集团,基础教育,广东省，东莞市,东莞市大岭山中学,东莞市大岭山镇第二小学,小学,当地教育厅或政府公告,,,
东莞市大岭山中学教育集团,基础教育,广东省，东莞市,东莞市大岭山中学,东莞市大岭山新风中学,中学,当地教育厅或政府公告,,,
东莞市茶山中学教育集团,基础教育,广东省，东莞市,东莞市茶山中学,东莞市茶山镇中心小学,小学,当地教育厅或政府公告,,,
东莞市茶山中学教育集团,基础教育,广东省，东莞市,东莞市茶山中学,东莞市茶山镇第二小学,小学,当地教育厅或政府公告,,,
东莞市茶山中学教育集团,基础教育,广东省，东莞市,东莞市茶山中学,东莞市茶山镇第三小学,小学,当地教育厅或政府公告,,,
东莞市常平镇振兴中学教育集团,基础教育,广东省，东莞市,东莞市常平镇振兴中学,东莞市常平镇司马中学,中学,当地教育厅或政府公告,,,
东莞市常平镇振兴中学教育集团,基础教育,广东省，东莞市,东莞市常平镇振兴中学,东莞市常平镇新城学校,中学,当地教育厅或政府公告,,,
东莞松山湖中心小学教育集团,基础教育,广东省，东莞市,东莞松山湖中心小学,东莞市寮步镇西溪小学,小学,当地教育厅或政府公告,,,
东莞松山湖中心小学教育集团,基础教育,广东省，东莞市,东莞松山湖中心小学,东莞市企石镇江南小学,小学,当地教育厅或政府公告,,,
东莞松山湖中心小学教育集团,基础教育,广东省，东莞市,东莞松山湖中心小学,东莞市大岭山镇实验小学,小学,当地教育厅或政府公告,,,
东莞市莞城中心小学教育集团,基础教育,广东省，东莞市,东莞市莞城中心小学,东莞市莞城和阳小学,小学,当地教育厅或政府公告,,,
东莞市莞城中心小学教育集团,基础教育,广东省，东莞市,东莞市莞城中心小学,揭东区新亨镇硕联小学,小学,当地教育厅或政府公告,,,
东莞市莞城英文实验学校教育集团,基础教育,广东省，东莞市,东莞市莞城英文实验学校,东莞市莞城平乐坊小学,小学,当地教育厅或政府公告,,,
东莞市莞城英文实验学校教育集团,基础教育,广东省，东莞市,东莞市莞城英文实验学校,揭东区龙尾镇龙珠中心小学,小学,当地教育厅或政府公告,,,
东莞市虎门镇中心小学教育集团,基础教育,广东省，东莞市,东莞市虎门镇中心小学,东莞市虎门镇中心小学赤岗分校,小学,当地教育厅或政府公告,,,
东莞市虎门镇中心小学教育集团,基础教育,广东省，东莞市,东莞市虎门镇中心小学,东莞市虎门镇太平小学,小学,当地教育厅或政府公告,,,
东莞市虎门镇东方小学教育集团,基础教育,广东省，东莞市,东莞市虎门镇东方小学,东莞市虎门镇红旗小学,小学,当地教育厅或政府公告,,,
东莞市万江中心小学教育集团,基础教育,广东省，东莞市,东莞市万江中心小学,东莞市万江中心小学滘联校区,小学,当地教育厅或政府公告,,,
东莞市万江中心小学教育集团,基础教育,广东省，东莞市,东莞市万江中心小学,东莞市万江第二小学,小学,当地教育厅或政府公告,,,
东莞市万江中心小学教育集团,基础教育,广东省，东莞市,东莞市万江中心小学,东莞市万江第七小学,小学,当地教育厅或政府公告,,,
东莞市中堂镇中心小学教育集团,基础教育,广东省，东莞市,东莞市中堂镇中心小学,东莞市中堂镇蕉利小学,小学,当地教育厅或政府公告,,,
东莞市高埗镇中心小学教育集团,基础教育,广东省，东莞市,东莞市高埗镇中心小学,东莞市高埗镇冼沙小学,小学,当地教育厅或政府公告,,,
东莞市高埗镇中心小学教育集团,基础教育,广东省，东莞市,东莞市高埗镇中心小学,东莞市高埗镇实验小学,小学,当地教育厅或政府公告,,,
东莞市道滘镇中心小学教育集团,基础教育,广东省，东莞市,东莞市道滘镇中心小学,东莞市道滘镇小河小学,小学,当地教育厅或政府公告,,,
东莞市道滘镇中心小学教育集团,基础教育,广东省，东莞市,东莞市道滘镇中心小学,东莞市道滘镇南城小学,小学,当地教育厅或政府公告,,,
东莞市厚街镇前进小学教育集团,基础教育,广东省，东莞市,东莞市厚街镇前进小学,东莞市厚街镇大迳小学,小学,当地教育厅或政府公告,,,
东莞市厚街镇前进小学教育集团,基础教育,广东省，东莞市,东莞市厚街镇前进小学,韶关市翁源县龙仙第一小学,小学,当地教育厅或政府公告,,,
东莞市长安镇中心小学教育集团,基础教育,广东省，东莞市,东莞市长安镇中心小学,东莞市长安镇厦岗小学,小学,当地教育厅或政府公告,,,
东莞市长安镇中心小学教育集团,基础教育,广东省，东莞市,东莞市长安镇中心小学,东莞市长安镇第二小学,小学,当地教育厅或政府公告,,,
东莞市长安镇中心小学教育集团,基础教育,广东省，东莞市,东莞市长安镇中心小学,韶关乳城镇中心小学,小学,当地教育厅或政府公告,,,
东莞市长安镇中心小学教育集团,基础教育,广东省，东莞市,东莞市长安镇中心小学,韶关桂头镇中心小学,小学,当地教育厅或政府公告,,,
东莞市大朗镇中心小学教育集团,基础教育,广东省，东莞市,东莞市大朗镇中心小学,东莞市大朗镇新民小学,小学,当地教育厅或政府公告,,,
东莞市大朗镇中心小学教育集团,基础教育,广东省，东莞市,东莞市大朗镇中心小学,东莞市大朗镇水口小学,小学,当地教育厅或政府公告,,,
东莞市大朗镇实验小学教育集团,基础教育,广东省，东莞市,东莞市大朗镇实验小学,东莞市大朗镇三星小学,小学,当地教育厅或政府公告,,,
东莞市大朗镇实验小学教育集团,基础教育,广东省，东莞市,东莞市大朗镇实验小学,韶关市乐昌市河南小学,小学,当地教育厅或政府公告,,,
东莞市常平镇第一小学教育集团,基础教育,广东省，东莞市,东莞市常平镇第一小学,东莞市常平镇第三小学,小学,当地教育厅或政府公告,,,
东莞市常平镇第一小学教育集团,基础教育,广东省，东莞市,东莞市常平镇第一小学,韶关市曲江区白土镇中心小学,小学,当地教育厅或政府公告,,,
东莞市桥头镇中心小学教育集团,基础教育,广东省，东莞市,东莞市桥头镇中心小学,东莞市桥头镇第五小学,小学,当地教育厅或政府公告,,,
东莞市桥头镇中心小学教育集团,基础教育,广东省，东莞市,东莞市桥头镇中心小学,普宁市大坪农场梅星小学,小学,当地教育厅或政府公告,,,
东莞市企石镇中心小学教育集团,基础教育,广东省，东莞市,东莞市企石镇中心小学,东莞市企石镇星光小学,小学,当地教育厅或政府公告,,,
东莞市企石镇中心小学教育集团,基础教育,广东省，东莞市,东莞市企石镇中心小学,东莞市企石盛龙小学,小学,当地教育厅或政府公告,,,
东莞市石龙第二中学教育集团,基础教育,广东省，东莞市,东莞市石龙第二中学,东莞市石龙镇爱联学校,中学,当地教育厅或政府公告,,,
东莞市石龙第二中学教育集团,基础教育,广东省，东莞市,东莞市石龙第二中学,东莞市石龙镇实验小学,小学,当地教育厅或政府公告,,,
东莞市石龙第二中学教育集团,基础教育,广东省，东莞市,东莞市石龙第二中学,韶关乐昌市沙坪镇中学,中学,当地教育厅或政府公告,,,
东莞市万江第二中学教育集团,基础教育,广东省，东莞市,东莞市万江第二中学,东莞市万江第一小学,小学,当地教育厅或政府公告,,,
东莞市万江第三中学教育集团,基础教育,广东省，东莞市,东莞市万江第三中学,东莞市万江实验小学,小学,当地教育厅或政府公告,,,
东莞市万江第三中学教育集团,基础教育,广东省，东莞市,东莞市万江第三中学,东莞市万江第三小学,小学,当地教育厅或政府公告,,,
东莞市南城阳光实验中学教育集团,基础教育,广东省，东莞市,东莞市南城阳光实验中学,东莞市南城第一初级中学,中学,当地教育厅或政府公告,,,
东莞市沙田实验中学教育集团,基础教育,广东省，东莞市,东莞市沙田实验中学,东莞市沙田镇中心小学,小学,当地教育厅或政府公告,,,
东莞市沙田实验中学教育集团,基础教育,广东省，东莞市,东莞市沙田实验中学,东莞市沙田镇第三小学,小学,当地教育厅或政府公告,,,
东莞市长安镇实验中学教育集团,基础教育,广东省，东莞市,东莞市长安镇实验中学,韶关市乳源中学,中学,当地教育厅或政府公告,,,
东莞市寮步中学教育集团,基础教育,广东省，东莞市,东莞市寮步中学,韶关市浈江区韶冶实验学校,中学,当地教育厅或政府公告,,,
东莞市寮步中学教育集团,基础教育,广东省，东莞市,东莞市寮步中学,韶关市浈江区犁市大为中学,中学,当地教育厅或政府公告,,,
东莞市莞城实验小学教育集团,基础教育,广东省，东莞市,东莞市莞城实验小学,揭东区第二小学,小学,当地教育厅或政府公告,,,
东莞市莞城建设小学教育集团,基础教育,广东省，东莞市,东莞市莞城建设小学,东莞市莞城运河小学,小学,当地教育厅或政府公告,,,
东莞市莞城步步高小学教育集团,基础教育,广东省，东莞市,东莞市莞城步步高小学,东莞市莞城阮涌小学,小学,当地教育厅或政府公告,,,
东莞市虎门镇怀德小学教育集团,基础教育,广东省，东莞市,东莞市虎门镇怀德小学,韶关市仁化县董塘中心小学,小学,当地教育厅或政府公告,,,
东莞市东城第一小学教育集团,基础教育,广东省，东莞市,东莞市东城第一小学,韶关市新丰县实验小学,小学,当地教育厅或政府公告,,,
东莞市万江第五小学教育集团,基础教育,广东省，东莞市,东莞市万江第五小学,东莞市万江第六小学,小学,当地教育厅或政府公告,,,
东莞市万江第五小学教育集团,基础教育,广东省，东莞市,东莞市万江第五小学,东莞市万江第八小学,小学,当地教育厅或政府公告,,,
东莞市南城西平片区教育集团,基础教育,广东省，东莞市,东莞市南城阳光第八小学,东莞市南城阳光第六小学,小学,当地教育厅或政府公告,,,
东莞市南城西平片区教育集团,基础教育,广东省，东莞市,东莞市南城阳光第八小学,东莞市南城阳光第九小学,小学,当地教育厅或政府公告,,,
东莞市麻涌镇大步实验小学教育集团,基础教育,广东省，东莞市,东莞市麻涌镇大步实验小学,东莞市麻涌镇第三小学,小学,当地教育厅或政府公告,,,
东莞市高埗镇西联小学教育集团,基础教育,广东省，东莞市,东莞市高埗镇西联小学,韶关市武江区田家炳沙湖绿洲小学,小学,当地教育厅或政府公告,,,
东莞市塘厦镇中心小学教育集团,基础教育,广东省，东莞市,东莞市塘厦镇中心小学,东莞市塘厦第二实验小学,小学,当地教育厅或政府公告,,,
东莞市塘厦镇中心小学教育集团,基础教育,广东省，东莞市,东莞市塘厦镇中心小学,韶关市始兴县顿岗镇中心小学,小学,当地教育厅或政府公告,,,
东莞市凤岗镇力行教育集团,基础教育,广东省，东莞市,东莞市凤岗镇镇田小学,东莞市凤岗镇雁田小学,小学,当地教育厅或政府公告,,,
东莞市凤岗镇兴贤教育集团,基础教育,广东省，东莞市,东莞市凤岗镇中心小学,东莞市凤岗镇实验小学,小学,当地教育厅或政府公告,,,
东莞市凤岗镇兴贤教育集团,基础教育,广东省，东莞市,东莞市凤岗镇中心小学,韶关市风度小学,小学,当地教育厅或政府公告,,,
东莞市常平镇中心小学教育集团,基础教育,广东省，东莞市,东莞市常平镇中心小学,东莞市常平镇桥梓小学,小学,当地教育厅或政府公告,,,
东莞市常平镇中心小学教育集团,基础教育,广东省，东莞市,东莞市常平镇中心小学,东莞市常平镇袁山贝小学,小学,当地教育厅或政府公告,,,
东莞市常平实验小学教育集团,基础教育,广东省，东莞市,东莞市常平实验小学,东莞市常平第二小学,小学,当地教育厅或政府公告,,,
东莞市石龙镇中心幼儿园教育集团,基础教育,广东省，东莞市,东莞市石龙镇中心幼儿园,东莞市石龙镇实验幼儿园,幼儿园,当地教育厅或政府公告,,,
东莞市石龙镇中心幼儿园教育集团,基础教育,广东省，东莞市,东莞市石龙镇中心幼儿园,东莞市石龙喜洋洋幼儿园,幼儿园,当地教育厅或政府公告,,,
东莞市石龙镇中心幼儿园教育集团,基础教育,广东省，东莞市,东莞市石龙镇中心幼儿园,东莞市石龙爱苗幼儿园,幼儿园,当地教育厅或政府公告,,,
东莞市石龙镇中心幼儿园教育集团,基础教育,广东省，东莞市,东莞市石龙镇中心幼儿园,东莞市石龙达达英才幼儿园,幼儿园,当地教育厅或政府公告,,,
东莞市石龙镇中心幼儿园教育集团,基础教育,广东省，东莞市,东莞市石龙镇中心幼儿园,东莞市石龙小明星幼儿园,幼儿园,当地教育厅或政府公告,,,
东莞市东城中心幼儿园教育集团,基础教育,广东省，东莞市,东莞市东城中心幼儿园,东莞市东城第三幼儿园,幼儿园,当地教育厅或政府公告,,,
东莞市万江中心幼儿园教育集团,基础教育,广东省，东莞市,东莞市万江中心幼儿园,东莞市万江金泰幼儿园,幼儿园,当地教育厅或政府公告,,,
东莞市万江中心幼儿园教育集团,基础教育,广东省，东莞市,东莞市万江中心幼儿园,东莞市万江谷涌幼儿园,幼儿园,当地教育厅或政府公告,,,
东莞市南城中心幼儿园幼教集团,基础教育,广东省，东莞市,东莞市南城中心幼儿园,东莞市南城第一幼儿园,幼儿园,当地教育厅或政府公告,,,
东莞市南城中心幼儿园幼教集团,基础教育,广东省，东莞市,东莞市南城中心幼儿园,东莞市南城第二幼儿园,幼儿园,当地教育厅或政府公告,,,
东莞市望牛墩镇中心幼儿园教育集团,基础教育,广东省，东莞市,东莞市望牛墩镇中心幼儿园,东莞市望牛墩镇第三幼儿园,幼儿园,当地教育厅或政府公告,,,
东莞市石碣镇中心幼儿园教育集团,基础教育,广东省，东莞市,东莞市石碣镇中心幼儿园,东莞市石碣镇实验幼儿园,幼儿园,当地教育厅或政府公告,,,
东莞市石碣镇中心幼儿园教育集团,基础教育,广东省，东莞市,东莞市石碣镇中心幼儿园,东莞市石碣小状元幼儿园,幼儿园,当地教育厅或政府公告,,,
东莞市石碣镇中心幼儿园教育集团,基础教育,广东省，东莞市,东莞市石碣镇中心幼儿园,东莞市石碣新天天幼儿园,幼儿园,当地教育厅或政府公告,,,
东莞市道滘镇中心幼儿园教育集团,基础教育,广东省，东莞市,东莞市道滘镇中心幼儿园,东莞市道滘镇永庆幼儿园,幼儿园,当地教育厅或政府公告,,,
东莞市道滘镇中心幼儿园教育集团,基础教育,广东省，东莞市,东莞市道滘镇中心幼儿园,东莞市道滘博雅东方幼儿园,幼儿园,当地教育厅或政府公告,,,
东莞市道滘镇中心幼儿园教育集团,基础教育,广东省，东莞市,东莞市道滘镇中心幼儿园,东莞市道滘新城幼儿园,幼儿园,当地教育厅或政府公告,,,
东莞市道滘镇中心幼儿园教育集团,基础教育,广东省，东莞市,东莞市道滘镇中心幼儿园,东莞市道滘镇昌平幼儿园,幼儿园,当地教育厅或政府公告,,,
东莞市道滘镇济川幼儿园教育集团,基础教育,广东省，东莞市,东莞市道滘镇济川幼儿园,东莞市道滘镇闸口幼儿园,幼儿园,当地教育厅或政府公告,,,
东莞市道滘镇济川幼儿园教育集团,基础教育,广东省，东莞市,东莞市道滘镇济川幼儿园,东莞市道滘太阳光幼儿园,幼儿园,当地教育厅或政府公告,,,
东莞市道滘镇济川幼儿园教育集团,基础教育,广东省，东莞市,东莞市道滘镇济川幼儿园,东莞市道滘大罗沙幼儿园,幼儿园,当地教育厅或政府公告,,,
东莞市道滘镇济川幼儿园教育集团,基础教育,广东省，东莞市,东莞市道滘镇济川幼儿园,东莞市道滘贝比兔幼儿园,幼儿园,当地教育厅或政府公告,,,
东莞市长安镇中心幼儿园教育集团,基础教育,广东省，东莞市,东莞市长安镇中心幼儿园,东莞市长安镇实验幼儿园,幼儿园,当地教育厅或政府公告,,,
东莞市长安镇中心幼儿园教育集团,基础教育,广东省，东莞市,东莞市长安镇中心幼儿园,东莞市长安镇乌沙幼儿园,幼儿园,当地教育厅或政府公告,,,
东莞市樟木头镇蓓蕾幼儿园教育集团,基础教育,广东省，东莞市,东莞市樟木头镇蓓蕾幼儿园,东莞市樟木头镇第一幼儿园,幼儿园,当地教育厅或政府公告,,,
东莞市樟木头镇蓓蕾幼儿园教育集团,基础教育,广东省，东莞市,东莞市樟木头镇蓓蕾幼儿园,东莞市樟木头新城市幼儿园,幼儿园,当地教育厅或政府公告,,,
东莞市塘厦镇第一幼儿园教育集团,基础教育,广东省，东莞市,东莞市塘厦镇第一幼儿园,东莞市塘厦镇清湖头幼儿园,幼儿园,当地教育厅或政府公告,,,
东莞市塘厦镇第一幼儿园教育集团,基础教育,广东省，东莞市,东莞市塘厦镇第一幼儿园,东莞市塘厦东东幼儿园,幼儿园,当地教育厅或政府公告,,,
东莞市塘厦镇第一幼儿园教育集团,基础教育,广东省，东莞市,东莞市塘厦镇第一幼儿园,东莞市塘厦新东方幼儿园,幼儿园,当地教育厅或政府公告,,,
东莞市塘厦镇第一幼儿园教育集团,基础教育,广东省，东莞市,东莞市塘厦镇第一幼儿园,东莞市塘厦美心幼儿园,幼儿园,当地教育厅或政府公告,,,
东莞市凤岗镇中心幼儿园教育集团,基础教育,广东省，东莞市,东莞市凤岗镇中心幼儿园,东莞市凤岗镇第一幼儿园,幼儿园,当地教育厅或政府公告,,,
丹东市实验小学教育集团,基础教育,辽宁省，丹东市,,,小学,当地教育厅或政府公告,,,
丹东三幼教育集团,基础教育,辽宁省，丹东市,,,幼儿园,当地教育厅或政府公告,,,
丹东五中教育集团,基础教育,辽宁省，丹东市,,,初中,当地教育厅或政府公告,,,
丹东六中教育集团,基础教育,辽宁省，丹东市,,,初中,当地教育厅或政府公告,,,
丹东十三中教育集团,基础教育,辽宁省，丹东市,,,初中,当地教育厅或政府公告,,,
丹东十七中教育集团,基础教育,辽宁省，丹东市,,,初中,当地教育厅或政府公告,,,
丹东十九中教育集团,基础教育,辽宁省，丹东市,,,初中,当地教育厅或政府公告,,,
丹东一中教育集团,基础教育,辽宁省，丹东市,,,高中,当地教育厅或政府公告,,,
丹东二中教育集团,基础教育,辽宁省，丹东市,,,高中,当地教育厅或政府公告,,,
丹东四中教育集团,基础教育,辽宁省，丹东市,,,高中,当地教育厅或政府公告,,,
丹东朝中教育集团,基础教育,辽宁省，丹东市,,,中学,当地教育厅或政府公告,,,
临安区天目学前教育集团,基础教育,浙江省，杭州市,,锦城中心幼儿园本部园区,幼儿园,当地教育厅或政府公告,,,
临安区天目学前教育集团,基础教育,浙江省，杭州市,,锦城中心幼儿园春天园区,幼儿园,当地教育厅或政府公告,,,
临安区锦城街道学前教育集团,基础教育,浙江省，杭州市,,锦城街道中心幼儿园本部园区,幼儿园,当地教育厅或政府公告,,,
临安区锦城街道学前教育集团,基础教育,浙江省，杭州市,,锦城街道中心幼儿园临安人家园区,幼儿园,当地教育厅或政府公告,,,
临安区锦城街道学前教育集团,基础教育,浙江省，杭州市,,锦城街道中心幼儿园公园城园区,幼儿园,当地教育厅或政府公告,,,
临安区锦城街道新城学前教育集团,基础教育,浙江省，杭州市,,锦城街道新城幼儿园本部园区,幼儿园,当地教育厅或政府公告,,,
临安区锦城街道新城学前教育集团,基础教育,浙江省，杭州市,,锦城街道新城幼儿园优樾府园区,幼儿园,当地教育厅或政府公告,,,
临安区锦北街道学前教育集团,基础教育,浙江省，杭州市,,锦北街道中心幼儿园本部园区,幼儿园,当地教育厅或政府公告,,,
临安区锦北街道学前教育集团,基础教育,浙江省，杭州市,,锦北街道中心幼儿园吴越人家园区,幼儿园,当地教育厅或政府公告,,,
临安区锦北街道学前教育集团,基础教育,浙江省，杭州市,,锦北街道中心幼儿园潘山园区,幼儿园,当地教育厅或政府公告,,,
临安区锦北街道学前教育集团,基础教育,浙江省，杭州市,,锦北街道中心幼儿园清煦里园区,幼儿园,当地教育厅或政府公告,,,
临安区锦北街道马溪学前教育集团,基础教育,浙江省，杭州市,,锦北街道马溪幼儿园本部园区,幼儿园,当地教育厅或政府公告,,,
临安区锦北街道马溪学前教育集团,基础教育,浙江省，杭州市,,锦北街道马溪幼儿园苕溪园区,幼儿园,当地教育厅或政府公告,,,
临安区锦北街道马溪学前教育集团,基础教育,浙江省，杭州市,,锦北街道马溪幼儿园宝龙园区,幼儿园,当地教育厅或政府公告,,,
临安区锦南街道学前教育集团,基础教育,浙江省，杭州市,,锦南街道中心幼儿园御城园区,幼儿园,当地教育厅或政府公告,,,
临安区锦南街道学前教育集团,基础教育,浙江省，杭州市,,锦南街道中心幼儿园上畔园区,幼儿园,当地教育厅或政府公告,,,
临安区锦南街道学前教育集团,基础教育,浙江省，杭州市,,锦南街道中心幼儿园吴越府园区,幼儿园,当地教育厅或政府公告,,,
临安区玲珑街道学前教育集团,基础教育,浙江省，杭州市,,玲珑街道中心幼儿园本部园区,幼儿园,当地教育厅或政府公告,,,
临安区玲珑街道学前教育集团,基础教育,浙江省，杭州市,,玲珑街道中心幼儿园高坎园区,幼儿园,当地教育厅或政府公告,,,
临安区玲珑街道学前教育集团,基础教育,浙江省，杭州市,,玲珑街道中心幼儿园夏禹桥园区,幼儿园,当地教育厅或政府公告,,,
临安区玲珑街道学前教育集团,基础教育,浙江省，杭州市,,玲珑街道中心幼儿园大山园区,幼儿园,当地教育厅或政府公告,,,
临安区玲珑街道启恒学前教育集团,基础教育,浙江省，杭州市,,玲珑街道启恒幼儿园本部园区国,幼儿园,当地教育厅或政府公告,,,
临安区玲珑街道启恒学前教育集团,基础教育,浙江省，杭州市,,玲珑街道启恒幼儿园左邻右里园区,幼儿园,当地教育厅或政府公告,,,
临安区玲珑街道启恒学前教育集团,基础教育,浙江省，杭州市,,玲珑街道启恒幼儿园文景园区,幼儿园,当地教育厅或政府公告,,,
临安区青山湖街道学前教育集团,基础教育,浙江省，杭州市,,青山湖街道中心幼儿园本部园区,幼儿园,当地教育厅或政府公告,,,
临安区青山湖街道学前教育集团,基础教育,浙江省，杭州市,,青山湖街道中心幼儿园大园新城园区,幼儿园,当地教育厅或政府公告,,,
临安区青山湖街道学前教育集团,基础教育,浙江省，杭州市,,青山湖街道中心幼儿园杭氧和院园区,幼儿园,当地教育厅或政府公告,,,
临安区青山湖街道星汇学前教育集团,基础教育,浙江省，杭州市,,青山湖街道星汇幼儿园本部园区,幼儿园,当地教育厅或政府公告,,,
临安区青山湖街道星汇学前教育集团,基础教育,浙江省，杭州市,,青山湖街道星汇幼儿园中天珺府园区,幼儿园,当地教育厅或政府公告,,,
临安区青山湖街道横畈学前教育集团,基础教育,浙江省，杭州市,,青山湖街道横畈幼儿园本部园区,幼儿园,当地教育厅或政府公告,,,
临安区青山湖街道横畈学前教育集团,基础教育,浙江省，杭州市,,青山湖街道横畈幼儿园潘洪园区,幼儿园,当地教育厅或政府公告,,,
临安区青山湖街道横畈学前教育集团,基础教育,浙江省，杭州市,,青山湖街道横畈幼儿园庆北园区,幼儿园,当地教育厅或政府公告,,,
临安区太湖源镇学前教育集团,基础教育,浙江省，杭州市,,太湖源镇中心幼儿园本部园区,幼儿园,当地教育厅或政府公告,,,
临安区太湖源镇学前教育集团,基础教育,浙江省，杭州市,,太湖源镇中心幼儿园临目教学点,幼儿园,当地教育厅或政府公告,,,
临安区太湖源镇学前教育集团,基础教育,浙江省，杭州市,,太湖源镇中心幼儿园杨岭园区,幼儿园,当地教育厅或政府公告,,,
临安区板桥镇学前教育集团,基础教育,浙江省，杭州市,,板桥镇中心幼儿园本部园区,幼儿园,当地教育厅或政府公告,,,
临安区板桥镇学前教育集团,基础教育,浙江省，杭州市,,板桥镇中心幼儿园三口园区,幼儿园,当地教育厅或政府公告,,,
临安区高虹镇学前教育集团,基础教育,浙江省，杭州市,,高虹镇中心幼儿园福胜园区,幼儿园,当地教育厅或政府公告,,,
临安区高虹镇学前教育集团,基础教育,浙江省，杭州市,,高虹镇中心幼儿园德胜园区,幼儿园,当地教育厅或政府公告,,,
临安区高虹镇学前教育集团,基础教育,浙江省，杭州市,,高虹镇中心幼儿园高乐园区,幼儿园,当地教育厅或政府公告,,,
临安区於潜镇学前教育集团,基础教育,浙江省，杭州市,,於潜镇中心幼儿园本部园区,幼儿园,当地教育厅或政府公告,,,
临安区於潜镇学前教育集团,基础教育,浙江省，杭州市,,於潜镇中心幼儿园方元园区,幼儿园,当地教育厅或政府公告,,,
临安区於潜镇学前教育集团,基础教育,浙江省，杭州市,,於潜镇中心幼儿园绍鲁园区,幼儿园,当地教育厅或政府公告,,,
临安区於潜镇学前教育集团,基础教育,浙江省，杭州市,,於潜镇中心幼儿园凌口园区,幼儿园,当地教育厅或政府公告,,,
临安区於潜镇学前教育集团,基础教育,浙江省，杭州市,,於潜镇中心幼儿园堰口教学点,幼儿园,当地教育厅或政府公告,,,
临安区於潜镇学前教育集团,基础教育,浙江省，杭州市,,於潜镇中心幼儿园潜阳园区,幼儿园,当地教育厅或政府公告,,,
临安区潜川镇学前教育集团,基础教育,浙江省，杭州市,,潜川镇中心幼儿园本部园区,幼儿园,当地教育厅或政府公告,,,
临安区潜川镇学前教育集团,基础教育,浙江省，杭州市,,潜川镇中心幼儿园乐平园区,幼儿园,当地教育厅或政府公告,,,
临安区太阳镇学前教育集团,基础教育,浙江省，杭州市,,太阳镇中心幼儿园本部园区,幼儿园,当地教育厅或政府公告,,,
临安区太阳镇学前教育集团,基础教育,浙江省，杭州市,,太阳镇中心幼儿园横路园区,幼儿园,当地教育厅或政府公告,,,
临安区太阳镇学前教育集团,基础教育,浙江省，杭州市,,太阳镇中心幼儿园景村园区,幼儿园,当地教育厅或政府公告,,,
临安区天目山镇学前教育集团,基础教育,浙江省，杭州市,,天目山镇中心幼儿园藻溪园区,幼儿园,当地教育厅或政府公告,,,
临安区天目山镇学前教育集团,基础教育,浙江省，杭州市,,天目山镇中心幼儿园西天目园区,幼儿园,当地教育厅或政府公告,,,
临安区昌化镇学前教育集团,基础教育,浙江省，杭州市,,昌化镇中心幼儿园本部园区,幼儿园,当地教育厅或政府公告,,,
临安区昌化镇学前教育集团,基础教育,浙江省，杭州市,,昌化镇中心幼儿园西街园区,幼儿园,当地教育厅或政府公告,,,
临安区昌化镇学前教育集团,基础教育,浙江省，杭州市,,昌化镇中心幼儿园东街园区,幼儿园,当地教育厅或政府公告,,,
临安区昌化镇学前教育集团,基础教育,浙江省，杭州市,,昌化镇中心幼儿园白牛园区,幼儿园,当地教育厅或政府公告,,,
临安区河桥镇学前教育集团,基础教育,浙江省，杭州市,,河桥镇中心幼儿园本部园区,幼儿园,当地教育厅或政府公告,,,
临安区河桥镇学前教育集团,基础教育,浙江省，杭州市,,河桥镇中心幼儿园石瑞教学点,幼儿园,当地教育厅或政府公告,,,
临安区湍口镇学前教育集团,基础教育,浙江省，杭州市,,湍口镇中心幼儿园本部园区,幼儿园,当地教育厅或政府公告,,,
临安区湍口镇学前教育集团,基础教育,浙江省，杭州市,,湍口镇中心幼儿园洪岭教学点,幼儿园,当地教育厅或政府公告,,,
临安区龙岗镇学前教育集团,基础教育,浙江省，杭州市,,龙岗镇中心幼儿园本部园区,幼儿园,当地教育厅或政府公告,,,
临安区龙岗镇学前教育集团,基础教育,浙江省，杭州市,,龙岗镇中心幼儿园大峡谷教学点,幼儿园,当地教育厅或政府公告,,,
临安区龙岗镇学前教育集团,基础教育,浙江省，杭州市,,龙岗镇中心幼儿园上溪园区,幼儿园,当地教育厅或政府公告,,,
临安区清凉峰镇学前教育集团,基础教育,浙江省，杭州市,,清凉峰镇中心幼儿园本部园区,幼儿园,当地教育厅或政府公告,,,
临安区清凉峰镇学前教育集团,基础教育,浙江省，杭州市,,清凉峰镇中心幼儿园马啸园区,幼儿园,当地教育厅或政府公告,,,
临安区岛石镇学前教育集团,基础教育,浙江省，杭州市,,岛石镇中心幼儿园本部园区,幼儿园,当地教育厅或政府公告,,,
临安区岛石镇学前教育集团,基础教育,浙江省，杭州市,,岛石镇中心幼儿园呼日教学点,幼儿园,当地教育厅或政府公告,,,
临安区岛石镇学前教育集团,基础教育,浙江省，杭州市,,岛石镇中心幼儿园仁里教学点,幼儿园,当地教育厅或政府公告,,,
临安区天阳学前教育集团,基础教育,浙江省，杭州市,,天阳幼儿园幼儿部,幼儿园,当地教育厅或政府公告,,,
临安区天阳学前教育集团,基础教育,浙江省，杭州市,,天阳幼儿园娃娃部,幼儿园,当地教育厅或政府公告,,,
临安区江南学前教育集团,基础教育,浙江省，杭州市,,江南幼儿园江南园区,幼儿园,当地教育厅或政府公告,,,
临安区江南学前教育集团,基础教育,浙江省，杭州市,,江南幼儿园锦绣科技园区,幼儿园,当地教育厅或政府公告,,,
临安区锦都学前教育集团,基础教育,浙江省，杭州市,,锦都嘉园幼儿园,幼儿园,当地教育厅或政府公告,,,
临安区锦都学前教育集团,基础教育,浙江省，杭州市,,大风车幼儿园,幼儿园,当地教育厅或政府公告,,,
临安区七色花学前教育集团,基础教育,浙江省，杭州市,,七色花幼儿园,幼儿园,当地教育厅或政府公告,,,
临安区七色花学前教育集团,基础教育,浙江省，杭州市,,西墅幼儿园,幼儿园,当地教育厅或政府公告,,,
临安区烽晟学前教育集团,基础教育,浙江省，杭州市,,吉的堡幼儿园,幼儿园,当地教育厅或政府公告,,,
临安区烽晟学前教育集团,基础教育,浙江省，杭州市,,钱王幼儿园,幼儿园,当地教育厅或政府公告,,,
临安区烽晟学前教育集团,基础教育,浙江省，杭州市,,贝多芬幼儿园,幼儿园,当地教育厅或政府公告,,,
临安区烽晟学前教育集团,基础教育,浙江省，杭州市,,燕东园幼儿园,幼儿园,当地教育厅或政府公告,,,
临安区烽晟学前教育集团,基础教育,浙江省，杭州市,,烽晟幼儿园,幼儿园,当地教育厅或政府公告,,,
临安区ABC学前教育集团,基础教育,浙江省，杭州市,,ABC幼儿园本部园区,幼儿园,当地教育厅或政府公告,,,
临安区ABC学前教育集团,基础教育,浙江省，杭州市,,ABC幼儿园横街园区,幼儿园,当地教育厅或政府公告,,,
临安区启星学前教育集团,基础教育,浙江省，杭州市,,石镜幼儿园,幼儿园,当地教育厅或政府公告,,,
临安区启星学前教育集团,基础教育,浙江省，杭州市,,筑境花园幼儿园,幼儿园,当地教育厅或政府公告,,,
广州二中教育集团,基础教育,广东省，广州市,,,,当地教育厅或政府公告,,,
广州实验教育集团,基础教育,广东省，广州市,,,,当地教育厅或政府公告,,,
广州市海珠区第二实验小学教育集团,基础教育,广东省，广州市,,,,当地教育厅或政府公告,,,
广铁一中教育集团,基础教育,广东省，广州市,,,,当地教育厅或政府公告,,,
广州体育东教育集团,基础教育,广东省，广州市,,,,当地教育厅或政府公告,,,
广州中学教育集团,基础教育,广东省，广州市,,,,当地教育厅或政府公告,,,
广东番禺中学教育集团,基础教育,广东省，广州市,,,,当地教育厅或政府公告,,,
广州执信中学教育集团,基础教育,广东省，广州市,,,,当地教育厅或政府公告,,,
广州华阳教育集团,基础教育,广东省，广州市,,,,当地教育厅或政府公告,,,
广州培英教育集团,基础教育,广东省，广州市,,,,当地教育厅或政府公告,,,
广东广雅教育集团,基础教育,广东省，广州市,,,,当地教育厅或政府公告,,,
广州幼师学前教育集团,基础教育,广东省，广州市,,,,当地教育厅或政府公告,,,
广州外国语学校教育集团,基础教育,广东省，广州市,,,,当地教育厅或政府公告,,,
广东仲元中学教育集团,基础教育,广东省，广州市,,,,当地教育厅或政府公告,,,
广州市真光教育集团,基础教育,广东省，广州市,,,,当地教育厅或政府公告,,,
广州五中教育集团,基础教育,广东省，广州市,,,,当地教育厅或政府公告,,,
广州市玉岩教育集团,基础教育,广东省，广州市,,,,当地教育厅或政府公告,,,
广州十六中教育集团,基础教育,广东省，广州市,,,,当地教育厅或政府公告,,,
广州市南沙区南沙小学教育集团,基础教育,广东省，广州市,,,,当地教育厅或政府公告,,,
广州市南武教育集团,基础教育,广东省，广州市,,,,当地教育厅或政府公告,,,
广州一中教育集团,基础教育,广东省，广州市,,,,当地教育厅或政府公告,,,
广州市南海中学教育集团,基础教育,广东省，广州市,,,,当地教育厅或政府公告,,,
深圳市宝安中学（集团）,基础教育,广东省，深圳市,,,,当地教育厅或政府公告,,,
深圳高级中学（集团）,基础教育,广东省，深圳市,,,,当地教育厅或政府公告,,,
深圳市南山外国语学校（集团）,基础教育,广东省，深圳市,,,,当地教育厅或政府公告,,,
深圳市蛇口育才教育集团,基础教育,广东省，深圳市,,,,当地教育厅或政府公告,,,
深圳市南山实验教育集团,基础教育,广东省，深圳市,,,,当地教育厅或政府公告,,,
深圳市福田区红岭中学（红岭教育集团）,基础教育,广东省，深圳市,,,,当地教育厅或政府公告,,,
深圳市南山区第二外国语学校（集团）,基础教育,广东省，深圳市,,,,当地教育厅或政府公告,,,
深圳市福田区荔园小学（荔园教育集团）,基础教育,广东省，深圳市,,,,当地教育厅或政府公告,,,
深圳市福田区实验教育集团,基础教育,广东省，深圳市,,,,当地教育厅或政府公告,,,
深圳大学附属教育集团,基础教育,广东省，深圳市,,,,当地教育厅或政府公告,,,
深圳市新安中学（集团）,基础教育,广东省，深圳市,,,,当地教育厅或政府公告,,,
深圳市宝安幼教集团,基础教育,广东省，深圳市,,,,当地教育厅或政府公告,,,
深圳市螺岭教育集团,基础教育,广东省，深圳市,,,,当地教育厅或政府公告,,,
深圳市龙岗区外国语学校（集团）,基础教育,广东省，深圳市,,,,当地教育厅或政府公告,,,
深圳市罗湖区教工幼教集团,基础教育,广东省，深圳市,,,,当地教育厅或政府公告,,,
深圳市罗湖区清秀幼教集团,基础教育,广东省，深圳市,,,,当地教育厅或政府公告,,,
深圳市龙华区民治中学教育集团,基础教育,广东省，深圳市,,,,当地教育厅或政府公告,,,
南方科技大学教育集团（南山）,基础教育,广东省,,,,当地教育厅或政府公告,,,
汕头经济特区中心幼儿园幼教集团,基础教育,广东省，汕头市,,,,当地教育厅或政府公告,,,
汕头市东厦小学教育集团,基础教育,广东省，汕头市,,,,当地教育厅或政府公告,,,
汕头市龙湖区金阳学校教育集团,基础教育,广东省，汕头市,,,,当地教育厅或政府公告,,,
汕头经济特区林百欣中学教育集团,基础教育,广东省，汕头市,,,,当地教育厅或政府公告,,,
佛山石门教育集团,基础教育,广东省，佛山市,,,,当地教育厅或政府公告,,,
佛山市南海区狮山高级中学体育特色教育集团,基础教育,广东省，佛山市,,,,当地教育厅或政府公告,,,
佛山市南海区大沥教育集团,基础教育,广东省，佛山市,,,,当地教育厅或政府公告,,,
佛山市顺德区西山教育集团,基础教育,广东省，佛山市,,,,当地教育厅或政府公告,,,
佛山市禅城区明珠幼儿园教育集团,基础教育,广东省，佛山市,,,,当地教育厅或政府公告,,,
佛山市南海区西樵镇中心幼儿园教育集团,基础教育,广东省，佛山市,,,,当地教育厅或政府公告,,,
顺德一中教育集团,基础教育,广东省,,,,当地教育厅或政府公告,,,
惠州市机关第一幼儿园教育集团,基础教育,广东省，惠州市,,,,当地教育厅或政府公告,,,
东莞松山湖中心小学教育集团,基础教育,广东省，东莞市,,,,当地教育厅或政府公告,,,
东莞中学教育集团,基础教育,广东省，东莞市,,,,当地教育厅或政府公告,,,
东莞市莞城中心小学教育集团,基础教育,广东省，东莞市,,,,当地教育厅或政府公告,,,
东莞中学初中部教育集团,基础教育,广东省，东莞市,,,,当地教育厅或政府公告,,,
东莞市厚街镇前进小学教育集团,基础教育,广东省，东莞市,,,,当地教育厅或政府公告,,,
东莞市松山湖无痕教育集团,基础教育,广东省，东莞市,,,,当地教育厅或政府公告,,,
东莞中学松山湖学校教育集团,基础教育,广东省，东莞市,,,,当地教育厅或政府公告,,,
东莞市茶山中学教育集团,基础教育,广东省，东莞市,,,,当地教育厅或政府公告,,,
东莞市可园中学教育集团,基础教育,广东省，东莞市,,,,当地教育厅或政府公告,,,
中山一中教育集团,基础教育,广东省，中山市,,,,当地教育厅或政府公告,,,
台山市第一中学教育集团,基础教育,广东省，台中市,,,,当地教育厅或政府公告,,,
江门市范罗冈小学教育集团,基础教育,广东省，江门市,,,,当地教育厅或政府公告,,,
江门市紫茶小学教育集团,基础教育,广东省，江门市,,,,当地教育厅或政府公告,,,
江门市新会圭峰小学教育集团,基础教育,广东省，江门市,,,,当地教育厅或政府公告,,,
江门市第一幼儿园教育集团,基础教育,广东省，江门市,,,,当地教育厅或政府公告,,,
广东肇庆中学教育集团,基础教育,广东省，肇庆市,,,,当地教育厅或政府公告,,,
肇庆第十六小学教育集团,基础教育,广东省，肇庆市,,,,当地教育厅或政府公告,,,
肇庆奥威斯实验小学教育集团,基础教育,广东省，肇庆市,,,,当地教育厅或政府公告,,,
肇庆市第一中学教育集团,基础教育,广东省，肇庆市,,,,当地教育厅或政府公告,,,
韩山师范学院实验学校教育集团,基础教育,广东省,,,,当地教育厅或政府公告,,,
广东实验中学教育集团,基础教育,广东省,,,,当地教育厅或政府公告,,,
广州市南沙区金隆小学教育集团,基础教育,广东省，广州市,,,,当地教育厅或政府公告,,,
广州市黄埔区怡园教育集团,基础教育,广东省，广州市,,,,当地教育厅或政府公告,,,
广州市增城区诚善教育集团,基础教育,广东省，广州市,,,,当地教育厅或政府公告,,,
广州市第七中学教育集团,基础教育,广东省，广州市,,,,当地教育厅或政府公告,,,
广大附中教育集团,基础教育,广东省，广州市,,,,当地教育厅或政府公告,,,
广州六中教育集团,基础教育,广东省，广州市,,,,当地教育厅或政府公告,,,
广州市六十五中教育集团,基础教育,广东省，广州市,,,,当地教育厅或政府公告,,,
广州市天河外国语教育集团,基础教育,广东省，广州市,,,,当地教育厅或政府公告,,,
广州市第八十六中学教育集团,基础教育,广东省，广州市,,,,当地教育厅或政府公告,,,
培正教育集团,基础教育,广东省,,,,当地教育厅或政府公告,,,
广州市花都区秀全中学教育集团,基础教育,广东省，广州市,,,,当地教育厅或政府公告,,,
广州四中教育集团,基础教育,广东省，广州市,,,,当地教育厅或政府公告,,,
西外教育集团,基础教育,广东省,,,,当地教育厅或政府公告,,,
广东第二师范学院实验教育集团,基础教育,广东省,,,,当地教育厅或政府公告,,,
深圳市坪山区第一幼教集团,基础教育,广东省，深圳市,,,,当地教育厅或政府公告,,,
珠海市第一中学教育集团,基础教育,广东省，珠海市,,,,当地教育厅或政府公告,,,
汕头市龙湖区金珠小学教育集团,基础教育,广东省，汕头市,,,,当地教育厅或政府公告,,,
佛山市南海区桂城学前教育集团,基础教育,广东省，佛山市,,,,当地教育厅或政府公告,,,
始兴县实验小学教育集团,基础教育,广东省,,,,当地教育厅或政府公告,,,
河源市第三小学教育集团,基础教育,广东省，河源市,,,,当地教育厅或政府公告,,,
兴宁市第一中学教育集团,基础教育,广东省，兴宁市,,,,当地教育厅或政府公告,,,
东莞市大朗镇中心小学教育集团,基础教育,广东省，东莞市,,,,当地教育厅或政府公告,,,
中山市华侨中学教育集团,基础教育,广东省，中山市,,,,当地教育厅或政府公告,,,
鹤山市沙坪街道第一小学教育集团,基础教育,广东省，鹤山市,,,,当地教育厅或政府公告,,,
湛江二中教育集团,基础教育,广东省，湛江市,,,,当地教育厅或政府公告,,,
茂名市愉园教育集团,基础教育,广东省,,,,当地教育厅或政府公告,,,
肇庆实验幼儿园教育集团,基础教育,广东省，肇庆市,,,,当地教育厅或政府公告,,,
揭阳岐山教育集团,基础教育,广东省，揭阳市,,,,当地教育厅或政府公告,,,
深圳市龙华区实验幼教集团,基础教育,广东省，深圳市,,,,当地教育厅或政府公告,,,
汕头市龙湖区金涛小学教育集团,基础教育,广东省，汕头市,,,,当地教育厅或政府公告,,,
佛山市南海区西樵镇飞鸿教育集团,基础教育,广东省，佛山市,,,,当地教育厅或政府公告,,,
兴宁市实验学校教育集团,基础教育,广东省，兴宁市,,,,当地教育厅或政府公告,,,
东莞市松山湖实验中学教育集团,基础教育,广东省，东莞市,,,,当地教育厅或政府公告,,,
江门市江华小学教育集团,基础教育,广东省，江门市,,,,当地教育厅或政府公告,,,
高州附一小教育集团,基础教育,广东省,,,,当地教育厅或政府公告,,,
肇庆市第十五小学教育集团,基础教育,广东省，肇庆市,,,,当地教育厅或政府公告,,,
深圳市龙华区教科院幼教集团,基础教育,广东省，深圳市,,,,当地教育厅或政府公告,,,
汕头市下蓬中学教育集团,基础教育,广东省，汕头市,,,,当地教育厅或政府公告,,,
佛山市南海区九江镇中教育集团,基础教育,广东省，佛山市,,,,当地教育厅或政府公告,,,
东莞市常平镇振兴中学教育集团,基础教育,广东省，东莞市,,,,当地教育厅或政府公告,,,
台山市台城第二小学教育集团,基础教育,广东省，台山市,,,,当地教育厅或政府公告,,,
怀集县实验小学教育集团,基础教育,广东省,,,,当地教育厅或政府公告,,,
深圳市罗湖区托幼幼教集团,基础教育,广东省，深圳市,,,,当地教育厅或政府公告,,,
广东第二师范学院龙湖附属中学教育集团,基础教育,广东省,,,,当地教育厅或政府公告,,,
佛山市南海区艺术高中美育特色教育集团,基础教育,广东省，佛山市,,,,当地教育厅或政府公告,,,
东莞市第一中学教育集团,基础教育,广东省，东莞市,,,,当地教育厅或政府公告,,,
江门市陈白沙教育集团,基础教育,广东省，江门市,,,,当地教育厅或政府公告,,,
深圳市锦田教育集团,基础教育,广东省，深圳市,,,,当地教育厅或政府公告,,,
佛山市顺德区青云教育集团,基础教育,广东省，佛山市,,,,当地教育厅或政府公告,,,
鹤山市第一中学教育集团,基础教育,广东省，鹤山市,,,,当地教育厅或政府公告,,,
荔园外国语教育集团,基础教育,广东省,,,,当地教育厅或政府公告,,,
深圳市南山区文理实验学校（集团）,基础教育,广东省，深圳市,,,,当地教育厅或政府公告,,,
深圳实验教育集团,基础教育,广东省，深圳市,,,,当地教育厅或政府公告,,,
深圳市龙岗区龙城高级中学（教育集团）,基础教育,广东省，深圳市,,,,当地教育厅或政府公告,,,
江门市新会第一中学教育集团,基础教育,广东省，江门市,,,,当地教育厅或政府公告,,,
郑州市金水区文化路第一小学教育集团,基础教育,河南省，郑州市,,,,当地教育厅或政府公告,,,
郑州市第五十七中学教育集团,基础教育,河南省，郑州市,,,,当地教育厅或政府公告,,,
郑州市第二初级中学教育集团,基础教育,河南省，郑州市,,,,当地教育厅或政府公告,,,
郑州市第四初级中学教育集团,基础教育,河南省，郑州市,,,,当地教育厅或政府公告,,,
郑州市金水区艺术小学教育集团,基础教育,河南省，郑州市,,,,当地教育厅或政府公告,,,
郑州师范学院附属小学教育集团,基础教育,河南省，郑州市,,,,当地教育厅或政府公告,,,
郑州市第九十六中学教育集团,基础教育,河南省，郑州市,,,,当地教育厅或政府公告,,,
郑州市郑东新区昆丽河教育集团,基础教育,河南省，郑州市,,,,当地教育厅或政府公告,,,
郑州市金水区文化绿城小学教育集团,基础教育,河南省，郑州市,,,,当地教育厅或政府公告,,,
郑州市中原区互助路小学教育集团,基础教育,河南省，郑州市,,,,当地教育厅或政府公告,,,
郑州龙门实验学校教育集团,基础教育,河南省，郑州市,,,,当地教育厅或政府公告,,,
郑州市二七区陇西小学教育集团,基础教育,河南省，郑州市,,,,当地教育厅或政府公告,,,
郑州市惠济区实验小学教育集团,基础教育,河南省，郑州市,,,,当地教育厅或政府公告,,,
郑州市金水区纬五路第一小学教育集团,基础教育,河南省，郑州市,,,,当地教育厅或政府公告,,,
郑州大学实验小学教育集团,基础教育,河南省，郑州市,,,,当地教育厅或政府公告,,,
郑州市管城回族区创新街小学教育集团,基础教育,河南省，郑州市,,,,当地教育厅或政府公告,,,
郑州一中国际航空港实验学校教育集团,基础教育,河南省，郑州市,,,,当地教育厅或政府公告,,,
“向阳花”教育发展共同体,基础教育,河南省，郑州市,,,,当地教育厅或政府公告,,,
开封市金明中小学教育集团,基础教育,河南省，开封市,,,,当地教育厅或政府公告,,,
开封市第一师范附属小学教育集团,基础教育,河南省，开封市,,,,当地教育厅或政府公告,,,
开封市第十三中学教育集团,基础教育,河南省，开封市,,,,当地教育厅或政府公告,,,
开封市第十四中学教育集团,基础教育,河南省，开封市,,,,当地教育厅或政府公告,,,
开封市第二师范附属小学教育集团,基础教育,河南省，开封市,,,,当地教育厅或政府公告,,,
洛阳市实验小学教育集团,基础教育,河南省，洛阳市,,,,当地教育厅或政府公告,,,
北京第二实验小学洛阳分校教育集团,基础教育,河南省，洛阳市,,,,当地教育厅或政府公告,,,
汝阳县外国语小学教育集团,基础教育,河南省，洛阳市,,,,当地教育厅或政府公告,,,
伊川县西场学校教育集团,基础教育,河南省，洛阳市,,,,当地教育厅或政府公告,,,
伊川县实验小学教育集团,基础教育,河南省，洛阳市,,,,当地教育厅或政府公告,,,
洛阳市偃师区实验小学教育集团,基础教育,河南省，洛阳市,,,,当地教育厅或政府公告,,,
洛阳市瀍河回族区第一实验小学教育集团,基础教育,河南省，洛阳市,,,,当地教育厅或政府公告,,,
平顶山市三六联校教育集团,基础教育,河南省，平顶山市,,,,当地教育厅或政府公告,,,
平顶山市新华区胜利街乐福联校,基础教育,河南省，平顶山市,,,,当地教育厅或政府公告,,,
安阳市人民大道小学教育集团,基础教育,河南省，安阳市,,,,当地教育厅或政府公告,,,
安阳市铁西路小学教育集团,基础教育,河南省，安阳市,,,,当地教育厅或政府公告,,,
林州市第二实验小学教育集团,基础教育,河南省，安阳市,,,,当地教育厅或政府公告,,,
安阳市八中教育集团,基础教育,河南省，安阳市,,,,当地教育厅或政府公告,,,
鹤壁市淇滨区嵩山小学教育共同体,基础教育,河南省，鹤壁市,,,,当地教育厅或政府公告,,,
鹤壁市淇滨区湘江中学教育集团,基础教育,河南省，鹤壁市,,,,当地教育厅或政府公告,,,
新乡市第十中学教育联盟共同体,基础教育,河南省，新乡市,,,,当地教育厅或政府公告,,,
新乡市红旗区和平教育集团,基础教育,河南省，新乡市,,,,当地教育厅或政府公告,,,
新乡市卫滨区人民路小学办学联合体,基础教育,河南省，新乡市,,,,当地教育厅或政府公告,,,
获嘉县第一初级中学教育集团,基础教育,河南省，新乡市,,,,当地教育厅或政府公告,,,
新乡市第一中学教育集团,基础教育,河南省，新乡市,,,,当地教育厅或政府公告,,,
新乡市实验小学教育集团,基础教育,河南省，新乡市,,,,当地教育厅或政府公告,,,
新乡市育才小学教育集团,基础教育,河南省，新乡市,,,,当地教育厅或政府公告,,,
新乡市高新区道清路小学教育集团,基础教育,河南省，新乡市,,,,当地教育厅或政府公告,,,
卫辉市第一完全小学教育集团,基础教育,河南省，新乡市,,,,当地教育厅或政府公告,,,
博爱县松林小学教育集团,基础教育,河南省，焦作市,,,,当地教育厅或政府公告,,,
焦作市东环小学教育集团,基础教育,河南省，焦作市,,,,当地教育厅或政府公告,,,
沁阳市第一小学教育集团,基础教育,河南省，焦作市,,,,当地教育厅或政府公告,,,
清丰县明月湖小学教育集团,基础教育,河南省，濮阳市,,,,当地教育厅或政府公告,,,
濮阳市实验小学教育集团,基础教育,河南省，濮阳市,,,,当地教育厅或政府公告,,,
濮阳市昆吾小学教育集团,基础教育,河南省，濮阳市,,,,当地教育厅或政府公告,,,
许昌市文化街学校教育集团,基础教育,河南省，许昌市,,,,当地教育厅或政府公告,,,
许昌市古槐教育集团,基础教育,河南省，许昌市,,,,当地教育厅或政府公告,,,
许昌市学府街小学教育集团,基础教育,河南省，许昌市,,,,当地教育厅或政府公告,,,
许昌市第一中学教育集团,基础教育,河南省，许昌市,,,,当地教育厅或政府公告,,,
禹州市夏都学校教育集团,基础教育,河南省，许昌市,,,,当地教育厅或政府公告,,,
漯河市实验中学教育集团,基础教育,河南省，漯河市,,,,当地教育厅或政府公告,,,
漯河市实验小学教育集团,基础教育,河南省，漯河市,,,,当地教育厅或政府公告,,,
漯河小学教育集团,基础教育,河南省，漯河市,,,,当地教育厅或政府公告,,,
漯河市源汇区许慎小学教育集团,基础教育,河南省，漯河市,,,,当地教育厅或政府公告,,,
漯河市郾城区郾城中学教育集团,基础教育,河南省，漯河市,,,,当地教育厅或政府公告,,,
漯河市郾城区第二实验小学教育集团,基础教育,河南省，漯河市,,,,当地教育厅或政府公告,,,
三门峡市外国语中学教育集团,基础教育,河南省，三门峡市,,,,当地教育厅或政府公告,,,
灵宝市第四小学教育联盟,基础教育,河南省，三门峡市,,,,当地教育厅或政府公告,,,
南阳市第十五小学校教育集团,基础教育,河南省，南阳市,,,,当地教育厅或政府公告,,,
南阳市油田实验小学教育集团,基础教育,河南省，南阳市,,,,当地教育厅或政府公告,,,
南阳市第十三中学校教育集团,基础教育,河南省，南阳市,,,,当地教育厅或政府公告,,,
南阳市第三中学教育集团,基础教育,河南省，南阳市,,,,当地教育厅或政府公告,,,
淅川县小学教育第一集团,基础教育,河南省，南阳市,,,,当地教育厅或政府公告,,,
南阳市第二十一学校教育集团,基础教育,河南省，南阳市,,,,当地教育厅或政府公告,,,
内乡县北城区初中教育集团,基础教育,河南省，南阳市,,,,当地教育厅或政府公告,,,
南阳市第十二小学校教育集团,基础教育,河南省，南阳市,,,,当地教育厅或政府公告,,,
南阳市第十四小学校教育集团,基础教育,河南省，南阳市,,,,当地教育厅或政府公告,,,
商丘市前进小学教育集团,基础教育,河南省，商丘市,,,,当地教育厅或政府公告,,,
商丘市第一实验小学教育集团,基础教育,河南省，商丘市,,,,当地教育厅或政府公告,,,
商丘市文化路小学教育集团,基础教育,河南省，商丘市,,,,当地教育厅或政府公告,,,
夏邑县第二初级中学教育集团,基础教育,河南省，商丘市,,,,当地教育厅或政府公告,,,
柘城县实验小学教育集团,基础教育,河南省，商丘市,,,,当地教育厅或政府公告,,,
商丘市第一回民小学教育集团,基础教育,河南省，商丘市,,,,当地教育厅或政府公告,,,
信阳市胜利路学校教育集团,基础教育,河南省，信阳市,,,,当地教育厅或政府公告,,,
信阳市河中学教育集团,基础教育,河南省，信阳市,,,,当地教育厅或政府公告,,,
新县首府实验学校教育集团,基础教育,河南省，信阳市,,,,当地教育厅或政府公告,,,
扶沟县实验小学教育集团,基础教育,河南省，周口市,,,,当地教育厅或政府公告,,,
沈丘县新区实验小学教育集团,基础教育,河南省，周口市,,,,当地教育厅或政府公告,,,
西华县实验小学教育集团,基础教育,河南省，周口市,,,,当地教育厅或政府公告,,,
项城市第二初级中学教育集团,基础教育,河南省，周口市,,,,当地教育厅或政府公告,,,
驻马店市第四中学教育集团,基础教育,河南省，驻马店市,,,,当地教育厅或政府公告,,,
驻马店实验小学教育集团,基础教育,河南省，驻马店市,,,,当地教育厅或政府公告,,,
驻马店市第十中学教育集团,基础教育,河南省，驻马店市,,,,当地教育厅或政府公告,,,
济源市济水一中教育集团,基础教育,河南省，济源示范区,,,,当地教育厅或政府公告,,,
巩义市子美小学教育集团,基础教育,河南省，巩义市,,,,当地教育厅或政府公告,,,
兰考县兰阳街道第一小学教育集团,基础教育,河南省，兰考县,,,,当地教育厅或政府公告,,,
汝州市实验小学教育集团,基础教育,河南省，汝州市,,,,当地教育厅或政府公告,,,
长垣市第一初级中学教育集团,基础教育,河南省，长垣市,,,,当地教育厅或政府公告,,,
邓州市花洲实验小学教育集团,基础教育,河南省，邓州市,,,,当地教育厅或政府公告,,,
河南省第二实验中学教育集团,基础教育,河南省，厅直属实验学校,,,,当地教育厅或政府公告,,,
河南省实验小学教育集团,基础教育,河南省，厅直属实验学校,,,,当地教育厅或政府公告,,,
河南师范大学附属中学教育集团,基础教育,河南省，厅直属实验学校,,,,当地教育厅或政府公告,,,
