集团名称,牵头单位,主管机构,成员数据来源,链接
丹东市实验小学教育集团,丹东市实验小学,辽宁省，丹东市,教育局官网,https://ddedu.dandong.gov.cn/html/DDJYJ/202104/0163905104219079.html
广州执信中学教育集团,,广东省，广州市,百家号,https://baijiahao.baidu.com/s?id=1739677974237717458&wfr=spider&for=pc
广东实验中学教育集团,,广东省,百家号,https://baijiahao.baidu.com/s?id=1739677974237717458&wfr=spider&for=pc
广铁一中教育集团,广州市铁一中学,广东省，广州市,百家号,https://baijiahao.baidu.com/s?id=1739677974237717458&wfr=spider&for=pc
广东广雅教育集团,,广东省，广州市,百家号,https://baijiahao.baidu.com/s?id=1739677974237717458&wfr=spider&for=pc
广州二中教育集团,,广东省，广州市,百家号,https://baijiahao.baidu.com/s?id=1739677974237717458&wfr=spider&for=pc
广大附中教育集团,,广东省，广州市,百家号,https://baijiahao.baidu.com/s?id=1739677974237717458&wfr=spider&for=pc
华附教育集团,,广东省，广州市,百家号,https://baijiahao.baidu.com/s?id=1739677974237717458&wfr=spider&for=pc
华师教育集团,,广东省，广州市,百家号,https://baijiahao.baidu.com/s?id=1739677974237717458&wfr=spider&for=pc
广东实验中学教育集团,,广东省，广州市,微信公众号：私家探校（2022-12-05 19:16）,https://mp.weixin.qq.com/s?__biz=MzA3NzUxMDEwNw==&mid=2649690691&idx=1&sn=17dc3a13884b20449feae0e587fab5b0&chksm=874b56f7b03cdfe1e8dcf711e0ec86f0c20820d36741979fae2abed61f8361b3e20258a3a4b6&scene=27
广州市玉岩教育集团,,广东省，广州市,微信公众号：私家探校（2022-12-05 19:16）,https://mp.weixin.qq.com/s?__biz=MzA3NzUxMDEwNw==&mid=2649690691&idx=1&sn=17dc3a13884b20449feae0e587fab5b0&chksm=874b56f7b03cdfe1e8dcf711e0ec86f0c20820d36741979fae2abed61f8361b3e20258a3a4b6&scene=27
广州实验教育集团,,广东省，广州市,微信公众号：私家探校（2022-12-05 19:16）,https://mp.weixin.qq.com/s?__biz=MzA3NzUxMDEwNw==&mid=2649690691&idx=1&sn=17dc3a13884b20449feae0e587fab5b0&chksm=874b56f7b03cdfe1e8dcf711e0ec86f0c20820d36741979fae2abed61f8361b3e20258a3a4b6&scene=27
广雅教育集团,,广东省，广州市,微信公众号：私家探校（2022-12-05 19:16）,https://mp.weixin.qq.com/s?__biz=MzA3NzUxMDEwNw==&mid=2649690691&idx=1&sn=17dc3a13884b20449feae0e587fab5b0&chksm=874b56f7b03cdfe1e8dcf711e0ec86f0c20820d36741979fae2abed61f8361b3e20258a3a4b6&scene=27
执信中学教育集团,,广东省，广州市,微信公众号：私家探校（2022-12-05 19:16）,https://mp.weixin.qq.com/s?__biz=MzA3NzUxMDEwNw==&mid=2649690691&idx=1&sn=17dc3a13884b20449feae0e587fab5b0&chksm=874b56f7b03cdfe1e8dcf711e0ec86f0c20820d36741979fae2abed61f8361b3e20258a3a4b6&scene=27
广州二中教育集团,,广东省，广州市,微信公众号：私家探校（2022-12-05 19:16）,https://mp.weixin.qq.com/s?__biz=MzA3NzUxMDEwNw==&mid=2649690691&idx=1&sn=17dc3a13884b20449feae0e587fab5b0&chksm=874b56f7b03cdfe1e8dcf711e0ec86f0c20820d36741979fae2abed61f8361b3e20258a3a4b6&scene=27
广铁一中教育集团,,广东省，广州市,微信公众号：私家探校（2022-12-05 19:16）,https://mp.weixin.qq.com/s?__biz=MzA3NzUxMDEwNw==&mid=2649690691&idx=1&sn=17dc3a13884b20449feae0e587fab5b0&chksm=874b56f7b03cdfe1e8dcf711e0ec86f0c20820d36741979fae2abed61f8361b3e20258a3a4b6&scene=27
广州外国语学校教育集团,,广东省，广州市,微信公众号：私家探校（2022-12-05 19:16）,https://mp.weixin.qq.com/s?__biz=MzA3NzUxMDEwNw==&mid=2649690691&idx=1&sn=17dc3a13884b20449feae0e587fab5b0&chksm=874b56f7b03cdfe1e8dcf711e0ec86f0c20820d36741979fae2abed61f8361b3e20258a3a4b6&scene=27
广州幼师学前教育集团,,广东省，广州市,微信公众号：私家探校（2022-12-05 19:16）,https://mp.weixin.qq.com/s?__biz=MzA3NzUxMDEwNw==&mid=2649690691&idx=1&sn=17dc3a13884b20449feae0e587fab5b0&chksm=874b56f7b03cdfe1e8dcf711e0ec86f0c20820d36741979fae2abed61f8361b3e20258a3a4b6&scene=27
五中教育集团,,广东省，广州市,微信公众号：私家探校（2022-12-05 19:16）,https://mp.weixin.qq.com/s?__biz=MzA3NzUxMDEwNw==&mid=2649690691&idx=1&sn=17dc3a13884b20449feae0e587fab5b0&chksm=874b56f7b03cdfe1e8dcf711e0ec86f0c20820d36741979fae2abed61f8361b3e20258a3a4b6&scene=27
南武教育集团,,广东省，广州市,微信公众号：私家探校（2022-12-05 19:16）,https://mp.weixin.qq.com/s?__biz=MzA3NzUxMDEwNw==&mid=2649690691&idx=1&sn=17dc3a13884b20449feae0e587fab5b0&chksm=874b56f7b03cdfe1e8dcf711e0ec86f0c20820d36741979fae2abed61f8361b3e20258a3a4b6&scene=27
海珠区第二实验小学教育集团,,广东省，广州市,微信公众号：私家探校（2022-12-05 19:16）,https://mp.weixin.qq.com/s?__biz=MzA3NzUxMDEwNw==&mid=2649690691&idx=1&sn=17dc3a13884b20449feae0e587fab5b0&chksm=874b56f7b03cdfe1e8dcf711e0ec86f0c20820d36741979fae2abed61f8361b3e20258a3a4b6&scene=27
真光教育集团,,广东省，广州市,微信公众号：私家探校（2022-12-05 19:16）,https://mp.weixin.qq.com/s?__biz=MzA3NzUxMDEwNw==&mid=2649690691&idx=1&sn=17dc3a13884b20449feae0e587fab5b0&chksm=874b56f7b03cdfe1e8dcf711e0ec86f0c20820d36741979fae2abed61f8361b3e20258a3a4b6&scene=27
广州一中教育集团,,广东省，广州市,微信公众号：私家探校（2022-12-05 19:16）,https://mp.weixin.qq.com/s?__biz=MzA3NzUxMDEwNw==&mid=2649690691&idx=1&sn=17dc3a13884b20449feae0e587fab5b0&chksm=874b56f7b03cdfe1e8dcf711e0ec86f0c20820d36741979fae2abed61f8361b3e20258a3a4b6&scene=27
广州十六中教育集团,,广东省，广州市,微信公众号：私家探校（2022-12-05 19:16）,https://mp.weixin.qq.com/s?__biz=MzA3NzUxMDEwNw==&mid=2649690691&idx=1&sn=17dc3a13884b20449feae0e587fab5b0&chksm=874b56f7b03cdfe1e8dcf711e0ec86f0c20820d36741979fae2abed61f8361b3e20258a3a4b6&scene=27
广州中学教育集团,,广东省，广州市,微信公众号：私家探校（2022-12-05 19:16）,https://mp.weixin.qq.com/s?__biz=MzA3NzUxMDEwNw==&mid=2649690691&idx=1&sn=17dc3a13884b20449feae0e587fab5b0&chksm=874b56f7b03cdfe1e8dcf711e0ec86f0c20820d36741979fae2abed61f8361b3e20258a3a4b6&scene=27
广州体育东教育集团,,广东省，广州市,微信公众号：私家探校（2022-12-05 19:16）,https://mp.weixin.qq.com/s?__biz=MzA3NzUxMDEwNw==&mid=2649690691&idx=1&sn=17dc3a13884b20449feae0e587fab5b0&chksm=874b56f7b03cdfe1e8dcf711e0ec86f0c20820d36741979fae2abed61f8361b3e20258a3a4b6&scene=27
广州华阳教育集团,,广东省，广州市,微信公众号：私家探校（2022-12-05 19:16）,https://mp.weixin.qq.com/s?__biz=MzA3NzUxMDEwNw==&mid=2649690691&idx=1&sn=17dc3a13884b20449feae0e587fab5b0&chksm=874b56f7b03cdfe1e8dcf711e0ec86f0c20820d36741979fae2abed61f8361b3e20258a3a4b6&scene=27
广州培英中学教育集团,,广东省，广州市,微信公众号：私家探校（2022-12-05 19:16）,https://mp.weixin.qq.com/s?__biz=MzA3NzUxMDEwNw==&mid=2649690691&idx=1&sn=17dc3a13884b20449feae0e587fab5b0&chksm=874b56f7b03cdfe1e8dcf711e0ec86f0c20820d36741979fae2abed61f8361b3e20258a3a4b6&scene=27
仲元中学教育集团,,广东省，广州市,微信公众号：私家探校（2022-12-05 19:16）,https://mp.weixin.qq.com/s?__biz=MzA3NzUxMDEwNw==&mid=2649690691&idx=1&sn=17dc3a13884b20449feae0e587fab5b0&chksm=874b56f7b03cdfe1e8dcf711e0ec86f0c20820d36741979fae2abed61f8361b3e20258a3a4b6&scene=27
南沙小学教育集团,,广东省，广州市,微信公众号：私家探校（2022-12-05 19:16）,https://mp.weixin.qq.com/s?__biz=MzA3NzUxMDEwNw==&mid=2649690691&idx=1&sn=17dc3a13884b20449feae0e587fab5b0&chksm=874b56f7b03cdfe1e8dcf711e0ec86f0c20820d36741979fae2abed61f8361b3e20258a3a4b6&scene=27
广州南海中学教育集团,,广东省，广州市,微信公众号：私家探校（2022-12-05 19:16）,https://mp.weixin.qq.com/s?__biz=MzA3NzUxMDEwNw==&mid=2649690691&idx=1&sn=17dc3a13884b20449feae0e587fab5b0&chksm=874b56f7b03cdfe1e8dcf711e0ec86f0c20820d36741979fae2abed61f8361b3e20258a3a4b6&scene=27
番禺中学教育集团,,广东省，广州市,微信公众号：私家探校（2022-12-05 19:16）,https://mp.weixin.qq.com/s?__biz=MzA3NzUxMDEwNw==&mid=2649690691&idx=1&sn=17dc3a13884b20449feae0e587fab5b0&chksm=874b56f7b03cdfe1e8dcf711e0ec86f0c20820d36741979fae2abed61f8361b3e20258a3a4b6&scene=27
金隆小学教育集团,,广东省，广州市,微信公众号：私家探校（2022-12-05 19:16）,https://mp.weixin.qq.com/s?__biz=MzA3NzUxMDEwNw==&mid=2649690691&idx=1&sn=17dc3a13884b20449feae0e587fab5b0&chksm=874b56f7b03cdfe1e8dcf711e0ec86f0c20820d36741979fae2abed61f8361b3e20258a3a4b6&scene=27
广州市黄埔区怡园教育集团,,广东省，广州市,微信公众号：私家探校（2022-12-05 19:16）,https://mp.weixin.qq.com/s?__biz=MzA3NzUxMDEwNw==&mid=2649690691&idx=1&sn=17dc3a13884b20449feae0e587fab5b0&chksm=874b56f7b03cdfe1e8dcf711e0ec86f0c20820d36741979fae2abed61f8361b3e20258a3a4b6&scene=27
增城区诚善教育集团,,广东省，广州市,微信公众号：私家探校（2022-12-05 19:16）,https://mp.weixin.qq.com/s?__biz=MzA3NzUxMDEwNw==&mid=2649690691&idx=1&sn=17dc3a13884b20449feae0e587fab5b0&chksm=874b56f7b03cdfe1e8dcf711e0ec86f0c20820d36741979fae2abed61f8361b3e20258a3a4b6&scene=27
广州市第八十六中学教育集团,,广东省，广州市,微信公众号：私家探校（2022-12-05 19:16）,https://mp.weixin.qq.com/s?__biz=MzA3NzUxMDEwNw==&mid=2649690691&idx=1&sn=17dc3a13884b20449feae0e587fab5b0&chksm=874b56f7b03cdfe1e8dcf711e0ec86f0c20820d36741979fae2abed61f8361b3e20258a3a4b6&scene=27
培正教育集团,,广东省，广州市,微信公众号：私家探校（2022-12-05 19:16）,https://mp.weixin.qq.com/s?__biz=MzA3NzUxMDEwNw==&mid=2649690691&idx=1&sn=17dc3a13884b20449feae0e587fab5b0&chksm=874b56f7b03cdfe1e8dcf711e0ec86f0c20820d36741979fae2abed61f8361b3e20258a3a4b6&scene=27
广大附中教育集团,,广东省，广州市,微信公众号：私家探校（2022-12-05 19:16）,https://mp.weixin.qq.com/s?__biz=MzA3NzUxMDEwNw==&mid=2649690691&idx=1&sn=17dc3a13884b20449feae0e587fab5b0&chksm=874b56f7b03cdfe1e8dcf711e0ec86f0c20820d36741979fae2abed61f8361b3e20258a3a4b6&scene=27
广州六中教育集团,,广东省，广州市,微信公众号：私家探校（2022-12-05 19:16）,https://mp.weixin.qq.com/s?__biz=MzA3NzUxMDEwNw==&mid=2649690691&idx=1&sn=17dc3a13884b20449feae0e587fab5b0&chksm=874b56f7b03cdfe1e8dcf711e0ec86f0c20820d36741979fae2abed61f8361b3e20258a3a4b6&scene=27
广州市第七中学教育集团,,广东省，广州市,微信公众号：私家探校（2022-12-05 19:16）,https://mp.weixin.qq.com/s?__biz=MzA3NzUxMDEwNw==&mid=2649690691&idx=1&sn=17dc3a13884b20449feae0e587fab5b0&chksm=874b56f7b03cdfe1e8dcf711e0ec86f0c20820d36741979fae2abed61f8361b3e20258a3a4b6&scene=27
四中教育集团,,广东省，广州市,微信公众号：私家探校（2022-12-05 19:16）,https://mp.weixin.qq.com/s?__biz=MzA3NzUxMDEwNw==&mid=2649690691&idx=1&sn=17dc3a13884b20449feae0e587fab5b0&chksm=874b56f7b03cdfe1e8dcf711e0ec86f0c20820d36741979fae2abed61f8361b3e20258a3a4b6&scene=27
西外教育集团,,广东省，广州市,微信公众号：私家探校（2022-12-05 19:16）,https://mp.weixin.qq.com/s?__biz=MzA3NzUxMDEwNw==&mid=2649690691&idx=1&sn=17dc3a13884b20449feae0e587fab5b0&chksm=874b56f7b03cdfe1e8dcf711e0ec86f0c20820d36741979fae2abed61f8361b3e20258a3a4b6&scene=27
广州天河外国语教育集团,,广东省，广州市,微信公众号：私家探校（2022-12-05 19:16）,https://mp.weixin.qq.com/s?__biz=MzA3NzUxMDEwNw==&mid=2649690691&idx=1&sn=17dc3a13884b20449feae0e587fab5b0&chksm=874b56f7b03cdfe1e8dcf711e0ec86f0c20820d36741979fae2abed61f8361b3e20258a3a4b6&scene=27
广州市六十五中教育集团,,广东省，广州市,微信公众号：私家探校（2022-12-05 19:16）,https://mp.weixin.qq.com/s?__biz=MzA3NzUxMDEwNw==&mid=2649690691&idx=1&sn=17dc3a13884b20449feae0e587fab5b0&chksm=874b56f7b03cdfe1e8dcf711e0ec86f0c20820d36741979fae2abed61f8361b3e20258a3a4b6&scene=27
广东第二师范学院实验教育集团,,广东省，广州市,微信公众号：私家探校（2022-12-05 19:16）,https://mp.weixin.qq.com/s?__biz=MzA3NzUxMDEwNw==&mid=2649690691&idx=1&sn=17dc3a13884b20449feae0e587fab5b0&chksm=874b56f7b03cdfe1e8dcf711e0ec86f0c20820d36741979fae2abed61f8361b3e20258a3a4b6&scene=27
秀全中学教育集团,,广东省，广州市,微信公众号：私家探校（2022-12-05 19:16）,https://mp.weixin.qq.com/s?__biz=MzA3NzUxMDEwNw==&mid=2649690691&idx=1&sn=17dc3a13884b20449feae0e587fab5b0&chksm=874b56f7b03cdfe1e8dcf711e0ec86f0c20820d36741979fae2abed61f8361b3e20258a3a4b6&scene=27
百外教育集团(民办),,广东省，深圳市,搜狐,https://learning.sohu.com/a/509122023_120086885
民治中学教育集团,,广东省，深圳市,搜狐,https://learning.sohu.com/a/509122023_120086885
龙华高级中学教育集团,,广东省，深圳市,搜狐,https://learning.sohu.com/a/509122023_120086885
龙城高级中学教育集团,,广东省，深圳市,搜狐,https://learning.sohu.com/a/509122023_120086885
龙岗区外国语学校(集团),,广东省，深圳市,搜狐,https://learning.sohu.com/a/509122023_120086885
香港中文大学(深圳)附属学校(教育集团),,广东省，深圳市,搜狐,https://learning.sohu.com/a/509122023_120086885
宝安中学(集团),,广东省，深圳市,搜狐,https://learning.sohu.com/a/509122023_120086885
新安中学(集团),,广东省，深圳市,搜狐,https://learning.sohu.com/a/509122023_120086885
翠园教育集团,,广东省，深圳市,搜狐,https://learning.sohu.com/a/509122023_120086885
罗外教育集团,,广东省，深圳市,搜狐,https://learning.sohu.com/a/509122023_120086885
螺岭教育集团,,广东省，深圳市,搜狐,https://learning.sohu.com/a/509122023_120086885
翠竹教育集团,,广东省，深圳市,搜狐,https://learning.sohu.com/a/509122023_120086885
翠北教育集团,,广东省，深圳市,搜狐,https://learning.sohu.com/a/509122023_120086885
锦田教育集团,,广东省，深圳市,搜狐,https://learning.sohu.com/a/509122023_120086885
红岭教育集团,,广东省，深圳市,搜狐,https://learning.sohu.com/a/509122023_120086885
荔园教育集团,,广东省，深圳市,搜狐,https://learning.sohu.com/a/509122023_120086885
福田区实验教育集团,,广东省，深圳市,搜狐,https://learning.sohu.com/a/509122023_120086885
荔园外国语教育集团,,广东省，深圳市,搜狐,https://learning.sohu.com/a/509122023_120086885
明德实验学校(集团),,广东省，深圳市,搜狐,https://learning.sohu.com/a/509122023_120086885
蛇口育才教育集团,,广东省，深圳市,搜狐,https://learning.sohu.com/a/509122023_120086885
南山外国语学校(集团),,广东省，深圳市,搜狐,https://learning.sohu.com/a/509122023_120086885
南山实验教育集团,,广东省，深圳市,搜狐,https://learning.sohu.com/a/509122023_120086885
南山区第二外国语学校,,广东省，深圳市,搜狐,https://learning.sohu.com/a/509122023_120086885
南方科技大学教育集团,,广东省，深圳市,搜狐,https://learning.sohu.com/a/509122023_120086885
南山区文理实验学校（集团）,,广东省，深圳市,搜狐,https://learning.sohu.com/a/509122023_120086885
深圳大学附属教育集团,,广东省，深圳市,搜狐,https://learning.sohu.com/a/509122023_120086885
深圳中学教育共同体,,广东省，深圳市,搜狐,https://learning.sohu.com/a/509122023_120086885
深圳实验教育集团,,广东省，深圳市,搜狐,https://learning.sohu.com/a/509122023_120086885
深圳外国语学校(集团),,广东省，深圳市,搜狐,https://learning.sohu.com/a/509122023_120086885
深圳高级中学(集团),,广东省，深圳市,搜狐,https://learning.sohu.com/a/509122023_120086885
格致教育集团,,上海市,,https://zhuanlan.zhihu.com/p/276343574
格致教育集团,,上海市,,https://zhuanlan.zhihu.com/p/276343574
格致教育集团,,上海市,,https://zhuanlan.zhihu.com/p/276343574
格致教育集团,,上海市,,https://zhuanlan.zhihu.com/p/276343574
格致教育集团,,上海市,,https://zhuanlan.zhihu.com/p/276343574
格致教育集团,,上海市,,https://zhuanlan.zhihu.com/p/276343574
大同教育集团,,上海市,,https://zhuanlan.zhihu.com/p/276343574
大同教育集团,,上海市,,https://zhuanlan.zhihu.com/p/276343574
大同教育集团,,上海市,,https://zhuanlan.zhihu.com/p/276343574
大同教育集团,,上海市,,https://zhuanlan.zhihu.com/p/276343574
大同教育集团,,上海市,,https://zhuanlan.zhihu.com/p/276343574
大同教育集团,,上海市,,https://zhuanlan.zhihu.com/p/276343574
向明教育集团,,上海市,,https://zhuanlan.zhihu.com/p/276343574
向明教育集团,,上海市,,https://zhuanlan.zhihu.com/p/276343574
向明教育集团,,上海市,,https://zhuanlan.zhihu.com/p/276343574
向明教育集团,,上海市,,https://zhuanlan.zhihu.com/p/276343574
上海市建平教育集团,,上海市,,https://zhuanlan.zhihu.com/p/276343574
上海市建平教育集团,,上海市,,https://zhuanlan.zhihu.com/p/276343574
上海市建平教育集团,,上海市,,https://zhuanlan.zhihu.com/p/276343574
上海市建平教育集团,,上海市,,https://zhuanlan.zhihu.com/p/276343574
上海市建平教育集团,,上海市,,https://zhuanlan.zhihu.com/p/276343574
上海市建平教育集团,,上海市,,https://zhuanlan.zhihu.com/p/276343574
上海市建平教育集团,,上海市,,https://zhuanlan.zhihu.com/p/276343574
上海市建平教育集团,,上海市,,https://zhuanlan.zhihu.com/p/276343574
上海市建平教育集团,,上海市,,https://zhuanlan.zhihu.com/p/276343574
上海市进才教育集团,,上海市,,https://zhuanlan.zhihu.com/p/276343574
上海市进才教育集团,,上海市,,https://zhuanlan.zhihu.com/p/276343574
上海市进才教育集团,,上海市,,https://zhuanlan.zhihu.com/p/276343574
上海市进才教育集团,,上海市,,https://zhuanlan.zhihu.com/p/276343574
上海市进才教育集团,,上海市,,https://zhuanlan.zhihu.com/p/276343574
上海市进才教育集团,,上海市,,https://zhuanlan.zhihu.com/p/276343574
上海市进才教育集团,,上海市,,https://zhuanlan.zhihu.com/p/276343574
上海市进才教育集团,,上海市,,https://zhuanlan.zhihu.com/p/276343574
上海市进才教育集团,,上海市,,https://zhuanlan.zhihu.com/p/276343574
上海市进才教育集团,,上海市,,https://zhuanlan.zhihu.com/p/276343574
上海市进才教育集团,,上海市,,https://zhuanlan.zhihu.com/p/276343574
上海市进才教育集团,,上海市,,https://zhuanlan.zhihu.com/p/276343574
上海市洋泾教育集团,,上海市,,https://zhuanlan.zhihu.com/p/276343574
上海市洋泾教育集团,,上海市,,https://zhuanlan.zhihu.com/p/276343574
上海市洋泾教育集团,,上海市,,https://zhuanlan.zhihu.com/p/276343574
上海市洋泾教育集团,,上海市,,https://zhuanlan.zhihu.com/p/276343574
上海市洋泾教育集团,,上海市,,https://zhuanlan.zhihu.com/p/276343574
上海市洋泾教育集团,,上海市,,https://zhuanlan.zhihu.com/p/276343574
浦东新区川中教育集团,,上海市,,https://zhuanlan.zhihu.com/p/276343574
浦东新区川中教育集团,,上海市,,https://zhuanlan.zhihu.com/p/276343574
浦东新区川中教育集团,,上海市,,https://zhuanlan.zhihu.com/p/276343574
浦东新区川中教育集团,,上海市,,https://zhuanlan.zhihu.com/p/276343574
浦东新区川中教育集团,,上海市,,https://zhuanlan.zhihu.com/p/276343574
浦东新区川中教育集团,,上海市,,https://zhuanlan.zhihu.com/p/276343574
浦东新区川中教育集团,,上海市,,https://zhuanlan.zhihu.com/p/276343574
浦东新区南汇一中教育集团,,上海市,,https://zhuanlan.zhihu.com/p/276343574
浦东新区南汇一中教育集团,,上海市,,https://zhuanlan.zhihu.com/p/276343574
浦东新区南汇一中教育集团,,上海市,,https://zhuanlan.zhihu.com/p/276343574
浦东新区南汇一中教育集团,,上海市,,https://zhuanlan.zhihu.com/p/276343574
浦东新区南汇一中教育集团,,上海市,,https://zhuanlan.zhihu.com/p/276343574
浦东新区南汇一中教育集团,,上海市,,https://zhuanlan.zhihu.com/p/276343574
浦东新区南汇一中教育集团,,上海市,,https://zhuanlan.zhihu.com/p/276343574
浦东新区南汇一中教育集团,,上海市,,https://zhuanlan.zhihu.com/p/276343574
浦东新区南汇一中教育集团,,上海市,,https://zhuanlan.zhihu.com/p/276343574
浦东新区南汇一中教育集团,,上海市,,https://zhuanlan.zhihu.com/p/276343574
浦东新区南汇一中教育集团,,上海市,,https://zhuanlan.zhihu.com/p/276343574
浦东新区南汇一中教育集团,,上海市,,https://zhuanlan.zhihu.com/p/276343574
上海实验学校教育集团,,上海市,,https://zhuanlan.zhihu.com/p/276343574
上海实验学校教育集团,,上海市,,https://zhuanlan.zhihu.com/p/276343574
上海实验学校教育集团,,上海市,,https://zhuanlan.zhihu.com/p/276343574
上海实验学校教育集团,,上海市,,https://zhuanlan.zhihu.com/p/276343574
上海实验学校教育集团,,上海市,,https://zhuanlan.zhihu.com/p/276343574
上海实验学校教育集团,,上海市,,https://zhuanlan.zhihu.com/p/276343574
华二浦东教育集团,,上海市,,https://zhuanlan.zhihu.com/p/276343574
华二浦东教育集团,,上海市,,https://zhuanlan.zhihu.com/p/276343574
华二浦东教育集团,,上海市,,https://zhuanlan.zhihu.com/p/276343574
华二浦东教育集团,,上海市,,https://zhuanlan.zhihu.com/p/276343574
华二浦东教育集团,,上海市,,https://zhuanlan.zhihu.com/p/276343574
华二浦东教育集团,,上海市,,https://zhuanlan.zhihu.com/p/276343574
华二浦东教育集团,,上海市,,https://zhuanlan.zhihu.com/p/276343574
华二浦东教育集团,,上海市,,https://zhuanlan.zhihu.com/p/276343574
行知教育集团,,上海市,,https://zhuanlan.zhihu.com/p/276343574
行知教育集团,,上海市,,https://zhuanlan.zhihu.com/p/276343574
行知教育集团,,上海市,,https://zhuanlan.zhihu.com/p/276343574
行知教育集团,,上海市,,https://zhuanlan.zhihu.com/p/276343574
行知教育集团,,上海市,,https://zhuanlan.zhihu.com/p/276343574
罗店教育集团,,上海市,,https://zhuanlan.zhihu.com/p/276343574
罗店教育集团,,上海市,,https://zhuanlan.zhihu.com/p/276343574
罗店教育集团,,上海市,,https://zhuanlan.zhihu.com/p/276343574
罗店教育集团,,上海市,,https://zhuanlan.zhihu.com/p/276343574
上海大学基础教育集团,,上海市,,https://zhuanlan.zhihu.com/p/276343574
上海大学基础教育集团,,上海市,,https://zhuanlan.zhihu.com/p/276343574
上海大学基础教育集团,,上海市,,https://zhuanlan.zhihu.com/p/276343574
世外宝山教育集团,,上海市,,https://zhuanlan.zhihu.com/p/276343574
世外宝山教育集团,,上海市,,https://zhuanlan.zhihu.com/p/276343574
宝山区陈伯吹教育集团,,上海市,,https://zhuanlan.zhihu.com/p/276343574
上海音乐学院实验学校教育集团,,上海市,,https://zhuanlan.zhihu.com/p/276343574
上海音乐学院实验学校教育集团,,上海市,,https://zhuanlan.zhihu.com/p/276343574
上海音乐学院实验学校教育集团,,上海市,,https://zhuanlan.zhihu.com/p/276343574
上海音乐学院实验学校教育集团,,上海市,,https://zhuanlan.zhihu.com/p/276343574
上海音乐学院实验学校教育集团,,上海市,,https://zhuanlan.zhihu.com/p/276343574
上海市鞍山实验中学教育集团,,上海市,,https://zhuanlan.zhihu.com/p/276343574
上海市鞍山实验中学教育集团,,上海市,,https://zhuanlan.zhihu.com/p/276343574
上海市鞍山实验中学教育集团,,上海市,,https://zhuanlan.zhihu.com/p/276343574
上海市鞍山实验中学教育集团,,上海市,,https://zhuanlan.zhihu.com/p/276343574
上海市杨浦区教师进修学院附属学校教育集团,,上海市,,https://zhuanlan.zhihu.com/p/276343574
上海市杨浦区教师进修学院附属学校教育集团,,上海市,,https://zhuanlan.zhihu.com/p/276343574
上海市杨浦区教师进修学院附属学校教育集团,,上海市,,https://zhuanlan.zhihu.com/p/276343574
上海市杨浦区控江中学教育集团,,上海市,,https://zhuanlan.zhihu.com/p/276343574
上海市杨浦区控江中学教育集团,,上海市,,https://zhuanlan.zhihu.com/p/276343574
上海市杨浦区控江中学教育集团,,上海市,,https://zhuanlan.zhihu.com/p/276343574
上海市杨浦区控江中学教育集团,,上海市,,https://zhuanlan.zhihu.com/p/276343574
上海市杨浦区控江中学教育集团,,上海市,,https://zhuanlan.zhihu.com/p/276343574
上海市杨浦区控江中学教育集团,,上海市,,https://zhuanlan.zhihu.com/p/276343574
上海市杨浦区控江中学教育集团,,上海市,,https://zhuanlan.zhihu.com/p/276343574
成功教育集团,,上海市,,https://zhuanlan.zhihu.com/p/276343574
成功教育集团,,上海市,,https://zhuanlan.zhihu.com/p/276343574
成功教育集团,,上海市,,https://zhuanlan.zhihu.com/p/276343574
成功教育集团,,上海市,,https://zhuanlan.zhihu.com/p/276343574
风华初级中学教育集团,,上海市,,https://zhuanlan.zhihu.com/p/276343574
风华初级中学教育集团,,上海市,,https://zhuanlan.zhihu.com/p/276343574
崇明东门中学教育集团,,上海市,,https://zhuanlan.zhihu.com/p/276343574
崇明东门中学教育集团,,上海市,,https://zhuanlan.zhihu.com/p/276343574
崇明实验中学教育集团,,上海市,,https://zhuanlan.zhihu.com/p/276343574
崇明实验中学教育集团,,上海市,,https://zhuanlan.zhihu.com/p/276343574
复兴教育集团,,上海市,,https://zhuanlan.zhihu.com/p/276343574
复兴教育集团,,上海市,,https://zhuanlan.zhihu.com/p/276343574
复兴教育集团,,上海市,,https://zhuanlan.zhihu.com/p/276343574
复兴教育集团,,上海市,,https://zhuanlan.zhihu.com/p/276343574
华师大一附中教育集团,,上海市,,https://zhuanlan.zhihu.com/p/276343574
华师大一附中教育集团,,上海市,,https://zhuanlan.zhihu.com/p/276343574
鲁迅教育集团,,上海市,,https://zhuanlan.zhihu.com/p/276343574
鲁迅教育集团,,上海市,,https://zhuanlan.zhihu.com/p/276343574
北郊教育集团,,上海市,,https://zhuanlan.zhihu.com/p/276343574
北郊教育集团,,上海市,,https://zhuanlan.zhihu.com/p/276343574
南模教育集团,,上海市,,https://zhuanlan.zhihu.com/p/276343574
南模教育集团,,上海市,,https://zhuanlan.zhihu.com/p/276343574
南模教育集团,,上海市,,https://zhuanlan.zhihu.com/p/276343574
南模教育集团,,上海市,,https://zhuanlan.zhihu.com/p/276343574
位育教育集团,,上海市,,https://zhuanlan.zhihu.com/p/276343574
位育教育集团,,上海市,,https://zhuanlan.zhihu.com/p/276343574
位育教育集团,,上海市,,https://zhuanlan.zhihu.com/p/276343574
位育教育集团,,上海市,,https://zhuanlan.zhihu.com/p/276343574
位育教育集团,,上海市,,https://zhuanlan.zhihu.com/p/276343574
完中教育集团,,上海市,,https://zhuanlan.zhihu.com/p/276343574
完中教育集团,,上海市,,https://zhuanlan.zhihu.com/p/276343574
完中教育集团,,上海市,,https://zhuanlan.zhihu.com/p/276343574
完中教育集团,,上海市,,https://zhuanlan.zhihu.com/p/276343574
完中教育集团,,上海市,,https://zhuanlan.zhihu.com/p/276343574
完中教育集团,,上海市,,https://zhuanlan.zhihu.com/p/276343574
完中教育集团,,上海市,,https://zhuanlan.zhihu.com/p/276343574
长宁区复旦基础教育集团,,上海市,,https://zhuanlan.zhihu.com/p/276343574
长宁区复旦基础教育集团,,上海市,,https://zhuanlan.zhihu.com/p/276343574
长宁区复旦基础教育集团,,上海市,,https://zhuanlan.zhihu.com/p/276343574
长宁区复旦基础教育集团,,上海市,,https://zhuanlan.zhihu.com/p/276343574
长宁区复旦基础教育集团,,上海市,,https://zhuanlan.zhihu.com/p/276343574
长宁区复旦基础教育集团,,上海市,,https://zhuanlan.zhihu.com/p/276343574
上海市西延安中学教育集团,,上海市,,https://zhuanlan.zhihu.com/p/276343574
上海市西延安中学教育集团,,上海市,,https://zhuanlan.zhihu.com/p/276343574
上海市西延安中学教育集团,,上海市,,https://zhuanlan.zhihu.com/p/276343574
上海市娄山中学教育集团,,上海市,,https://zhuanlan.zhihu.com/p/276343574
上海市娄山中学教育集团,,上海市,,https://zhuanlan.zhihu.com/p/276343574
上海市娄山中学教育集团,,上海市,,https://zhuanlan.zhihu.com/p/276343574
上海市天山初级中学教育集团,,上海市,,https://zhuanlan.zhihu.com/p/276343574
上海市天山初级中学教育集团,,上海市,,https://zhuanlan.zhihu.com/p/276343574
上海市天山初级中学教育集团,,上海市,,https://zhuanlan.zhihu.com/p/276343574
迎园教育集团,,上海市,,https://zhuanlan.zhihu.com/p/276343574
迎园教育集团,,上海市,,https://zhuanlan.zhihu.com/p/276343574
迎园教育集团,,上海市,,https://zhuanlan.zhihu.com/p/276343574
中科•嘉一教育集团,,上海市,,https://zhuanlan.zhihu.com/p/276343574
中科•嘉一教育集团,,上海市,,https://zhuanlan.zhihu.com/p/276343574
中科•嘉一教育集团,,上海市,,https://zhuanlan.zhihu.com/p/276343574
中科•嘉一教育集团,,上海市,,https://zhuanlan.zhihu.com/p/276343574
中科•嘉一教育集团,,上海市,,https://zhuanlan.zhihu.com/p/276343574
中科•嘉一教育集团,,上海市,,https://zhuanlan.zhihu.com/p/276343574
中科·实验教育集团,,上海市,,https://zhuanlan.zhihu.com/p/276343574
新城教育集团,,上海市,,https://zhuanlan.zhihu.com/p/276343574
新城教育集团,,上海市,,https://zhuanlan.zhihu.com/p/276343574
新城教育集团,,上海市,,https://zhuanlan.zhihu.com/p/276343574
新城教育集团,,上海市,,https://zhuanlan.zhihu.com/p/276343574
疁城教育集团,,上海市,,https://zhuanlan.zhihu.com/p/276343574
疁城教育集团,,上海市,,https://zhuanlan.zhihu.com/p/276343574
疁城教育集团,,上海市,,https://zhuanlan.zhihu.com/p/276343574
真新教育集团,,上海市,,https://zhuanlan.zhihu.com/p/276343574
青浦区实验中学教育集团,,上海市,,https://zhuanlan.zhihu.com/p/276343574
青浦区实验中学教育集团,,上海市,,https://zhuanlan.zhihu.com/p/276343574
世外·尚美中学集团,,上海市,,https://zhuanlan.zhihu.com/p/276343574
世外·尚美中学集团,,上海市,,https://zhuanlan.zhihu.com/p/276343574
七宝中学教育集团,,上海市,,https://zhuanlan.zhihu.com/p/276343574
七宝中学教育集团,,上海市,,https://zhuanlan.zhihu.com/p/276343574
七宝中学教育集团,,上海市,,https://zhuanlan.zhihu.com/p/276343574
七宝中学教育集团,,上海市,,https://zhuanlan.zhihu.com/p/276343574
七宝中学教育集团,,上海市,,https://zhuanlan.zhihu.com/p/276343574
七宝中学教育集团,,上海市,,https://zhuanlan.zhihu.com/p/276343574
七宝中学教育集团,,上海市,,https://zhuanlan.zhihu.com/p/276343574
七宝中学教育集团,,上海市,,https://zhuanlan.zhihu.com/p/276343574
七宝中学教育集团,,上海市,,https://zhuanlan.zhihu.com/p/276343574
七宝中学教育集团,,上海市,,https://zhuanlan.zhihu.com/p/276343574
七宝中学教育集团,,上海市,,https://zhuanlan.zhihu.com/p/276343574
七宝中学教育集团,,上海市,,https://zhuanlan.zhihu.com/p/276343574
交大附中（闵行）教育集团,,上海市,,https://zhuanlan.zhihu.com/p/276343574
交大附中（闵行）教育集团,,上海市,,https://zhuanlan.zhihu.com/p/276343574
交大附中（闵行）教育集团,,上海市,,https://zhuanlan.zhihu.com/p/276343574
交大附中（闵行）教育集团,,上海市,,https://zhuanlan.zhihu.com/p/276343574
上海师范大学附属中学（闵行）教育集团,,上海市,,https://zhuanlan.zhihu.com/p/276343574
上海师范大学附属中学（闵行）教育集团,,上海市,,https://zhuanlan.zhihu.com/p/276343574
上海师范大学附属中学（闵行）教育集团,,上海市,,https://zhuanlan.zhihu.com/p/276343574
上海师范大学附属中学（闵行）教育集团,,上海市,,https://zhuanlan.zhihu.com/p/276343574
华东师范大学闵行基础教育集团,,上海市,,https://zhuanlan.zhihu.com/p/276343574
松江区民乐学校教育集团,,上海市,,https://zhuanlan.zhihu.com/p/276343574
松江区民乐学校教育集团,,上海市,,https://zhuanlan.zhihu.com/p/276343574
松江区民乐学校教育集团,,上海市,,https://zhuanlan.zhihu.com/p/276343574
松江区民乐学校教育集团,,上海市,,https://zhuanlan.zhihu.com/p/276343574
松江区民乐学校教育集团,,上海市,,https://zhuanlan.zhihu.com/p/276343574
松江区民乐学校教育集团,,上海市,,https://zhuanlan.zhihu.com/p/276343574
松江区民乐学校教育集团,,上海市,,https://zhuanlan.zhihu.com/p/276343574
松江区第七中学教育集团,,上海市,,https://zhuanlan.zhihu.com/p/276343574
松江区第七中学教育集团,,上海市,,https://zhuanlan.zhihu.com/p/276343574
松江区第七中学教育集团,,上海市,,https://zhuanlan.zhihu.com/p/276343574
松江区第七中学教育集团,,上海市,,https://zhuanlan.zhihu.com/p/276343574
松江区第七中学教育集团,,上海市,,https://zhuanlan.zhihu.com/p/276343574
松江区第四中学教育集团,,上海市,,https://zhuanlan.zhihu.com/p/276343574
松江区第四中学教育集团,,上海市,,https://zhuanlan.zhihu.com/p/276343574
松江区第四中学教育集团,,上海市,,https://zhuanlan.zhihu.com/p/276343574
松江区第四中学教育集团,,上海市,,https://zhuanlan.zhihu.com/p/276343574
松江区第四中学教育集团,,上海市,,https://zhuanlan.zhihu.com/p/276343574
松江区第四中学教育集团,,上海市,,https://zhuanlan.zhihu.com/p/276343574
三新学校教育集团,,上海市,,https://zhuanlan.zhihu.com/p/276343574
三新学校教育集团,,上海市,,https://zhuanlan.zhihu.com/p/276343574
三新学校教育集团,,上海市,,https://zhuanlan.zhihu.com/p/276343574
三新学校教育集团,,上海市,,https://zhuanlan.zhihu.com/p/276343574
三新学校教育集团,,上海市,,https://zhuanlan.zhihu.com/p/276343574
三新学校教育集团,,上海市,,https://zhuanlan.zhihu.com/p/276343574
奉贤区实验中学集团,,上海市,,https://zhuanlan.zhihu.com/p/276343574
奉贤区实验中学集团,,上海市,,https://zhuanlan.zhihu.com/p/276343574
奉贤区实验中学集团,,上海市,,https://zhuanlan.zhihu.com/p/276343574
奉贤区实验中学集团,,上海市,,https://zhuanlan.zhihu.com/p/276343574
奉贤区实验中学集团,,上海市,,https://zhuanlan.zhihu.com/p/276343574
奉贤区实验中学集团,,上海市,,https://zhuanlan.zhihu.com/p/276343574
奉贤区汇贤中学集团,,上海市,,https://zhuanlan.zhihu.com/p/276343574
奉贤区汇贤中学集团,,上海市,,https://zhuanlan.zhihu.com/p/276343574
奉贤区汇贤中学集团,,上海市,,https://zhuanlan.zhihu.com/p/276343574
奉贤区汇贤中学集团,,上海市,,https://zhuanlan.zhihu.com/p/276343574
奉贤区汇贤中学集团,,上海市,,https://zhuanlan.zhihu.com/p/276343574
奉贤区汇贤中学集团,,上海市,,https://zhuanlan.zhihu.com/p/276343574
奉贤区汇贤中学集团,,上海市,,https://zhuanlan.zhihu.com/p/276343574
奉贤区育秀实验学校集团,,上海市,,https://zhuanlan.zhihu.com/p/276343574
奉贤区育秀实验学校集团,,上海市,,https://zhuanlan.zhihu.com/p/276343574
奉贤区育秀实验学校集团,,上海市,,https://zhuanlan.zhihu.com/p/276343574
奉贤区育秀实验学校集团,,上海市,,https://zhuanlan.zhihu.com/p/276343574
奉贤区育秀实验学校集团,,上海市,,https://zhuanlan.zhihu.com/p/276343574
奉贤区育秀实验学校集团,,上海市,,https://zhuanlan.zhihu.com/p/276343574
奉贤区青溪中学集团,,上海市,,https://zhuanlan.zhihu.com/p/276343574
奉贤区青溪中学集团,,上海市,,https://zhuanlan.zhihu.com/p/276343574
奉贤区青溪中学集团,,上海市,,https://zhuanlan.zhihu.com/p/276343574
奉贤区青溪中学集团,,上海市,,https://zhuanlan.zhihu.com/p/276343574
奉贤区弘文学校集团,,上海市,,https://zhuanlan.zhihu.com/p/276343574
奉贤区弘文学校集团,,上海市,,https://zhuanlan.zhihu.com/p/276343574
奉贤区弘文学校集团,,上海市,,https://zhuanlan.zhihu.com/p/276343574
奉贤区弘文学校集团,,上海市,,https://zhuanlan.zhihu.com/p/276343574
奉贤区弘文学校集团,,上海市,,https://zhuanlan.zhihu.com/p/276343574
奉贤中学集团,,上海市,,https://zhuanlan.zhihu.com/p/276343574
奉贤中学集团,,上海市,,https://zhuanlan.zhihu.com/p/276343574
奉贤中学集团,,上海市,,https://zhuanlan.zhihu.com/p/276343574
蒙山教育集团,,上海市,,https://zhuanlan.zhihu.com/p/276343574
蒙山教育集团,,上海市,,https://zhuanlan.zhihu.com/p/276343574
蒙山教育集团,,上海市,,https://zhuanlan.zhihu.com/p/276343574
蒙山教育集团,,上海市,,https://zhuanlan.zhihu.com/p/276343574
金中教育集团,,上海市,,https://zhuanlan.zhihu.com/p/276343574
金中教育集团,,上海市,,https://zhuanlan.zhihu.com/p/276343574
罗星教育集团,,上海市,,https://zhuanlan.zhihu.com/p/276343574
罗星教育集团,,上海市,,https://zhuanlan.zhihu.com/p/276343574
罗星教育集团,,上海市,,https://zhuanlan.zhihu.com/p/276343574
罗星教育集团,,上海市,,https://zhuanlan.zhihu.com/p/276343574
枫泾中学教育集团,,上海市,,https://zhuanlan.zhihu.com/p/276343574
枫泾中学教育集团,,上海市,,https://zhuanlan.zhihu.com/p/276343574
天津外国语大学教育集团,,天津市,官网,http://tfsueg.tjfsu.edu.cn/jtjs.htm
天津外国语大学教育集团,,天津市,官网,http://tfsueg.tjfsu.edu.cn/jtjs.htm
天津外国语大学教育集团,,天津市,官网,http://tfsueg.tjfsu.edu.cn/jtjs.htm
天津外国语大学教育集团,,天津市,官网,http://tfsueg.tjfsu.edu.cn/jtjs.htm
天津外国语大学教育集团,,天津市,官网,http://tfsueg.tjfsu.edu.cn/jtjs.htm
天津外国语大学教育集团,,天津市,官网,http://tfsueg.tjfsu.edu.cn/jtjs.htm
天津外国语大学教育集团,,天津市,官网,http://tfsueg.tjfsu.edu.cn/jtjs.htm
天津外国语大学教育集团,,天津市,官网,http://tfsueg.tjfsu.edu.cn/jtjs.htm
天津外国语大学教育集团,,天津市,官网,http://tfsueg.tjfsu.edu.cn/jtjs.htm
天津外国语大学教育集团,,天津市,官网,http://tfsueg.tjfsu.edu.cn/jtjs.htm
天津南开学校教育集团,,天津市,,https://mp.weixin.qq.com/s?__biz=MzI1NDUxNTY5MA==&mid=2247522945&idx=1&sn=0d6458b181d74506c05dc99461ecb8d6&chksm=e9c6da04deb1531211421ee4ab54b01552c293e68e0bc0e4a21a5645b2172fe109e28ab979a1&scene=27
天津南开学校教育集团,,天津市,,https://mp.weixin.qq.com/s?__biz=MzI1NDUxNTY5MA==&mid=2247522945&idx=1&sn=0d6458b181d74506c05dc99461ecb8d6&chksm=e9c6da04deb1531211421ee4ab54b01552c293e68e0bc0e4a21a5645b2172fe109e28ab979a1&scene=28
天津南开学校教育集团,,天津市,,https://mp.weixin.qq.com/s?__biz=MzI1NDUxNTY5MA==&mid=2247522945&idx=1&sn=0d6458b181d74506c05dc99461ecb8d6&chksm=e9c6da04deb1531211421ee4ab54b01552c293e68e0bc0e4a21a5645b2172fe109e28ab979a1&scene=29
天津南开学校教育集团,,天津市,,https://mp.weixin.qq.com/s?__biz=MzI1NDUxNTY5MA==&mid=2247522945&idx=1&sn=0d6458b181d74506c05dc99461ecb8d6&chksm=e9c6da04deb1531211421ee4ab54b01552c293e68e0bc0e4a21a5645b2172fe109e28ab979a1&scene=30
天津南开学校教育集团,,天津市,,https://mp.weixin.qq.com/s?__biz=MzI1NDUxNTY5MA==&mid=2247522945&idx=1&sn=0d6458b181d74506c05dc99461ecb8d6&chksm=e9c6da04deb1531211421ee4ab54b01552c293e68e0bc0e4a21a5645b2172fe109e28ab979a1&scene=31
和平岳阳教育集团,,天津市,百家号：凤凰网房产,https://baijiahao.baidu.com/s?id=1718002390895796143&wfr=spider&for=pc
和平万全教育集团,,天津市,百家号：凤凰网房产,https://baijiahao.baidu.com/s?id=1718002390895796143&wfr=spider&for=pc
和平昆明教育集团,,天津市,百家号：凤凰网房产,https://baijiahao.baidu.com/s?id=1718002390895796143&wfr=spider&for=pc
上海道小学教育集团,,天津市,百家号：凤凰网房产,https://baijiahao.baidu.com/s?id=1718002390895796143&wfr=spider&for=pc
河东实验教育集团,,天津市,百家号：凤凰网房产,https://baijiahao.baidu.com/s?id=1718002390895796143&wfr=spider&for=pc
七中教育集团,,天津市,百家号：凤凰网房产,https://baijiahao.baidu.com/s?id=1718002390895796143&wfr=spider&for=pc
育婴里小学教育集团,,天津市,百家号：凤凰网房产,https://baijiahao.baidu.com/s?id=1718002390895796143&wfr=spider&for=pc
红桥区实验小学教育集团,,天津市,百家号：凤凰网房产,https://baijiahao.baidu.com/s?id=1718002390895796143&wfr=spider&for=pc
天津师范学校附属小学教育集团,,天津市,百家号：凤凰网房产,https://baijiahao.baidu.com/s?id=1718002390895796143&wfr=spider&for=pc
文昌教育集团,,天津市,百家号：凤凰网房产,https://baijiahao.baidu.com/s?id=1718002390895796143&wfr=spider&for=pc
天津市第三中学教育集团,,天津市,百家号：凤凰网房产,https://baijiahao.baidu.com/s?id=1718002390895796143&wfr=spider&for=pc
天津市第五中学教育集团,,天津市,百家号：凤凰网房产,https://baijiahao.baidu.com/s?id=1718002390895796143&wfr=spider&for=pc
天津市民族中学教育集团,,天津市,百家号：凤凰网房产,https://baijiahao.baidu.com/s?id=1718002390895796143&wfr=spider&for=pc
